{
    "seed": 1,
    "scores": [
        176.9960177578696,
        240.7588329200469,
        176.9960177578696,
        176.9960177578696,
        221.92891416959176,
        176.9960177578696,
        176.9960177578696,
        240.75883292004693,
        176.9960177578696,
        176.9960177578696,
        221.92891416959176,
        240.75883292004693,
        221.92891416959176,
        221.92891416959176,
        176.9960177578696,
        95.1229424500714,
        176.9960177578696,
        240.75883292004693,
        176.9960177578696,
        240.75883292004693,
        176.9960177578696,
        240.75883292004693,
        240.75883292004693,
        240.75883292004693,
        176.9960177578696,
        240.7588329200469,
        240.7588329200469,
        221.92891416959176,
        240.75883292004693,
        240.75883292004693,
        240.75883292004693,
        240.75883292004693,
        205.6464974438886,
        240.75883292004693,
        240.75883292004693,
        221.92891416959176,
        176.9960177578696,
        176.9960177578696,
        140.05583886179357,
        158.88575761224874,
        110.52355499381719,
        140.05583886179357,
        176.9960177578696,
        95.1229424500714,
        95.1229424500714
    ],
    "index": 1,
    "threshold": 2,
    "weight2": 0,
    "weight1": 1,
    "heterogeneity": 0.7,
    "lambda": 50,
    "times": [
        32.308041,
        8.81921,
        6.477982,
        7.352277,
        7.098814,
        6.293247,
        5.536382,
        11.046014,
        6.836023,
        5.384529,
        6.697172,
        6.231091,
        6.036307,
        6.684028,
        5.485116,
        4.996864,
        4.720436,
        5.6854,
        5.327612,
        5.076863,
        5.082824,
        5.322382,
        5.276175,
        5.438128,
        4.601644,
        4.736657,
        5.775069,
        5.119342,
        5.217506,
        5.885595,
        5.187951,
        4.666245,
        4.543606,
        5.249105,
        8.317923,
        5.174275,
        4.175909,
        4.609479,
        4.466411,
        4.617204,
        4.697223,
        4.883731,
        4.562351,
        4.468546,
        4.421648
    ],
    "capacityMultiplier": 0.5,
    "strictness": 1.9,
    "runTime": 280,
    "beta": 40
}