{
    "seed": 1,
    "scores": [
        221.92891416959176,
        285.69172933176907,
        221.92891416959174,
        314.3422090177881,
        257.28872174220555,
        240.75883292004693,
        240.75883292004693,
        240.75883292004693,
        240.75883292004693,
        176.9960177578696,
        250.57939385561076,
        285.6917293317691,
        250.5793938556108,
        269.40931260606595,
        285.69172933176907,
        240.75883292004693,
        269.4093126060659,
        240.75883292004693,
        285.6917293317691,
        240.75883292004693,
        269.4093126060659,
        240.75883292004693,
        240.75883292004693,
        240.75883292004693,
        285.69172933176907,
        221.92891416959176,
        240.7588329200469,
        240.75883292004693,
        269.4093126060659,
        285.6917293317691,
        158.88575761224874,
        240.75883292004693,
        205.6464974438886,
        240.75883292004693,
        176.9960177578696,
        126.80597171952034,
        176.9960177578696,
        110.52355499381719,
        140.05583886179357,
        140.05583886179357,
        92.41329484819634,
        126.80597171952034,
        95.1229424500714,
        63.76281516217733,
        95.1229424500714
    ],
    "index": 1,
    "threshold": 2,
    "weight2": 0,
    "weight1": 1,
    "heterogeneity": 0.7,
    "lambda": 50,
    "times": [
        33.049149,
        10.214116,
        7.676931,
        8.043582,
        7.219337,
        7.208307,
        10.274701,
        7.382615,
        7.151549,
        5.705011,
        6.813372,
        7.644469,
        7.483475,
        6.40973,
        6.012,
        5.687287,
        5.632173,
        5.627855,
        5.498211,
        4.916283,
        5.116511,
        5.366963,
        5.270341,
        4.825642,
        5.660648,
        4.929408,
        5.017284,
        4.924048,
        5.519792,
        5.358498,
        4.500228,
        7.345705,
        4.319748,
        5.144103,
        4.328836,
        4.551966,
        4.199761,
        4.523642,
        4.378649,
        4.567165,
        4.415238,
        4.55935,
        4.196846,
        3.951684,
        4.233385
    ],
    "capacityMultiplier": 0.5,
    "strictness": 0,
    "runTime": 286,
    "beta": 40
}