{
    "seed": 1,
    "scores": [
        176.9960177578696,
        240.7588329200469,
        176.9960177578696,
        176.9960177578696,
        221.92891416959176,
        176.9960177578696,
        176.9960177578696,
        240.75883292004693,
        176.9960177578696,
        176.9960177578696,
        221.92891416959176,
        240.75883292004693,
        221.92891416959176,
        221.92891416959176,
        285.69172933176907,
        95.1229424500714,
        240.75883292004693,
        240.75883292004693,
        176.9960177578696,
        240.75883292004693,
        176.9960177578696,
        240.75883292004693,
        285.69172933176907,
        240.75883292004693,
        240.75883292004693,
        176.9960177578696,
        221.92891416959176,
        221.92891416959176,
        240.75883292004693,
        285.6917293317691,
        240.75883292004693,
        240.75883292004693,
        176.9960177578696,
        240.75883292004693,
        240.75883292004693,
        221.92891416959176,
        176.9960177578696,
        176.9960177578696,
        140.05583886179357,
        158.88575761224874,
        145.6358904699755,
        176.9960177578696,
        176.9960177578696,
        95.1229424500714,
        95.1229424500714
    ],
    "index": 1,
    "threshold": 2,
    "weight2": 0,
    "weight1": 1,
    "heterogeneity": 0.7,
    "lambda": 50,
    "times": [
        32.66513,
        8.744869,
        6.480698,
        7.119071,
        7.062525,
        6.498231,
        5.546994,
        11.15422,
        6.705138,
        5.546243,
        6.518268,
        6.374069,
        6.041708,
        6.253784,
        6.573902,
        5.01536,
        5.786351,
        5.575427,
        5.260639,
        5.0363,
        5.145243,
        5.33627,
        5.445855,
        5.351479,
        4.738143,
        4.543468,
        5.561631,
        5.237686,
        5.341309,
        5.915222,
        5.216356,
        4.72067,
        4.513412,
        5.294322,
        9.83197,
        5.298059,
        4.252535,
        4.567603,
        4.478407,
        4.582753,
        4.440647,
        4.519013,
        4.307438,
        4.525034,
        4.466676
    ],
    "capacityMultiplier": 0.5,
    "strictness": 1.8,
    "runTime": 283,
    "beta": 40
}