{
    "seed": 1,
    "scores": [
        221.92891416959176,
        285.69172933176907,
        221.92891416959174,
        314.3422090177881,
        257.28872174220555,
        240.75883292004693,
        240.75883292004693,
        240.75883292004693,
        240.75883292004693,
        176.9960177578696,
        250.57939385561076,
        240.75883292004693,
        221.92891416959176,
        269.40931260606595,
        285.69172933176907,
        240.75883292004693,
        240.75883292004693,
        240.75883292004693,
        285.6917293317691,
        176.9960177578696,
        240.75883292004693,
        240.75883292004693,
        285.69172933176907,
        285.6917293317691,
        240.75883292004693,
        240.7588329200469,
        240.7588329200469,
        238.4588029917504,
        240.75883292004693,
        285.6917293317691,
        240.7588329200469,
        240.75883292004693,
        205.6464974438886,
        240.75883292004693,
        240.7588329200469,
        176.9960177578696,
        221.92891416959176,
        176.9960177578696,
        140.05583886179357,
        140.05583886179357,
        92.41329484819634,
        126.80597171952034,
        95.1229424500714,
        63.76281516217733,
        95.1229424500714
    ],
    "index": 1,
    "threshold": 2,
    "weight2": 0,
    "weight1": 1,
    "heterogeneity": 0.7,
    "lambda": 50,
    "times": [
        33.339077,
        9.973338,
        7.330767,
        8.093734,
        7.342278,
        7.352658,
        9.95825,
        7.383887,
        7.019976,
        5.600201,
        6.674701,
        6.175387,
        6.189653,
        7.005278,
        6.030637,
        5.731637,
        5.810896,
        5.624908,
        5.42825,
        4.715758,
        5.510584,
        5.303135,
        5.468384,
        6.4602,
        4.851892,
        4.807179,
        5.697964,
        5.445322,
        5.306663,
        6.617473,
        4.847253,
        7.521614,
        4.330697,
        4.804914,
        4.795827,
        4.649894,
        4.475068,
        4.432237,
        4.401931,
        4.587709,
        4.479706,
        4.583961,
        4.248664,
        3.983007,
        4.420826
    ],
    "capacityMultiplier": 0.5,
    "strictness": 0.5,
    "runTime": 288,
    "beta": 40
}