{
    "seed": 1,
    "scores": [
        176.9960177578696,
        240.7588329200469,
        176.9960177578696,
        158.88575761224874,
        221.92891416959176,
        176.9960177578696,
        176.9960177578696,
        240.75883292004693,
        176.9960177578696,
        176.9960177578696,
        221.92891416959176,
        240.75883292004693,
        221.92891416959176,
        221.92891416959176,
        176.9960177578696,
        95.1229424500714,
        176.9960177578696,
        240.75883292004693,
        176.9960177578696,
        240.75883292004693,
        176.9960177578696,
        240.75883292004693,
        240.75883292004693,
        240.75883292004693,
        176.9960177578696,
        176.9960177578696,
        240.7588329200469,
        221.92891416959176,
        240.75883292004693,
        240.75883292004693,
        240.75883292004693,
        240.75883292004693,
        176.9960177578696,
        240.75883292004693,
        240.75883292004693,
        176.9960177578696,
        140.05583886179357,
        176.9960177578696,
        140.05583886179357,
        158.88575761224874,
        110.52355499381719,
        176.9960177578696,
        176.9960177578696,
        95.1229424500714,
        95.1229424500714
    ],
    "index": 1,
    "threshold": 2,
    "weight2": 0,
    "weight1": 1,
    "heterogeneity": 0.7,
    "lambda": 50,
    "times": [
        31.807737,
        8.709254,
        6.436103,
        7.060373,
        6.899692,
        6.286643,
        5.554571,
        11.286284,
        6.947722,
        5.386085,
        6.528246,
        6.334954,
        6.211863,
        6.570265,
        5.44736,
        5.062087,
        4.719105,
        5.530616,
        5.315703,
        5.024418,
        5.011203,
        5.273054,
        5.296177,
        5.212139,
        4.344843,
        4.44984,
        5.611197,
        5.327666,
        5.230023,
        5.839665,
        5.169499,
        4.622835,
        4.419143,
        5.21788,
        7.769904,
        4.831065,
        4.269452,
        4.579162,
        4.462865,
        4.556871,
        4.669121,
        4.490196,
        4.249495,
        4.418011,
        4.206133
    ],
    "capacityMultiplier": 0.5,
    "strictness": 2.1,
    "runTime": 276,
    "beta": 40
}