{
    "seed": 1,
    "scores": [
        176.9960177578696,
        240.7588329200469,
        176.9960177578696,
        158.88575761224874,
        221.92891416959176,
        176.9960177578696,
        176.9960177578696,
        221.92891416959174,
        176.9960177578696,
        176.9960177578696,
        221.92891416959176,
        240.75883292004693,
        221.92891416959176,
        221.92891416959174,
        176.9960177578696,
        95.1229424500714,
        176.9960177578696,
        240.75883292004693,
        176.9960177578696,
        176.9960177578696,
        176.9960177578696,
        240.75883292004693,
        240.75883292004693,
        176.9960177578696,
        176.9960177578696,
        176.9960177578696,
        221.92891416959176,
        221.92891416959176,
        240.75883292004693,
        240.75883292004693,
        240.75883292004693,
        240.75883292004693,
        176.9960177578696,
        240.75883292004693,
        240.75883292004693,
        176.9960177578696,
        95.1229424500714,
        176.9960177578696,
        221.92891416959176,
        158.88575761224874,
        145.6358904699755,
        95.1229424500714,
        95.1229424500714,
        95.1229424500714,
        95.1229424500714
    ],
    "index": 1,
    "threshold": 2,
    "weight2": 0,
    "weight1": 1,
    "heterogeneity": 0.7,
    "lambda": 50,
    "times": [
        31.969328,
        8.520642,
        6.388145,
        6.964212,
        6.91475,
        6.017673,
        5.436396,
        6.657048,
        5.867642,
        9.297095,
        6.53,
        6.323053,
        6.041446,
        5.892578,
        5.424924,
        5.33724,
        5.233205,
        5.496387,
        5.213718,
        4.522296,
        4.697604,
        5.275654,
        5.248143,
        4.82349,
        4.368278,
        4.425225,
        5.461102,
        5.335818,
        5.234558,
        5.833959,
        5.165499,
        4.606924,
        4.413964,
        5.210573,
        5.223497,
        4.705689,
        7.191958,
        4.446214,
        4.756023,
        4.541772,
        4.42248,
        4.538005,
        4.210563,
        4.490146,
        4.210333
    ],
    "capacityMultiplier": 0.5,
    "strictness": 2.3,
    "runTime": 272,
    "beta": 40
}