{
    "seed": 1,
    "scores": [
        176.9960177578696,
        240.7588329200469,
        221.92891416959174,
        176.9960177578696,
        221.92891416959176,
        221.92891416959176,
        240.75883292004693,
        240.75883292004693,
        176.9960177578696,
        176.9960177578696,
        221.92891416959176,
        240.75883292004693,
        221.92891416959176,
        240.75883292004693,
        176.9960177578696,
        240.75883292004693,
        240.75883292004693,
        240.75883292004693,
        176.9960177578696,
        240.75883292004693,
        240.75883292004693,
        240.75883292004693,
        240.75883292004693,
        240.75883292004693,
        240.75883292004693,
        240.7588329200469,
        240.7588329200469,
        240.75883292004693,
        240.75883292004693,
        240.75883292004693,
        240.75883292004693,
        176.9960177578696,
        176.9960177578696,
        240.75883292004693,
        240.75883292004693,
        221.92891416959176,
        176.9960177578696,
        176.9960177578696,
        140.05583886179357,
        158.88575761224874,
        145.6358904699755,
        176.9960177578696,
        140.05583886179357,
        95.1229424500714,
        95.1229424500714
    ],
    "index": 1,
    "threshold": 2,
    "weight2": 0,
    "weight1": 1,
    "heterogeneity": 0.7,
    "lambda": 50,
    "times": [
        31.838672,
        9.548244,
        7.169131,
        7.282062,
        6.644468,
        6.557936,
        5.711712,
        11.465223,
        6.504587,
        5.337001,
        6.696987,
        6.811331,
        5.965016,
        6.025139,
        5.556472,
        5.334086,
        5.755915,
        5.444902,
        5.25636,
        4.783866,
        5.793505,
        5.760844,
        5.469399,
        5.309028,
        4.953153,
        4.843247,
        5.681555,
        5.818572,
        5.366556,
        6.069773,
        5.853618,
        4.69577,
        4.499202,
        7.989696,
        5.557394,
        5.393968,
        4.39093,
        4.505184,
        4.439801,
        4.465881,
        4.423401,
        4.43394,
        4.584251,
        4.390409,
        4.235198
    ],
    "capacityMultiplier": 0.5,
    "strictness": 1.5,
    "runTime": 284,
    "beta": 40
}