{
    "seed": 1,
    "scores": [
        221.92891416959176,
        285.69172933176907,
        221.92891416959174,
        314.3422090177881,
        285.69172933176907,
        240.75883292004693,
        240.75883292004693,
        240.75883292004693,
        240.75883292004693,
        240.7588329200469,
        250.57939385561076,
        269.4093126060659,
        240.7588329200469,
        269.40931260606595,
        285.69172933176907,
        221.92891416959176,
        240.75883292004693,
        240.75883292004693,
        176.9960177578696,
        285.69172933176907,
        240.75883292004693,
        240.75883292004693,
        285.69172933176907,
        285.6917293317691,
        240.75883292004693,
        285.69172933176907,
        257.28872174220555,
        240.75883292004693,
        285.69172933176907,
        240.75883292004693,
        240.75883292004693,
        240.75883292004693,
        176.9960177578696,
        240.75883292004693,
        240.7588329200469,
        110.52355499381719,
        140.05583886179357,
        110.52355499381719,
        221.92891416959176,
        140.05583886179357,
        92.41329484819634,
        126.80597171952034,
        95.1229424500714,
        63.76281516217733,
        95.1229424500714
    ],
    "index": 1,
    "threshold": 2,
    "weight2": 0,
    "weight1": 1,
    "heterogeneity": 0.7,
    "lambda": 50,
    "times": [
        33.690813,
        10.089886,
        7.336788,
        8.020857,
        7.751964,
        7.492779,
        5.707141,
        12.891945,
        7.004287,
        6.03316,
        6.648211,
        7.119201,
        6.099474,
        7.094324,
        6.806125,
        6.967067,
        6.26289,
        6.354401,
        5.465679,
        5.606993,
        6.220381,
        5.967007,
        6.289589,
        7.125423,
        5.461923,
        6.40738,
        6.242632,
        6.19906,
        6.143617,
        5.876688,
        5.12367,
        4.518138,
        4.234808,
        4.79248,
        4.779176,
        4.664551,
        8.452804,
        4.581997,
        4.763507,
        4.594641,
        4.450772,
        4.591104,
        4.242101,
        3.98471,
        4.402933
    ],
    "capacityMultiplier": 0.5,
    "strictness": 0.6,
    "runTime": 304,
    "beta": 40
}