{
    "seed": 1,
    "scores": [
        176.9960177578696,
        176.9960177578696,
        176.9960177578696,
        95.1229424500714,
        221.92891416959176,
        176.9960177578696,
        176.9960177578696,
        221.92891416959174,
        176.9960177578696,
        176.9960177578696,
        221.92891416959176,
        240.75883292004693,
        221.92891416959176,
        221.92891416959176,
        176.9960177578696,
        95.1229424500714,
        176.9960177578696,
        240.75883292004693,
        176.9960177578696,
        240.75883292004693,
        176.9960177578696,
        240.75883292004693,
        240.75883292004693,
        176.9960177578696,
        176.9960177578696,
        176.9960177578696,
        240.7588329200469,
        176.9960177578696,
        240.75883292004693,
        240.75883292004693,
        240.75883292004693,
        240.75883292004693,
        205.6464974438886,
        240.75883292004693,
        240.75883292004693,
        176.9960177578696,
        176.9960177578696,
        176.9960177578696,
        176.9960177578696,
        158.88575761224874,
        145.6358904699755,
        158.88575761224874,
        95.1229424500714,
        95.1229424500714,
        95.1229424500714
    ],
    "index": 1,
    "threshold": 2,
    "weight2": 0,
    "weight1": 1,
    "heterogeneity": 0.7,
    "lambda": 50,
    "times": [
        32.050301,
        8.453147,
        6.582174,
        7.262538,
        6.965722,
        6.332968,
        5.732012,
        11.751663,
        6.4999,
        5.465663,
        6.801875,
        6.498939,
        6.274719,
        6.571284,
        5.503435,
        5.466205,
        5.564498,
        6.407357,
        5.626024,
        5.006174,
        4.919632,
        5.519544,
        5.445015,
        4.868446,
        4.527487,
        4.698508,
        5.93891,
        4.841656,
        5.449283,
        5.798016,
        5.359154,
        4.850211,
        4.746327,
        5.396404,
        5.443282,
        5.087055,
        4.355385,
        9.039636,
        4.371946,
        4.62499,
        4.702304,
        4.972861,
        4.60376,
        4.75318,
        4.543567
    ],
    "capacityMultiplier": 0.5,
    "strictness": 2.6,
    "runTime": 285,
    "beta": 40
}