{
    "seed": 1,
    "scores": [
        221.92891416959176,
        285.69172933176907,
        221.92891416959174,
        314.3422090177881,
        285.69172933176907,
        240.75883292004693,
        240.75883292004693,
        240.75883292004693,
        221.92891416959176,
        240.7588329200469,
        221.92891416959176,
        240.75883292004693,
        240.7588329200469,
        240.75883292004693,
        285.69172933176907,
        240.75883292004693,
        240.75883292004693,
        240.75883292004693,
        240.7588329200469,
        240.75883292004693,
        240.75883292004693,
        240.75883292004693,
        285.69172933176907,
        221.92891416959176,
        176.9960177578696,
        240.7588329200469,
        240.7588329200469,
        221.92891416959176,
        269.4093126060659,
        285.6917293317691,
        240.75883292004693,
        240.75883292004693,
        240.75883292004693,
        240.75883292004693,
        240.7588329200469,
        176.9960177578696,
        176.9960177578696,
        176.9960177578696,
        176.9960177578696,
        158.88575761224874,
        145.6358904699755,
        126.80597171952034,
        140.05583886179357,
        63.76281516217733,
        95.1229424500714
    ],
    "index": 1,
    "threshold": 2,
    "weight2": 0,
    "weight1": 1,
    "heterogeneity": 0.7,
    "lambda": 50,
    "times": [
        33.134896,
        9.921922,
        7.306882,
        8.111156,
        7.649553,
        6.414254,
        10.736124,
        7.366784,
        6.332701,
        6.008424,
        6.521043,
        6.772233,
        5.934056,
        6.126345,
        6.930198,
        6.157604,
        6.106989,
        6.435083,
        5.71683,
        5.28417,
        6.291183,
        5.997494,
        5.94144,
        5.459228,
        4.257471,
        4.754821,
        5.661616,
        5.035886,
        5.146814,
        6.606844,
        5.278941,
        4.570696,
        4.450372,
        5.132287,
        4.739402,
        4.911975,
        7.996081,
        4.386191,
        4.155651,
        4.459078,
        4.332501,
        4.551881,
        4.302334,
        3.923126,
        4.169857
    ],
    "capacityMultiplier": 0.5,
    "strictness": 0.9,
    "runTime": 291,
    "beta": 40
}