{
    "seed": 1,
    "scores": [
        176.9960177578696,
        240.7588329200469,
        176.9960177578696,
        176.9960177578696,
        221.92891416959176,
        176.9960177578696,
        176.9960177578696,
        240.75883292004693,
        176.9960177578696,
        176.9960177578696,
        221.92891416959176,
        240.75883292004693,
        221.92891416959176,
        221.92891416959176,
        285.69172933176907,
        176.9960177578696,
        240.75883292004693,
        240.75883292004693,
        176.9960177578696,
        176.9960177578696,
        176.9960177578696,
        240.75883292004693,
        285.69172933176907,
        240.75883292004693,
        240.75883292004693,
        240.7588329200469,
        221.92891416959176,
        221.92891416959176,
        240.75883292004693,
        285.6917293317691,
        240.75883292004693,
        240.75883292004693,
        205.6464974438886,
        240.75883292004693,
        240.75883292004693,
        221.92891416959176,
        221.92891416959176,
        176.9960177578696,
        176.9960177578696,
        158.88575761224874,
        145.6358904699755,
        176.9960177578696,
        140.05583886179357,
        95.1229424500714,
        95.1229424500714
    ],
    "index": 1,
    "threshold": 2,
    "weight2": 0,
    "weight1": 1,
    "heterogeneity": 0.7,
    "lambda": 50,
    "times": [
        31.91574,
        9.360539,
        6.389678,
        7.076331,
        6.67434,
        6.218087,
        5.550601,
        11.755674,
        6.608437,
        5.552885,
        6.542574,
        6.300291,
        6.02103,
        6.167814,
        6.653481,
        5.016663,
        5.713464,
        5.494365,
        5.214382,
        4.61397,
        5.136747,
        5.552714,
        5.726428,
        5.277791,
        4.718766,
        4.834993,
        5.644776,
        5.36271,
        5.337983,
        5.902548,
        5.20781,
        4.712103,
        4.733233,
        9.063764,
        5.405099,
        5.225183,
        4.701194,
        4.541775,
        4.260109,
        4.610414,
        4.497422,
        4.547075,
        4.606266,
        4.512882,
        4.314271
    ],
    "capacityMultiplier": 0.5,
    "strictness": 1.7,
    "runTime": 283,
    "beta": 40
}