{
    "seed": 1,
    "scores": [
        176.9960177578696,
        240.7588329200469,
        176.9960177578696,
        176.9960177578696,
        221.92891416959176,
        176.9960177578696,
        176.9960177578696,
        221.92891416959174,
        176.9960177578696,
        176.9960177578696,
        221.92891416959176,
        240.75883292004693,
        221.92891416959176,
        221.92891416959176,
        176.9960177578696,
        95.1229424500714,
        176.9960177578696,
        240.75883292004693,
        176.9960177578696,
        240.75883292004693,
        176.9960177578696,
        240.75883292004693,
        240.75883292004693,
        176.9960177578696,
        176.9960177578696,
        176.9960177578696,
        240.7588329200469,
        221.92891416959176,
        240.75883292004693,
        240.75883292004693,
        240.75883292004693,
        240.75883292004693,
        205.6464974438886,
        240.75883292004693,
        240.75883292004693,
        176.9960177578696,
        221.92891416959176,
        176.9960177578696,
        176.9960177578696,
        158.88575761224874,
        110.52355499381719,
        140.05583886179357,
        176.9960177578696,
        95.1229424500714,
        95.1229424500714
    ],
    "index": 1,
    "threshold": 2,
    "weight2": 0,
    "weight1": 1,
    "heterogeneity": 0.7,
    "lambda": 50,
    "times": [
        32.024684,
        8.707542,
        6.493432,
        7.114691,
        6.972065,
        6.06373,
        5.46313,
        11.137033,
        6.627622,
        5.42557,
        6.558063,
        6.338834,
        6.168376,
        6.560457,
        5.470974,
        5.110192,
        4.725374,
        5.571672,
        5.299204,
        5.012439,
        5.022619,
        5.280409,
        5.306207,
        4.772372,
        4.396631,
        4.429632,
        5.616717,
        5.076649,
        5.164122,
        5.869869,
        5.177718,
        4.617403,
        4.483433,
        5.193027,
        8.34185,
        4.839337,
        4.606753,
        4.571798,
        4.216184,
        4.560878,
        4.673978,
        4.90012,
        4.432147,
        4.452225,
        4.273341
    ],
    "capacityMultiplier": 0.5,
    "strictness": 2.2,
    "runTime": 277,
    "beta": 40
}