{
    "seed": 1,
    "scores": [
        221.92891416959176,
        240.7588329200469,
        221.92891416959174,
        285.69172933176907,
        240.75883292004693,
        176.9960177578696,
        240.75883292004693,
        240.75883292004693,
        221.92891416959176,
        240.7588329200469,
        221.92891416959176,
        240.75883292004693,
        240.7588329200469,
        240.75883292004693,
        221.92891416959174,
        221.92891416959176,
        240.75883292004693,
        240.75883292004693,
        176.9960177578696,
        240.75883292004693,
        240.75883292004693,
        240.75883292004693,
        285.69172933176907,
        240.75883292004693,
        240.75883292004693,
        221.92891416959176,
        240.7588329200469,
        240.75883292004693,
        240.75883292004693,
        285.6917293317691,
        240.75883292004693,
        240.75883292004693,
        176.9960177578696,
        240.75883292004693,
        240.7588329200469,
        176.9960177578696,
        95.1229424500714,
        176.9960177578696,
        221.92891416959176,
        158.88575761224874,
        92.41329484819634,
        126.80597171952034,
        95.1229424500714,
        63.76281516217733,
        95.1229424500714
    ],
    "index": 1,
    "threshold": 2,
    "weight2": 0,
    "weight1": 1,
    "heterogeneity": 0.7,
    "lambda": 50,
    "times": [
        32.077088,
        9.052178,
        7.125391,
        8.695853,
        6.484505,
        5.851382,
        5.762016,
        13.506012,
        6.645145,
        5.722913,
        6.376433,
        6.986041,
        5.749372,
        5.817059,
        5.681585,
        6.365392,
        6.097602,
        6.39615,
        5.765603,
        5.441888,
        6.207026,
        6.070471,
        6.024786,
        5.990762,
        5.413225,
        5.772055,
        6.226733,
        6.376243,
        5.899232,
        7.529896,
        5.993669,
        4.702849,
        4.29071,
        5.294774,
        4.827341,
        4.932438,
        7.554162,
        4.462279,
        4.835476,
        4.534845,
        4.444797,
        4.602501,
        4.237039,
        3.983356,
        4.393492
    ],
    "capacityMultiplier": 0.5,
    "strictness": 1.1,
    "runTime": 296,
    "beta": 40
}