{
    "seed": 1,
    "scores": [
        221.92891416959176,
        240.7588329200469,
        221.92891416959174,
        176.9960177578696,
        240.75883292004693,
        176.9960177578696,
        240.75883292004693,
        240.75883292004693,
        221.92891416959176,
        176.9960177578696,
        221.92891416959176,
        240.75883292004693,
        221.92891416959176,
        240.75883292004693,
        240.75883292004693,
        240.75883292004693,
        285.69172933176907,
        240.75883292004693,
        176.9960177578696,
        240.75883292004693,
        240.75883292004693,
        240.75883292004693,
        240.75883292004693,
        240.75883292004693,
        240.75883292004693,
        240.7588329200469,
        240.7588329200469,
        221.92891416959176,
        240.75883292004693,
        240.75883292004693,
        240.75883292004693,
        240.75883292004693,
        240.75883292004693,
        240.75883292004693,
        240.75883292004693,
        176.9960177578696,
        140.05583886179357,
        176.9960177578696,
        140.05583886179357,
        158.88575761224874,
        145.6358904699755,
        126.80597171952034,
        140.05583886179357,
        63.76281516217733,
        95.1229424500714
    ],
    "index": 1,
    "threshold": 2,
    "weight2": 0,
    "weight1": 1,
    "heterogeneity": 0.7,
    "lambda": 50,
    "times": [
        32.295035,
        9.088965,
        7.523277,
        7.15048,
        6.717491,
        5.988808,
        5.761974,
        12.442215,
        6.869124,
        5.325928,
        6.505114,
        6.987445,
        5.85594,
        6.060051,
        6.260866,
        6.032059,
        6.060482,
        5.518749,
        5.16634,
        4.88294,
        5.332651,
        5.323043,
        5.245258,
        5.051526,
        4.673398,
        4.727609,
        5.552742,
        5.048109,
        5.154478,
        5.838366,
        5.166881,
        4.65806,
        4.671084,
        5.228687,
        22.673715,
        4.835571,
        4.225691,
        4.701531,
        4.408603,
        4.53534,
        4.395528,
        4.586286,
        4.474126,
        3.96248,
        4.246179
    ],
    "capacityMultiplier": 0.5,
    "strictness": 1.4,
    "runTime": 297,
    "beta": 40
}