{
    "seed": 1,
    "scores": [
        176.9960177578696,
        176.9960177578696,
        176.9960177578696,
        95.1229424500714,
        221.92891416959176,
        176.9960177578696,
        176.9960177578696,
        176.9960177578696,
        176.9960177578696,
        176.9960177578696,
        221.92891416959176,
        176.9960177578696,
        221.92891416959176,
        221.92891416959174,
        176.9960177578696,
        95.1229424500714,
        176.9960177578696,
        240.75883292004693,
        176.9960177578696,
        176.9960177578696,
        176.9960177578696,
        240.75883292004693,
        240.75883292004693,
        176.9960177578696,
        176.9960177578696,
        240.7588329200469,
        221.92891416959176,
        176.9960177578696,
        240.75883292004693,
        176.9960177578696,
        240.75883292004693,
        240.75883292004693,
        205.6464974438886,
        240.75883292004693,
        240.75883292004693,
        176.9960177578696,
        176.9960177578696,
        176.9960177578696,
        140.05583886179357,
        158.88575761224874,
        145.6358904699755,
        176.9960177578696,
        176.9960177578696,
        95.1229424500714,
        95.1229424500714
    ],
    "index": 1,
    "threshold": 2,
    "weight2": 0,
    "weight1": 1,
    "heterogeneity": 0.7,
    "lambda": 50,
    "times": [
        31.781997,
        8.388493,
        6.404271,
        6.960993,
        6.722437,
        6.309294,
        5.588595,
        6.248129,
        10.222193,
        5.483839,
        6.534245,
        5.986861,
        5.975519,
        5.9387,
        5.611047,
        5.370648,
        5.311397,
        6.247989,
        5.515318,
        5.14776,
        5.306909,
        6.169402,
        6.026534,
        4.852047,
        4.408377,
        4.764834,
        5.52692,
        4.647164,
        5.30244,
        5.118997,
        5.214204,
        4.67742,
        4.532148,
        5.240554,
        5.27592,
        5.0031,
        4.366108,
        4.686678,
        4.480372,
        4.593093,
        8.651625,
        4.637606,
        4.455986,
        4.501431,
        4.293923
    ],
    "capacityMultiplier": 0.5,
    "strictness": 2.9,
    "runTime": 278,
    "beta": 40
}