{
    "seed": 1,
    "scores": [
        221.92891416959176,
        285.69172933176907,
        221.92891416959174,
        314.3422090177881,
        285.69172933176907,
        240.75883292004693,
        240.75883292004693,
        240.75883292004693,
        240.75883292004693,
        240.7588329200469,
        250.57939385561076,
        269.4093126060659,
        240.7588329200469,
        240.75883292004693,
        285.69172933176907,
        221.92891416959176,
        240.75883292004693,
        240.75883292004693,
        176.9960177578696,
        285.69172933176907,
        240.75883292004693,
        240.75883292004693,
        285.69172933176907,
        285.6917293317691,
        240.75883292004693,
        285.69172933176907,
        240.7588329200469,
        240.75883292004693,
        240.75883292004693,
        240.75883292004693,
        158.88575761224874,
        240.75883292004693,
        205.6464974438886,
        240.75883292004693,
        240.75883292004693,
        176.9960177578696,
        221.92891416959176,
        176.9960177578696,
        176.9960177578696,
        158.88575761224874,
        92.41329484819634,
        126.80597171952034,
        95.1229424500714,
        63.76281516217733,
        95.1229424500714
    ],
    "index": 1,
    "threshold": 2,
    "weight2": 0,
    "weight1": 1,
    "heterogeneity": 0.7,
    "lambda": 50,
    "times": [
        33.964553,
        10.15075,
        7.170241,
        8.058123,
        7.694763,
        7.353654,
        12.684493,
        7.413336,
        6.715119,
        6.032291,
        6.745656,
        6.858959,
        6.243767,
        5.888832,
        6.732401,
        6.351779,
        6.21843,
        6.418985,
        5.601034,
        5.932003,
        6.310892,
        5.880838,
        6.079019,
        7.254509,
        5.440644,
        6.289442,
        6.354735,
        5.581297,
        6.075622,
        6.392786,
        4.657247,
        4.596643,
        4.370009,
        4.807909,
        5.175296,
        8.384554,
        4.588319,
        4.384928,
        4.31676,
        4.596393,
        4.424672,
        4.519309,
        4.300509,
        4.01224,
        4.191736
    ],
    "capacityMultiplier": 0.5,
    "strictness": 0.7,
    "runTime": 303,
    "beta": 40
}