{
    "seed": 1,
    "scores": [
        176.9960177578696,
        176.9960177578696,
        176.9960177578696,
        95.1229424500714,
        221.92891416959176,
        176.9960177578696,
        176.9960177578696,
        176.9960177578696,
        176.9960177578696,
        176.9960177578696,
        221.92891416959176,
        240.75883292004693,
        221.92891416959176,
        221.92891416959174,
        176.9960177578696,
        95.1229424500714,
        176.9960177578696,
        240.75883292004693,
        176.9960177578696,
        176.9960177578696,
        176.9960177578696,
        240.75883292004693,
        240.75883292004693,
        176.9960177578696,
        176.9960177578696,
        176.9960177578696,
        221.92891416959176,
        176.9960177578696,
        240.75883292004693,
        205.6464974438886,
        240.75883292004693,
        240.75883292004693,
        176.9960177578696,
        240.75883292004693,
        240.75883292004693,
        176.9960177578696,
        95.1229424500714,
        176.9960177578696,
        221.92891416959176,
        158.88575761224874,
        145.6358904699755,
        158.88575761224874,
        95.1229424500714,
        95.1229424500714,
        95.1229424500714
    ],
    "index": 1,
    "threshold": 2,
    "weight2": 0,
    "weight1": 1,
    "heterogeneity": 0.7,
    "lambda": 50,
    "times": [
        31.716417,
        8.574031,
        6.442531,
        6.984405,
        6.63949,
        6.154162,
        5.543157,
        6.291378,
        10.856535,
        5.718054,
        6.524043,
        6.442792,
        6.189408,
        6.029327,
        5.558005,
        5.388368,
        5.246863,
        6.371969,
        5.377097,
        4.519972,
        4.71107,
        5.451075,
        5.210955,
        4.613607,
        4.376383,
        4.454579,
        5.538218,
        4.7063,
        5.182261,
        5.597028,
        5.18681,
        4.729634,
        4.313916,
        5.305152,
        5.281578,
        4.992727,
        4.333472,
        7.930527,
        4.799585,
        4.619759,
        4.506587,
        4.79641,
        4.446765,
        4.54552,
        4.351276
    ],
    "capacityMultiplier": 0.5,
    "strictness": 2.8,
    "runTime": 276,
    "beta": 40
}