{
    "seed": 1,
    "scores": [
        176.9960177578696,
        240.7588329200469,
        176.9960177578696,
        221.92891416959174,
        221.92891416959176,
        221.92891416959176,
        176.9960177578696,
        240.75883292004693,
        176.9960177578696,
        176.9960177578696,
        221.92891416959176,
        240.75883292004693,
        221.92891416959176,
        221.92891416959176,
        221.92891416959174,
        176.9960177578696,
        240.75883292004693,
        240.75883292004693,
        176.9960177578696,
        176.9960177578696,
        240.75883292004693,
        240.75883292004693,
        285.69172933176907,
        240.75883292004693,
        240.75883292004693,
        240.7588329200469,
        240.7588329200469,
        221.92891416959176,
        240.75883292004693,
        285.6917293317691,
        240.75883292004693,
        240.75883292004693,
        205.6464974438886,
        240.75883292004693,
        240.75883292004693,
        221.92891416959176,
        176.9960177578696,
        176.9960177578696,
        140.05583886179357,
        203.8186540239709,
        145.6358904699755,
        176.9960177578696,
        140.05583886179357,
        95.1229424500714,
        95.1229424500714
    ],
    "index": 1,
    "threshold": 2,
    "weight2": 0,
    "weight1": 1,
    "heterogeneity": 0.7,
    "lambda": 50,
    "times": [
        32.131831,
        9.603739,
        6.493827,
        7.283194,
        6.935122,
        6.636183,
        5.495107,
        13.298956,
        6.727594,
        5.431167,
        6.526498,
        6.622216,
        6.146136,
        6.276961,
        5.82796,
        5.559868,
        6.807714,
        6.446628,
        5.968112,
        5.109625,
        6.518393,
        5.659364,
        5.834862,
        5.618458,
        4.935389,
        4.872231,
        5.855802,
        5.615292,
        5.462867,
        5.990434,
        5.899274,
        4.868504,
        4.90369,
        5.497161,
        5.560249,
        5.381394,
        4.486128,
        9.20395,
        4.410867,
        5.244287,
        4.409174,
        4.555738,
        4.539738,
        4.632982,
        4.286504
    ],
    "capacityMultiplier": 0.5,
    "strictness": 1.6,
    "runTime": 295,
    "beta": 40
}