{
    "seed": 1,
    "scores": [
        176.9960177578696,
        176.9960177578696,
        176.9960177578696,
        95.1229424500714,
        221.92891416959176,
        176.9960177578696,
        176.9960177578696,
        221.92891416959174,
        176.9960177578696,
        176.9960177578696,
        221.92891416959176,
        240.75883292004693,
        221.92891416959176,
        221.92891416959176,
        176.9960177578696,
        95.1229424500714,
        176.9960177578696,
        240.75883292004693,
        176.9960177578696,
        176.9960177578696,
        176.9960177578696,
        240.75883292004693,
        240.75883292004693,
        176.9960177578696,
        176.9960177578696,
        176.9960177578696,
        240.7588329200469,
        176.9960177578696,
        240.75883292004693,
        240.75883292004693,
        240.75883292004693,
        240.75883292004693,
        205.6464974438886,
        240.75883292004693,
        240.75883292004693,
        176.9960177578696,
        176.9960177578696,
        176.9960177578696,
        176.9960177578696,
        158.88575761224874,
        145.6358904699755,
        158.88575761224874,
        95.1229424500714,
        95.1229424500714,
        95.1229424500714
    ],
    "index": 1,
    "threshold": 2,
    "weight2": 0,
    "weight1": 1,
    "heterogeneity": 0.7,
    "lambda": 50,
    "times": [
        31.815812,
        8.360092,
        6.333933,
        6.944264,
        6.639355,
        6.281887,
        5.607416,
        11.316651,
        6.738611,
        5.249796,
        6.424783,
        6.157343,
        5.98474,
        6.312554,
        5.539918,
        5.02725,
        4.645036,
        5.522487,
        4.92533,
        4.632773,
        4.725567,
        5.274383,
        5.340226,
        4.787973,
        4.383958,
        4.426487,
        5.601955,
        4.58867,
        5.241681,
        5.69543,
        5.13962,
        4.642922,
        4.500195,
        5.183964,
        5.216033,
        8.420996,
        4.259525,
        4.56229,
        4.201586,
        4.549878,
        4.552233,
        4.83988,
        4.423712,
        4.648342,
        4.278671
    ],
    "capacityMultiplier": 0.5,
    "strictness": 2.7,
    "runTime": 273,
    "beta": 40
}