{
    "seed": 1,
    "scores": [
        221.92891416959176,
        240.7588329200469,
        221.92891416959174,
        285.69172933176907,
        240.75883292004693,
        176.9960177578696,
        240.75883292004693,
        240.75883292004693,
        221.92891416959176,
        240.7588329200469,
        221.92891416959176,
        240.75883292004693,
        240.7588329200469,
        240.75883292004693,
        221.92891416959174,
        240.75883292004693,
        240.75883292004693,
        240.75883292004693,
        176.9960177578696,
        240.75883292004693,
        240.75883292004693,
        240.75883292004693,
        285.69172933176907,
        240.75883292004693,
        240.75883292004693,
        176.9960177578696,
        240.7588329200469,
        240.75883292004693,
        240.75883292004693,
        285.6917293317691,
        240.75883292004693,
        240.75883292004693,
        176.9960177578696,
        240.75883292004693,
        240.7588329200469,
        176.9960177578696,
        176.9960177578696,
        176.9960177578696,
        176.9960177578696,
        158.88575761224874,
        145.6358904699755,
        145.6358904699755,
        140.05583886179357,
        63.76281516217733,
        95.1229424500714
    ],
    "index": 1,
    "threshold": 2,
    "weight2": 0,
    "weight1": 1,
    "heterogeneity": 0.7,
    "lambda": 50,
    "times": [
        33.212141,
        9.16128,
        7.46024,
        8.869885,
        6.577258,
        6.044492,
        5.895103,
        7.337048,
        10.421937,
        6.096459,
        6.502438,
        6.992555,
        6.008795,
        5.798322,
        5.977396,
        6.213789,
        5.566639,
        6.020417,
        5.196606,
        4.89354,
        5.441324,
        5.596534,
        5.516695,
        5.33736,
        4.831684,
        4.599901,
        5.658401,
        5.720246,
        5.26802,
        6.721217,
        5.927353,
        4.74418,
        4.367546,
        5.314407,
        8.169495,
        5.088154,
        4.307744,
        4.540109,
        4.274813,
        4.629466,
        4.635498,
        4.774257,
        4.556079,
        4.041927,
        4.478263
    ],
    "capacityMultiplier": 0.5,
    "strictness": 1.2,
    "runTime": 288,
    "beta": 40
}