{
    "seed": 1,
    "scores": [
        176.9960177578696,
        240.7588329200469,
        176.9960177578696,
        158.88575761224874,
        221.92891416959176,
        176.9960177578696,
        176.9960177578696,
        240.75883292004693,
        176.9960177578696,
        176.9960177578696,
        221.92891416959176,
        240.75883292004693,
        221.92891416959176,
        221.92891416959176,
        176.9960177578696,
        95.1229424500714,
        176.9960177578696,
        240.75883292004693,
        176.9960177578696,
        240.75883292004693,
        176.9960177578696,
        240.75883292004693,
        240.75883292004693,
        240.75883292004693,
        176.9960177578696,
        176.9960177578696,
        240.7588329200469,
        221.92891416959176,
        240.75883292004693,
        240.75883292004693,
        240.75883292004693,
        240.75883292004693,
        176.9960177578696,
        240.75883292004693,
        240.75883292004693,
        176.9960177578696,
        140.05583886179357,
        176.9960177578696,
        140.05583886179357,
        203.8186540239709,
        110.52355499381719,
        176.9960177578696,
        176.9960177578696,
        95.1229424500714,
        95.1229424500714
    ],
    "index": 1,
    "threshold": 2,
    "weight2": 0,
    "weight1": 1,
    "heterogeneity": 0.7,
    "lambda": 50,
    "times": [
        32.027947,
        8.756878,
        6.637011,
        7.171124,
        7.017496,
        6.498812,
        5.70834,
        11.757739,
        6.84399,
        5.608882,
        6.68408,
        6.414785,
        6.125201,
        6.568763,
        5.553849,
        5.192511,
        4.811737,
        5.667513,
        5.387206,
        5.117451,
        5.136577,
        5.385845,
        5.38343,
        5.397426,
        4.524057,
        4.555106,
        5.759094,
        5.193323,
        5.385404,
        5.993665,
        5.325301,
        4.761964,
        4.533605,
        5.361108,
        8.966842,
        4.95733,
        4.400756,
        4.702873,
        4.574733,
        5.428725,
        4.782112,
        4.735895,
        4.388012,
        4.560295,
        4.336927
    ],
    "capacityMultiplier": 0.5,
    "strictness": 2,
    "runTime": 284,
    "beta": 40
}