{
    "seed": 1,
    "scores": [
        221.92891416959176,
        285.69172933176907,
        221.92891416959174,
        314.3422090177881,
        257.28872174220555,
        240.75883292004693,
        240.75883292004693,
        240.75883292004693,
        240.75883292004693,
        176.9960177578696,
        250.57939385561076,
        285.6917293317691,
        250.5793938556108,
        269.40931260606595,
        285.69172933176907,
        240.75883292004693,
        269.4093126060659,
        240.75883292004693,
        285.6917293317691,
        240.75883292004693,
        269.4093126060659,
        240.75883292004693,
        240.75883292004693,
        240.75883292004693,
        285.69172933176907,
        221.92891416959176,
        240.7588329200469,
        240.75883292004693,
        269.4093126060659,
        285.6917293317691,
        158.88575761224874,
        240.75883292004693,
        205.6464974438886,
        240.75883292004693,
        176.9960177578696,
        126.80597171952034,
        176.9960177578696,
        110.52355499381719,
        140.05583886179357,
        140.05583886179357,
        92.41329484819634,
        126.80597171952034,
        95.1229424500714,
        63.76281516217733,
        95.1229424500714
    ],
    "index": 1,
    "threshold": 2,
    "weight2": 0,
    "weight1": 1,
    "heterogeneity": 0.7,
    "lambda": 50,
    "times": [
        33.005848,
        10.384718,
        7.847078,
        8.076197,
        7.332414,
        7.348795,
        12.745066,
        7.423405,
        7.098217,
        5.8929,
        6.808243,
        7.783859,
        7.379973,
        7.43697,
        7.37302,
        6.59797,
        6.300142,
        6.488816,
        6.219171,
        5.837186,
        6.039414,
        6.130655,
        6.223859,
        5.504723,
        6.563305,
        5.821476,
        5.879044,
        5.645957,
        6.295543,
        6.07464,
        5.369641,
        5.035555,
        5.062125,
        6.000551,
        5.017772,
        8.09937,
        4.389326,
        4.591433,
        4.454067,
        4.622943,
        4.468524,
        4.673387,
        4.258991,
        4.014785,
        4.416156
    ],
    "capacityMultiplier": 0.5,
    "strictness": 0.1,
    "runTime": 310,
    "beta": 40
}