{
    "seed": 1,
    "scores": [
        221.92891416959176,
        285.69172933176907,
        221.92891416959174,
        314.3422090177881,
        257.28872174220555,
        240.75883292004693,
        240.75883292004693,
        240.75883292004693,
        240.75883292004693,
        176.9960177578696,
        250.57939385561076,
        240.75883292004693,
        221.92891416959176,
        269.40931260606595,
        269.4093126060659,
        240.75883292004693,
        240.75883292004693,
        240.75883292004693,
        240.7588329200469,
        176.9960177578696,
        240.75883292004693,
        240.75883292004693,
        285.69172933176907,
        285.6917293317691,
        285.69172933176907,
        240.7588329200469,
        240.7588329200469,
        240.75883292004693,
        269.4093126060659,
        285.6917293317691,
        175.4156464344074,
        240.75883292004693,
        240.75883292004693,
        203.8186540239709,
        176.9960177578696,
        176.9960177578696,
        176.9960177578696,
        176.9960177578696,
        176.9960177578696,
        158.88575761224874,
        92.41329484819634,
        126.80597171952034,
        95.1229424500714,
        63.76281516217733,
        95.1229424500714
    ],
    "index": 1,
    "threshold": 2,
    "weight2": 0,
    "weight1": 1,
    "heterogeneity": 0.7,
    "lambda": 50,
    "times": [
        33.117605,
        10.259378,
        7.750771,
        8.015325,
        7.214199,
        7.267538,
        9.502794,
        7.321889,
        7.167742,
        5.57717,
        6.79777,
        6.003376,
        6.167072,
        7.055974,
        6.021791,
        5.722522,
        5.631532,
        5.686815,
        5.124244,
        4.696324,
        5.389821,
        5.280426,
        5.59334,
        6.003597,
        5.684651,
        4.8279,
        5.305623,
        5.800007,
        5.406141,
        5.788024,
        4.556623,
        7.735363,
        4.530635,
        4.953806,
        4.353344,
        4.642153,
        4.107274,
        4.406473,
        4.172826,
        4.485832,
        4.425398,
        4.563416,
        4.187363,
        3.938309,
        4.2393
    ],
    "capacityMultiplier": 0.5,
    "strictness": 0.4,
    "runTime": 286,
    "beta": 40
}