{
    "seed": 1,
    "scores": [
        221.92891416959176,
        240.7588329200469,
        221.92891416959174,
        176.9960177578696,
        240.75883292004693,
        221.92891416959176,
        240.75883292004693,
        240.75883292004693,
        176.9960177578696,
        176.9960177578696,
        221.92891416959176,
        240.75883292004693,
        221.92891416959176,
        240.75883292004693,
        176.9960177578696,
        240.75883292004693,
        285.69172933176907,
        240.75883292004693,
        176.9960177578696,
        240.75883292004693,
        240.75883292004693,
        240.75883292004693,
        285.69172933176907,
        240.75883292004693,
        240.75883292004693,
        240.7588329200469,
        240.7588329200469,
        221.92891416959176,
        240.75883292004693,
        240.75883292004693,
        240.75883292004693,
        240.75883292004693,
        240.75883292004693,
        240.75883292004693,
        240.75883292004693,
        176.9960177578696,
        140.05583886179357,
        176.9960177578696,
        140.05583886179357,
        158.88575761224874,
        145.6358904699755,
        126.80597171952034,
        140.05583886179357,
        63.76281516217733,
        95.1229424500714
    ],
    "index": 1,
    "threshold": 2,
    "weight2": 0,
    "weight1": 1,
    "heterogeneity": 0.7,
    "lambda": 50,
    "times": [
        33.309371,
        9.510182,
        7.272913,
        7.386356,
        6.837078,
        6.759152,
        6.039736,
        14.311529,
        6.493244,
        5.552714,
        6.588383,
        7.090292,
        6.124154,
        5.74807,
        5.680654,
        6.197591,
        6.755686,
        6.190869,
        5.997948,
        5.724796,
        6.108585,
        6.161082,
        6.115237,
        5.91379,
        5.357638,
        5.551993,
        6.497443,
        5.738732,
        6.210976,
        6.806601,
        5.354964,
        4.826725,
        4.756964,
        5.47028,
        5.105687,
        5.042629,
        7.686889,
        5.013986,
        4.559475,
        4.625609,
        4.497409,
        4.718853,
        4.553604,
        4.12947,
        4.32718
    ],
    "capacityMultiplier": 0.5,
    "strictness": 1.3,
    "runTime": 300,
    "beta": 40
}