{
    "seed": 1,
    "scores": [
        176.9960177578696,
        240.7588329200469,
        176.9960177578696,
        158.88575761224874,
        221.92891416959176,
        176.9960177578696,
        176.9960177578696,
        221.92891416959174,
        176.9960177578696,
        176.9960177578696,
        221.92891416959176,
        240.75883292004693,
        221.92891416959176,
        221.92891416959174,
        176.9960177578696,
        95.1229424500714,
        176.9960177578696,
        240.75883292004693,
        176.9960177578696,
        176.9960177578696,
        176.9960177578696,
        240.75883292004693,
        240.75883292004693,
        176.9960177578696,
        176.9960177578696,
        176.9960177578696,
        221.92891416959176,
        221.92891416959176,
        240.75883292004693,
        240.75883292004693,
        240.75883292004693,
        240.75883292004693,
        176.9960177578696,
        240.75883292004693,
        240.75883292004693,
        176.9960177578696,
        95.1229424500714,
        176.9960177578696,
        221.92891416959176,
        158.88575761224874,
        145.6358904699755,
        95.1229424500714,
        95.1229424500714,
        95.1229424500714,
        95.1229424500714
    ],
    "index": 1,
    "threshold": 2,
    "weight2": 0,
    "weight1": 1,
    "heterogeneity": 0.7,
    "lambda": 50,
    "times": [
        32.187015,
        8.616037,
        6.393655,
        7.016442,
        6.94044,
        6.020957,
        5.428107,
        11.056669,
        6.703295,
        5.471397,
        6.498451,
        6.302915,
        6.050984,
        5.925659,
        5.434619,
        5.222281,
        4.667592,
        5.444277,
        4.95499,
        4.538871,
        4.731862,
        5.271654,
        5.241096,
        4.798838,
        4.384121,
        4.45795,
        5.469474,
        5.357103,
        5.243631,
        5.831582,
        5.154905,
        4.643467,
        4.405862,
        5.233793,
        5.253209,
        7.657993,
        4.293131,
        4.504036,
        4.879098,
        4.553117,
        4.455075,
        4.52772,
        4.337063,
        4.689182,
        4.338907
    ],
    "capacityMultiplier": 0.5,
    "strictness": 2.4,
    "runTime": 274,
    "beta": 40
}