{
    "seed": 1,
    "scores": [
        221.92891416959176,
        240.7588329200469,
        221.92891416959174,
        285.69172933176907,
        240.75883292004693,
        221.92891416959176,
        240.75883292004693,
        240.75883292004693,
        221.92891416959176,
        240.7588329200469,
        221.92891416959176,
        240.75883292004693,
        240.7588329200469,
        240.75883292004693,
        221.92891416959174,
        240.75883292004693,
        240.75883292004693,
        240.75883292004693,
        176.9960177578696,
        240.75883292004693,
        240.75883292004693,
        240.75883292004693,
        285.69172933176907,
        240.75883292004693,
        240.75883292004693,
        221.92891416959176,
        240.7588329200469,
        240.75883292004693,
        240.75883292004693,
        285.6917293317691,
        240.75883292004693,
        240.75883292004693,
        176.9960177578696,
        240.75883292004693,
        240.7588329200469,
        176.9960177578696,
        176.9960177578696,
        176.9960177578696,
        176.9960177578696,
        158.88575761224874,
        92.41329484819634,
        145.6358904699755,
        140.05583886179357,
        63.76281516217733,
        95.1229424500714
    ],
    "index": 1,
    "threshold": 2,
    "weight2": 0,
    "weight1": 1,
    "heterogeneity": 0.7,
    "lambda": 50,
    "times": [
        32.808386,
        9.223818,
        7.191111,
        8.7331,
        6.239514,
        6.703901,
        5.854986,
        14.437285,
        6.540515,
        5.776829,
        6.420972,
        6.947366,
        5.941197,
        5.848684,
        5.690408,
        6.210058,
        6.300036,
        6.378202,
        5.512025,
        5.519258,
        5.987903,
        6.110233,
        5.979578,
        5.464897,
        5.366933,
        5.74482,
        6.184852,
        6.31243,
        5.842693,
        7.482966,
        6.649128,
        5.344663,
        4.869414,
        6.413438,
        5.516644,
        5.617953,
        9.969059,
        4.44409,
        4.209352,
        4.55097,
        4.435154,
        4.723613,
        4.382024,
        3.97847,
        4.254446
    ],
    "capacityMultiplier": 0.5,
    "strictness": 1,
    "runTime": 304,
    "beta": 40
}