{
    "seed": 1,
    "scores": [
        221.92891416959176,
        285.69172933176907,
        221.92891416959174,
        314.3422090177881,
        257.28872174220555,
        240.75883292004693,
        240.75883292004693,
        240.75883292004693,
        240.75883292004693,
        176.9960177578696,
        250.57939385561076,
        285.6917293317691,
        221.92891416959176,
        269.40931260606595,
        285.69172933176907,
        240.75883292004693,
        269.4093126060659,
        240.75883292004693,
        285.6917293317691,
        240.75883292004693,
        269.4093126060659,
        240.75883292004693,
        240.75883292004693,
        240.75883292004693,
        285.69172933176907,
        240.7588329200469,
        240.7588329200469,
        238.4588029917504,
        269.4093126060659,
        240.7588329200469,
        175.4156464344074,
        240.75883292004693,
        240.75883292004693,
        158.88575761224874,
        176.9960177578696,
        176.9960177578696,
        176.9960177578696,
        176.9960177578696,
        140.05583886179357,
        158.88575761224874,
        92.41329484819634,
        126.80597171952034,
        95.1229424500714,
        63.76281516217733,
        95.1229424500714
    ],
    "index": 1,
    "threshold": 2,
    "weight2": 0,
    "weight1": 1,
    "heterogeneity": 0.7,
    "lambda": 50,
    "times": [
        33.423743,
        10.192918,
        7.688716,
        7.929887,
        7.2149,
        7.200704,
        6.136013,
        11.424721,
        7.294879,
        5.687454,
        6.5305,
        7.828827,
        5.693876,
        7.034102,
        6.775969,
        6.355843,
        6.786338,
        6.365001,
        5.964602,
        5.357067,
        5.169535,
        5.383045,
        5.28994,
        4.82973,
        5.693826,
        4.691331,
        5.683186,
        5.56762,
        5.34858,
        5.313044,
        4.518358,
        4.3538,
        4.431446,
        4.481338,
        4.334033,
        4.627131,
        7.491547,
        4.425054,
        4.367857,
        4.490495,
        4.425484,
        4.570686,
        4.20947,
        3.972698,
        4.237383
    ],
    "capacityMultiplier": 0.5,
    "strictness": 0.3,
    "runTime": 290,
    "beta": 40
}