{
    "seed": 1,
    "scores": [
        95.1229424500714,
        176.9960177578696,
        176.9960177578696,
        95.1229424500714,
        221.92891416959176,
        176.9960177578696,
        176.9960177578696,
        176.9960177578696,
        176.9960177578696,
        176.9960177578696,
        221.92891416959176,
        176.9960177578696,
        221.92891416959176,
        221.92891416959174,
        176.9960177578696,
        95.1229424500714,
        176.9960177578696,
        240.75883292004693,
        176.9960177578696,
        176.9960177578696,
        176.9960177578696,
        240.75883292004693,
        240.75883292004693,
        176.9960177578696,
        176.9960177578696,
        240.7588329200469,
        221.92891416959176,
        176.9960177578696,
        240.75883292004693,
        176.9960177578696,
        240.75883292004693,
        221.92891416959174,
        176.9960177578696,
        240.75883292004693,
        240.75883292004693,
        176.9960177578696,
        221.92891416959176,
        176.9960177578696,
        140.05583886179357,
        203.8186540239709,
        145.6358904699755,
        176.9960177578696,
        176.9960177578696,
        95.1229424500714,
        95.1229424500714
    ],
    "index": 1,
    "threshold": 2,
    "weight2": 0,
    "weight1": 1,
    "heterogeneity": 0.7,
    "lambda": 50,
    "times": [
        32.264209,
        8.63369,
        6.667828,
        7.062668,
        6.849248,
        6.598769,
        5.769957,
        6.630578,
        10.371766,
        5.633171,
        6.264674,
        5.743858,
        6.232383,
        6.115715,
        5.639793,
        5.475996,
        5.413769,
        6.401019,
        5.596873,
        5.332267,
        5.176195,
        5.385247,
        5.215949,
        4.634941,
        4.392367,
        4.72488,
        5.451992,
        4.626055,
        5.212583,
        5.128305,
        5.652767,
        4.642254,
        4.264517,
        5.237109,
        5.308002,
        4.964257,
        4.828393,
        4.733565,
        7.655067,
        5.514498,
        4.55965,
        4.601078,
        4.454653,
        4.473008,
        4.277011
    ],
    "capacityMultiplier": 0.5,
    "strictness": 3,
    "runTime": 279,
    "beta": 40
}