{
    "seed": 1,
    "scores": [
        221.92891416959176,
        285.69172933176907,
        221.92891416959174,
        314.3422090177881,
        285.69172933176907,
        240.75883292004693,
        240.75883292004693,
        240.75883292004693,
        221.92891416959176,
        240.7588329200469,
        269.4093126060659,
        269.4093126060659,
        240.7588329200469,
        240.75883292004693,
        285.69172933176907,
        240.75883292004693,
        240.75883292004693,
        240.75883292004693,
        176.9960177578696,
        240.75883292004693,
        240.75883292004693,
        240.75883292004693,
        285.69172933176907,
        240.75883292004693,
        240.75883292004693,
        221.92891416959176,
        240.7588329200469,
        221.92891416959176,
        285.69172933176907,
        240.75883292004693,
        240.75883292004693,
        240.75883292004693,
        176.9960177578696,
        240.75883292004693,
        240.75883292004693,
        176.9960177578696,
        140.05583886179357,
        176.9960177578696,
        221.92891416959176,
        158.88575761224874,
        92.41329484819634,
        126.80597171952034,
        95.1229424500714,
        63.76281516217733,
        95.1229424500714
    ],
    "index": 1,
    "threshold": 2,
    "weight2": 0,
    "weight1": 1,
    "heterogeneity": 0.7,
    "lambda": 50,
    "times": [
        33.066818,
        9.976644,
        7.289189,
        8.060652,
        7.651517,
        7.365402,
        11.466761,
        7.452304,
        6.765491,
        6.050293,
        6.633033,
        7.125152,
        6.014385,
        5.985311,
        6.74414,
        6.182019,
        6.397893,
        6.314347,
        5.644284,
        5.180527,
        6.517587,
        5.450952,
        5.265064,
        4.863183,
        4.459648,
        5.081221,
        5.602005,
        5.141473,
        5.344253,
        5.806127,
        5.324836,
        4.66352,
        4.237774,
        4.764949,
        5.1238,
        4.657599,
        7.317463,
        4.391421,
        4.666636,
        4.478734,
        4.581867,
        4.661726,
        4.178202,
        3.931581,
        4.19807
    ],
    "capacityMultiplier": 0.5,
    "strictness": 0.8,
    "runTime": 292,
    "beta": 40
}