{
    "seed": 1,
    "scores": [
        221.92891416959176,
        285.69172933176907,
        221.92891416959174,
        314.3422090177881,
        257.28872174220555,
        240.75883292004693,
        240.75883292004693,
        240.75883292004693,
        240.75883292004693,
        176.9960177578696,
        250.57939385561076,
        285.6917293317691,
        221.92891416959176,
        269.40931260606595,
        285.69172933176907,
        240.75883292004693,
        269.4093126060659,
        240.75883292004693,
        285.6917293317691,
        240.75883292004693,
        269.4093126060659,
        240.75883292004693,
        240.75883292004693,
        240.75883292004693,
        285.69172933176907,
        240.7588329200469,
        240.7588329200469,
        238.4588029917504,
        269.4093126060659,
        240.7588329200469,
        175.4156464344074,
        240.75883292004693,
        240.75883292004693,
        158.88575761224874,
        176.9960177578696,
        176.9960177578696,
        176.9960177578696,
        176.9960177578696,
        140.05583886179357,
        158.88575761224874,
        92.41329484819634,
        126.80597171952034,
        95.1229424500714,
        63.76281516217733,
        95.1229424500714
    ],
    "index": 1,
    "threshold": 2,
    "weight2": 0,
    "weight1": 1,
    "heterogeneity": 0.7,
    "lambda": 50,
    "times": [
        33.30022,
        10.240546,
        7.930697,
        8.086038,
        7.273679,
        7.261847,
        6.130312,
        10.708131,
        7.158504,
        5.930648,
        6.650865,
        7.972265,
        5.979489,
        7.257178,
        6.27426,
        5.76086,
        6.172961,
        5.68575,
        5.496867,
        4.964943,
        5.256388,
        5.402481,
        5.333642,
        4.88336,
        5.773424,
        4.745562,
        5.800575,
        5.612213,
        5.453236,
        5.357437,
        4.576898,
        4.424723,
        7.868602,
        4.502518,
        4.531963,
        4.826394,
        4.138127,
        4.424813,
        4.397372,
        4.517657,
        4.451252,
        4.598748,
        4.260435,
        3.976475,
        4.298357
    ],
    "capacityMultiplier": 0.5,
    "strictness": 0.2,
    "runTime": 289,
    "beta": 40
}