{
    "seed": 1,
    "scores": [
        176.9960177578696,
        240.7588329200469,
        176.9960177578696,
        95.1229424500714,
        221.92891416959176,
        176.9960177578696,
        176.9960177578696,
        221.92891416959174,
        176.9960177578696,
        176.9960177578696,
        221.92891416959176,
        240.75883292004693,
        221.92891416959176,
        221.92891416959176,
        176.9960177578696,
        95.1229424500714,
        176.9960177578696,
        240.75883292004693,
        176.9960177578696,
        240.75883292004693,
        176.9960177578696,
        240.75883292004693,
        240.75883292004693,
        176.9960177578696,
        176.9960177578696,
        176.9960177578696,
        221.92891416959176,
        221.92891416959176,
        240.75883292004693,
        240.75883292004693,
        240.75883292004693,
        221.92891416959174,
        205.6464974438886,
        240.75883292004693,
        240.75883292004693,
        176.9960177578696,
        221.92891416959176,
        176.9960177578696,
        176.9960177578696,
        158.88575761224874,
        110.52355499381719,
        140.05583886179357,
        176.9960177578696,
        95.1229424500714,
        95.1229424500714
    ],
    "index": 1,
    "threshold": 2,
    "weight2": 0,
    "weight1": 1,
    "heterogeneity": 0.7,
    "lambda": 50,
    "times": [
        31.714011,
        8.651938,
        6.524199,
        7.031298,
        6.897066,
        6.089146,
        5.562331,
        10.493481,
        6.529309,
        5.391461,
        6.515252,
        6.243825,
        6.050323,
        6.506997,
        5.42833,
        5.129081,
        4.697453,
        5.488703,
        4.994308,
        4.992695,
        4.736346,
        5.4438,
        5.266678,
        4.988227,
        4.371945,
        4.426988,
        5.428601,
        5.162112,
        5.185135,
        5.835512,
        5.188021,
        4.618867,
        4.487401,
        5.165789,
        8.125133,
        4.821746,
        4.586336,
        4.548044,
        4.204412,
        4.54574,
        4.650727,
        4.931281,
        4.421067,
        4.577529,
        4.218298
    ],
    "capacityMultiplier": 0.5,
    "strictness": 2.5,
    "runTime": 274,
    "beta": 40
}