{
    "seed": 1,
    "scores": [
        176.9960177578696,
        176.9960177578696,
        240.7588329200469,
        95.1229424500714,
        221.92891416959176,
        176.9960177578696,
        176.9960177578696,
        221.92891416959174,
        205.64649744388862,
        176.9960177578696,
        285.6917293317691,
        240.75883292004693,
        221.92891416959176,
        221.92891416959176,
        240.75883292004693,
        176.9960177578696,
        285.6917293317691,
        285.6917293317691,
        176.9960177578696,
        240.75883292004693,
        176.9960177578696,
        240.75883292004693,
        240.75883292004693,
        176.9960177578696,
        176.9960177578696,
        240.75883292004693,
        285.69172933176907,
        240.75883292004693,
        285.6917293317691,
        240.7588329200469,
        240.75883292004693,
        240.75883292004693,
        285.6917293317691,
        240.75883292004693,
        240.75883292004693,
        205.64649744388862,
        176.9960177578696,
        187.53623729826776,
        221.92891416959176,
        158.88575761224874,
        81.87307530779817,
        95.1229424500714,
        95.1229424500714,
        95.1229424500714,
        95.1229424500714
    ],
    "index": 1,
    "threshold": 2,
    "weight2": 0,
    "weight1": 1,
    "heterogeneity": 0.7,
    "lambda": 50,
    "times": [
        46.138082,
        12.981555,
        20.307522,
        5.586237,
        12.390169,
        7.742225,
        13.119622,
        23.609792,
        10.19095,
        11.256011,
        31.817867,
        9.34518,
        15.700864,
        11.636151,
        11.947653,
        4.922798,
        19.067635,
        18.664542,
        5.621714,
        18.475699,
        7.880574,
        14.332759,
        14.085447,
        6.46044,
        6.222556,
        15.420822,
        20.050512,
        14.39236,
        20.337879,
        16.692067,
        17.918538,
        13.399816,
        22.525154,
        14.95971,
        16.620824,
        17.25047,
        10.665928,
        15.268667,
        13.999686,
        14.041965,
        10.207571,
        10.749694,
        10.311906,
        11.210274,
        11.063119
    ],
    "capacityMultiplier": 0.5,
    "strictness": 2.6,
    "runTime": 656,
    "beta": 40
}