{
    "seed": 1,
    "scores": [
        240.75883292004693,
        240.7588329200469,
        240.7588329200469,
        176.9960177578696,
        221.92891416959176,
        176.9960177578696,
        176.9960177578696,
        240.75883292004693,
        205.64649744388862,
        240.7588329200469,
        285.6917293317691,
        240.75883292004693,
        221.92891416959176,
        221.92891416959176,
        285.69172933176907,
        176.9960177578696,
        285.6917293317691,
        285.6917293317691,
        193.52590658002825,
        240.75883292004693,
        193.52590658002825,
        240.75883292004693,
        240.75883292004693,
        257.28872174220555,
        176.9960177578696,
        240.75883292004693,
        240.7588329200469,
        285.6917293317691,
        285.6917293317691,
        285.69172933176907,
        240.75883292004693,
        240.75883292004693,
        285.6917293317691,
        240.75883292004693,
        240.7588329200469,
        221.92891416959176,
        176.9960177578696,
        205.64649744388862,
        221.92891416959176,
        108.6957115738995,
        110.52355499381719,
        158.88575761224874,
        140.05583886179357,
        95.1229424500714,
        95.1229424500714
    ],
    "index": 1,
    "threshold": 2,
    "weight2": 0,
    "weight1": 1,
    "heterogeneity": 0.7,
    "lambda": 50,
    "times": [
        60.703015,
        15.468714,
        19.19947,
        8.905722,
        20.062735,
        9.746113,
        9.868121,
        20.435161,
        13.191536,
        11.962097,
        28.742343,
        14.420875,
        17.466119,
        13.040283,
        18.40247,
        4.959333,
        19.618433,
        26.592674,
        9.858213,
        15.850198,
        10.379868,
        13.121866,
        13.181177,
        18.280401,
        6.062506,
        19.15133,
        16.601241,
        17.882046,
        20.071831,
        25.939643,
        24.862819,
        13.48785,
        18.164595,
        15.888719,
        15.082522,
        19.155107,
        11.281485,
        19.054609,
        13.623885,
        12.115394,
        10.273931,
        13.297765,
        10.902696,
        10.29531,
        8.85121
    ],
    "capacityMultiplier": 0.5,
    "strictness": 2,
    "runTime": 735,
    "beta": 40
}