{
    "seed": 1,
    "scores": [
        314.3422090177881,
        314.34220901778804,
        302.22161815392775,
        314.3422090177881,
        302.2216181539277,
        302.2216181539277,
        285.6917293317691,
        250.57939385561076,
        269.40931260606595,
        314.34220901778815,
        314.3422090177881,
        269.4093126060659,
        285.69172933176907,
        314.3422090177881,
        285.69172933176907,
        269.40931260606595,
        285.6917293317691,
        314.34220901778815,
        257.28872174220555,
        285.6917293317691,
        240.75883292004693,
        240.75883292004693,
        285.69172933176907,
        285.6917293317691,
        240.75883292004693,
        240.75883292004693,
        240.7588329200469,
        221.92891416959176,
        240.75883292004693,
        203.8186540239709,
        175.4156464344074,
        240.75883292004693,
        205.6464974438886,
        240.75883292004693,
        240.7588329200469,
        176.9960177578696,
        158.88575761224874,
        140.05583886179357,
        95.1229424500714,
        108.6957115738995,
        28.650479686019015,
        44.93289641172217,
        95.1229424500714,
        63.76281516217733,
        95.1229424500714
    ],
    "index": 1,
    "threshold": 2,
    "weight2": 0,
    "weight1": 1,
    "heterogeneity": 0.7,
    "lambda": 50,
    "times": [
        113.236866,
        59.343234,
        40.764773,
        49.154588,
        58.243719,
        41.458389,
        32.091869,
        34.566673,
        35.814374,
        30.878282,
        33.326215,
        33.195762,
        23.984642,
        32.99149,
        26.160808,
        28.507773,
        26.031085,
        30.443439,
        23.246393,
        24.913437,
        20.248913,
        13.898046,
        19.633192,
        23.605363,
        14.828695,
        12.118642,
        14.54777,
        12.081642,
        9.962072,
        16.642895,
        12.793272,
        9.820609,
        10.463489,
        10.064494,
        8.26918,
        11.268083,
        6.315559,
        7.013243,
        3.774052,
        6.043311,
        4.007928,
        4.08902,
        3.815268,
        4.013018,
        3.775875
    ],
    "capacityMultiplier": 0.5,
    "strictness": 0.7,
    "runTime": 1041,
    "beta": 40
}