{
    "seed": 1,
    "scores": [
        240.75883292004693,
        176.9960177578696,
        240.7588329200469,
        176.9960177578696,
        221.92891416959176,
        176.9960177578696,
        176.9960177578696,
        221.92891416959174,
        205.64649744388862,
        176.9960177578696,
        285.6917293317691,
        240.75883292004693,
        221.92891416959176,
        221.92891416959176,
        285.69172933176907,
        176.9960177578696,
        285.6917293317691,
        285.6917293317691,
        193.52590658002825,
        240.75883292004693,
        193.52590658002825,
        240.75883292004693,
        240.75883292004693,
        257.28872174220555,
        240.75883292004693,
        240.75883292004693,
        285.69172933176907,
        285.6917293317691,
        240.75883292004693,
        285.69172933176907,
        203.8186540239709,
        240.75883292004693,
        285.6917293317691,
        240.75883292004693,
        240.7588329200469,
        205.64649744388862,
        221.92891416959176,
        187.53623729826774,
        176.9960177578696,
        145.6358904699755,
        81.87307530779817,
        95.1229424500714,
        140.05583886179357,
        95.1229424500714,
        95.1229424500714
    ],
    "index": 1,
    "threshold": 2,
    "weight2": 0,
    "weight1": 1,
    "heterogeneity": 0.7,
    "lambda": 50,
    "times": [
        58.316924,
        12.562029,
        19.032326,
        9.267609,
        18.571515,
        10.004063,
        9.456872,
        22.507202,
        13.48435,
        11.38991,
        25.906196,
        12.769215,
        15.315328,
        12.662626,
        18.128699,
        4.983272,
        33.266675,
        21.561286,
        7.991857,
        15.224628,
        11.417983,
        14.323566,
        14.1385,
        21.789542,
        8.895785,
        14.925269,
        18.902924,
        17.323597,
        16.914803,
        23.918957,
        16.893643,
        12.70213,
        16.644619,
        18.118901,
        17.064312,
        18.722347,
        15.966263,
        18.553131,
        18.846338,
        14.643533,
        11.345276,
        11.634466,
        12.098452,
        12.41286,
        12.561437
    ],
    "capacityMultiplier": 0.5,
    "strictness": 2.1,
    "runTime": 743,
    "beta": 40
}