{
    "seed": 1,
    "scores": [
        285.6917293317691,
        314.34220901778804,
        302.22161815392775,
        314.3422090177881,
        302.2216181539277,
        285.6917293317691,
        240.75883292004693,
        250.57939385561076,
        250.5793938556108,
        285.6917293317691,
        285.6917293317691,
        257.28872174220555,
        285.69172933176907,
        285.69172933176907,
        285.69172933176907,
        232.4691337099899,
        285.69172933176907,
        314.34220901778815,
        257.28872174220555,
        285.6917293317691,
        257.28872174220555,
        240.7588329200469,
        240.75883292004693,
        285.6917293317691,
        240.75883292004693,
        240.75883292004693,
        285.69172933176907,
        240.75883292004693,
        240.7588329200469,
        240.7588329200469,
        168.7063185478126,
        240.75883292004693,
        176.9960177578696,
        240.75883292004693,
        240.7588329200469,
        205.64649744388862,
        176.9960177578696,
        110.52355499381719,
        158.88575761224874,
        108.6957115738995,
        28.650479686019015,
        63.76281516217733,
        95.1229424500714,
        95.1229424500714,
        95.1229424500714
    ],
    "index": 1,
    "threshold": 2,
    "weight2": 0,
    "weight1": 1,
    "heterogeneity": 0.7,
    "lambda": 50,
    "times": [
        91.300595,
        63.898157,
        39.406823,
        48.84432,
        42.684522,
        30.0884,
        15.136462,
        26.024331,
        23.939192,
        21.264711,
        33.570821,
        24.530097,
        18.566756,
        22.161207,
        19.924715,
        16.968347,
        35.922639,
        33.892302,
        19.843173,
        16.582496,
        21.922592,
        14.585272,
        10.914999,
        20.41368,
        21.26937,
        14.845859,
        20.802066,
        15.35419,
        16.923284,
        24.245655,
        14.768044,
        11.098061,
        7.305871,
        15.548132,
        12.571476,
        14.015276,
        8.886126,
        9.531422,
        9.231562,
        9.688907,
        7.178603,
        6.763877,
        10.470918,
        7.105907,
        6.073907
    ],
    "capacityMultiplier": 0.5,
    "strictness": 0.9,
    "runTime": 976,
    "beta": 40
}