{
    "seed": 1,
    "scores": [
        285.6917293317691,
        257.28872174220555,
        285.6917293317691,
        205.6464974438886,
        285.6917293317691,
        285.6917293317691,
        240.75883292004693,
        221.92891416959174,
        250.5793938556108,
        240.75883292004693,
        285.6917293317691,
        240.75883292004693,
        285.69172933176907,
        285.69172933176907,
        285.69172933176907,
        240.75883292004693,
        285.6917293317691,
        314.34220901778815,
        257.28872174220555,
        240.75883292004693,
        240.75883292004693,
        240.7588329200469,
        240.75883292004693,
        257.28872174220555,
        240.75883292004693,
        240.75883292004693,
        240.7588329200469,
        285.6917293317691,
        285.6917293317691,
        285.69172933176907,
        240.75883292004693,
        240.75883292004693,
        240.7588329200469,
        240.75883292004693,
        240.7588329200469,
        205.64649744388862,
        123.77342213609042,
        176.9960177578696,
        140.05583886179357,
        108.6957115738995,
        81.87307530779817,
        63.76281516217733,
        95.1229424500714,
        95.1229424500714,
        95.1229424500714
    ],
    "index": 1,
    "threshold": 2,
    "weight2": 0,
    "weight1": 1,
    "heterogeneity": 0.7,
    "lambda": 50,
    "times": [
        75.176016,
        36.627566,
        29.627313,
        18.631434,
        18.439855,
        23.411202,
        15.130226,
        21.468958,
        18.342913,
        14.424261,
        29.089033,
        16.903773,
        21.564447,
        16.525353,
        20.068981,
        11.692106,
        23.990368,
        33.403729,
        20.156505,
        15.61213,
        15.152377,
        16.57713,
        14.669301,
        20.387018,
        14.02922,
        14.405135,
        16.737491,
        20.885623,
        16.263121,
        27.718092,
        15.748936,
        12.874304,
        16.119711,
        16.311772,
        11.111546,
        18.135594,
        8.944991,
        12.469103,
        17.453895,
        13.076903,
        9.807049,
        9.788334,
        8.791594,
        9.151879,
        7.775848
    ],
    "capacityMultiplier": 0.5,
    "strictness": 1.3,
    "runTime": 844,
    "beta": 40
}