{
    "seed": 1,
    "scores": [
        285.6917293317691,
        257.28872174220555,
        285.6917293317691,
        285.69172933176907,
        285.6917293317691,
        269.40931260606595,
        240.75883292004693,
        240.7588329200469,
        250.5793938556108,
        240.75883292004693,
        285.6917293317691,
        257.28872174220555,
        285.69172933176907,
        285.69172933176907,
        285.69172933176907,
        269.40931260606595,
        285.6917293317691,
        314.34220901778815,
        257.28872174220555,
        240.75883292004693,
        240.75883292004693,
        240.75883292004693,
        240.75883292004693,
        257.28872174220555,
        240.75883292004693,
        240.75883292004693,
        285.69172933176907,
        285.6917293317691,
        285.6917293317691,
        285.69172933176907,
        232.46913370998993,
        240.75883292004693,
        240.75883292004693,
        240.75883292004693,
        240.7588329200469,
        176.9960177578696,
        158.88575761224874,
        140.05583886179357,
        140.05583886179357,
        108.6957115738995,
        81.87307530779817,
        63.76281516217733,
        140.05583886179357,
        95.1229424500714,
        95.1229424500714
    ],
    "index": 1,
    "threshold": 2,
    "weight2": 0,
    "weight1": 1,
    "heterogeneity": 0.7,
    "lambda": 50,
    "times": [
        80.472599,
        36.898013,
        34.566733,
        27.015033,
        15.517254,
        23.763323,
        14.861939,
        19.324212,
        30.3663,
        15.399995,
        25.399563,
        20.041043,
        16.935847,
        16.966534,
        19.732737,
        21.497006,
        19.949372,
        40.505849,
        16.746132,
        14.409593,
        11.414583,
        14.543664,
        15.969771,
        27.623241,
        15.248983,
        14.830981,
        22.923623,
        17.390717,
        21.403911,
        25.017889,
        21.897905,
        11.372064,
        13.887838,
        15.811324,
        10.365382,
        11.495154,
        15.414613,
        13.233554,
        12.435873,
        12.579291,
        8.756373,
        9.431816,
        10.024434,
        7.728751,
        6.810384
    ],
    "capacityMultiplier": 0.5,
    "strictness": 1.2,
    "runTime": 878,
    "beta": 40
}