{
    "seed": 1,
    "scores": [
        285.6917293317691,
        257.28872174220555,
        285.6917293317691,
        314.3422090177881,
        302.2216181539277,
        269.40931260606595,
        240.75883292004693,
        240.7588329200469,
        250.5793938556108,
        240.75883292004693,
        285.6917293317691,
        257.28872174220555,
        285.69172933176907,
        285.69172933176907,
        285.69172933176907,
        269.4093126060659,
        285.69172933176907,
        314.34220901778815,
        257.28872174220555,
        240.75883292004693,
        240.75883292004693,
        240.75883292004693,
        240.75883292004693,
        257.28872174220555,
        240.75883292004693,
        240.75883292004693,
        285.69172933176907,
        285.6917293317691,
        269.4093126060659,
        285.69172933176907,
        203.8186540239709,
        240.75883292004693,
        205.6464974438886,
        240.75883292004693,
        240.7588329200469,
        176.9960177578696,
        176.9960177578696,
        176.9960177578696,
        176.9960177578696,
        108.6957115738995,
        81.87307530779817,
        63.76281516217733,
        140.05583886179357,
        63.76281516217733,
        95.1229424500714
    ],
    "index": 1,
    "threshold": 2,
    "weight2": 0,
    "weight1": 1,
    "heterogeneity": 0.7,
    "lambda": 50,
    "times": [
        86.428278,
        40.425279,
        36.979731,
        30.461863,
        28.766045,
        24.768787,
        15.001407,
        25.081221,
        23.905153,
        15.082499,
        24.707502,
        23.24012,
        16.968013,
        21.789541,
        19.370531,
        32.709743,
        23.920793,
        38.435261,
        21.11481,
        15.51116,
        15.750668,
        14.042346,
        15.215077,
        31.935416,
        13.933904,
        17.424755,
        19.654962,
        18.583901,
        18.442888,
        22.813223,
        19.356955,
        13.168343,
        18.543866,
        16.065216,
        13.7607,
        10.788617,
        12.801388,
        13.132135,
        9.813825,
        9.170193,
        7.779074,
        7.247891,
        7.928102,
        6.16606,
        6.142787
    ],
    "capacityMultiplier": 0.5,
    "strictness": 1.1,
    "runTime": 924,
    "beta": 40
}