{
    "seed": 1,
    "scores": [
        176.9960177578696,
        240.7588329200469,
        240.7588329200469,
        95.1229424500714,
        221.92891416959176,
        176.9960177578696,
        176.9960177578696,
        221.92891416959174,
        205.64649744388862,
        176.9960177578696,
        285.6917293317691,
        240.75883292004693,
        221.92891416959176,
        221.92891416959176,
        285.69172933176907,
        176.9960177578696,
        285.69172933176907,
        285.6917293317691,
        176.9960177578696,
        240.75883292004693,
        176.9960177578696,
        240.75883292004693,
        240.75883292004693,
        193.52590658002825,
        176.9960177578696,
        240.7588329200469,
        285.69172933176907,
        285.6917293317691,
        240.75883292004693,
        285.69172933176907,
        240.75883292004693,
        240.75883292004693,
        240.7588329200469,
        240.75883292004693,
        240.7588329200469,
        205.64649744388862,
        176.9960177578696,
        187.53623729826776,
        176.9960177578696,
        158.88575761224874,
        81.87307530779817,
        95.1229424500714,
        140.05583886179357,
        95.1229424500714,
        95.1229424500714
    ],
    "index": 1,
    "threshold": 2,
    "weight2": 0,
    "weight1": 1,
    "heterogeneity": 0.7,
    "lambda": 50,
    "times": [
        49.113235,
        16.671083,
        18.325076,
        5.725696,
        12.691661,
        13.346737,
        9.893389,
        22.062213,
        12.783063,
        10.868393,
        28.954721,
        9.462764,
        15.397582,
        11.998616,
        17.807157,
        4.926842,
        12.876578,
        24.208346,
        5.965525,
        15.528487,
        6.988227,
        14.617784,
        13.745582,
        9.452304,
        6.36903,
        16.665252,
        18.897416,
        16.689937,
        14.66977,
        30.218995,
        20.417778,
        12.629205,
        13.402971,
        15.461,
        16.378917,
        16.78181,
        12.56201,
        17.061513,
        11.753397,
        13.668198,
        9.453237,
        12.678267,
        10.941209,
        10.629676,
        10.74902
    ],
    "capacityMultiplier": 0.5,
    "strictness": 2.5,
    "runTime": 671,
    "beta": 40
}