{
    "seed": 1,
    "scores": [
        314.3422090177881,
        314.3422090177881,
        302.22161815392775,
        314.3422090177881,
        302.2216181539277,
        302.2216181539277,
        285.9392014282246,
        267.1092826777694,
        302.2216181539277,
        314.34220901778815,
        314.34220901778804,
        285.6917293317691,
        285.69172933176907,
        285.69172933176907,
        285.69172933176907,
        269.4093126060659,
        285.69172933176907,
        285.6917293317691,
        285.6917293317691,
        285.6917293317691,
        285.6917293317691,
        240.75883292004693,
        285.69172933176907,
        285.6917293317691,
        269.40931260606595,
        240.7588329200469,
        240.7588329200469,
        193.52590658002822,
        205.6464974438886,
        203.8186540239709,
        175.4156464344074,
        240.75883292004693,
        176.9960177578696,
        190.5687868816977,
        158.88575761224874,
        176.9960177578696,
        111.65283127223006,
        28.650479686019015,
        95.1229424500714,
        44.93289641172217,
        28.650479686019015,
        44.93289641172217,
        95.1229424500714,
        63.76281516217733,
        95.1229424500714
    ],
    "index": 1,
    "threshold": 2,
    "weight2": 0,
    "weight1": 1,
    "heterogeneity": 0.7,
    "lambda": 50,
    "times": [
        118.252467,
        62.065168,
        46.379201,
        63.348023,
        47.392924,
        41.162108,
        39.000931,
        42.870819,
        41.096915,
        39.800184,
        45.700834,
        31.732485,
        29.213161,
        27.817134,
        27.079646,
        35.785816,
        29.539941,
        32.229694,
        30.510263,
        28.167928,
        33.124175,
        21.744903,
        23.15703,
        23.374546,
        38.093826,
        15.605175,
        17.240299,
        15.935493,
        14.335204,
        14.840417,
        14.69744,
        13.665292,
        8.632453,
        10.161609,
        8.240441,
        7.265159,
        5.283528,
        3.773207,
        3.582962,
        3.824843,
        3.905535,
        4.048712,
        3.676426,
        3.870579,
        3.732661
    ],
    "capacityMultiplier": 0.5,
    "strictness": 0.3,
    "runTime": 1175,
    "beta": 40
}