{
    "seed": 1,
    "scores": [
        176.9960177578696,
        176.9960177578696,
        240.7588329200469,
        95.1229424500714,
        176.9960177578696,
        176.9960177578696,
        176.9960177578696,
        176.9960177578696,
        205.64649744388862,
        176.9960177578696,
        285.6917293317691,
        176.9960177578696,
        221.92891416959176,
        221.92891416959176,
        240.75883292004693,
        95.1229424500714,
        285.6917293317691,
        285.6917293317691,
        176.9960177578696,
        240.75883292004693,
        176.9960177578696,
        240.75883292004693,
        240.75883292004693,
        176.9960177578696,
        176.9960177578696,
        240.75883292004693,
        221.92891416959174,
        285.6917293317691,
        285.69172933176907,
        240.7588329200469,
        240.75883292004693,
        240.75883292004693,
        176.9960177578696,
        240.75883292004693,
        240.75883292004693,
        205.64649744388862,
        176.9960177578696,
        187.53623729826776,
        221.92891416959176,
        203.8186540239709,
        145.6358904699755,
        176.9960177578696,
        95.1229424500714,
        95.1229424500714,
        95.1229424500714
    ],
    "index": 1,
    "threshold": 2,
    "weight2": 0,
    "weight1": 1,
    "heterogeneity": 0.7,
    "lambda": 50,
    "times": [
        46.046652,
        13.072004,
        20.242727,
        5.043261,
        5.840299,
        7.186131,
        7.674692,
        20.349215,
        10.083858,
        11.861917,
        24.849193,
        8.660712,
        18.019668,
        13.484244,
        14.027699,
        3.544615,
        17.300777,
        19.619193,
        5.591986,
        15.37342,
        7.693287,
        14.396376,
        16.420484,
        6.493418,
        6.196344,
        14.385846,
        17.057212,
        17.973983,
        20.98389,
        15.998296,
        18.159769,
        15.205586,
        9.826618,
        15.457397,
        16.54711,
        18.491689,
        17.772056,
        16.237973,
        14.243471,
        17.030452,
        15.195016,
        16.436914,
        10.311343,
        11.463423,
        11.237952
    ],
    "capacityMultiplier": 0.5,
    "strictness": 2.8,
    "runTime": 649,
    "beta": 40
}