{
    "seed": 1,
    "scores": [
        314.3422090177881,
        314.3422090177881,
        302.22161815392775,
        314.3422090177881,
        302.2216181539277,
        302.2216181539277,
        285.9392014282246,
        267.1092826777694,
        302.2216181539277,
        314.34220901778815,
        314.34220901778804,
        285.6917293317691,
        285.69172933176907,
        285.69172933176907,
        285.69172933176907,
        269.40931260606595,
        285.69172933176907,
        285.6917293317691,
        285.6917293317691,
        269.4093126060659,
        285.6917293317691,
        285.69172933176907,
        285.69172933176907,
        285.6917293317691,
        257.28872174220555,
        240.7588329200469,
        221.92891416959174,
        193.52590658002822,
        205.6464974438886,
        156.58572768395223,
        175.4156464344074,
        176.9960177578696,
        205.6464974438886,
        190.5687868816977,
        158.88575761224874,
        110.52355499381719,
        158.88575761224874,
        28.650479686019015,
        140.05583886179357,
        44.93289641172217,
        28.650479686019015,
        44.93289641172217,
        95.1229424500714,
        63.76281516217733,
        95.1229424500714
    ],
    "index": 1,
    "threshold": 2,
    "weight2": 0,
    "weight1": 1,
    "heterogeneity": 0.7,
    "lambda": 50,
    "times": [
        117.086739,
        61.774615,
        46.52358,
        51.102021,
        47.576367,
        41.208754,
        38.957079,
        47.362959,
        41.180642,
        41.233891,
        42.032132,
        34.187481,
        32.245033,
        31.97579,
        32.66616,
        40.159645,
        34.630578,
        29.965456,
        28.311797,
        28.155105,
        31.76151,
        25.564016,
        19.554802,
        21.854958,
        16.666397,
        14.524807,
        13.58363,
        13.633774,
        11.691536,
        9.924515,
        8.749821,
        8.597106,
        11.18523,
        8.483725,
        7.828551,
        6.069075,
        5.694826,
        4.360815,
        5.458164,
        3.961298,
        3.980434,
        4.018115,
        3.711231,
        3.879656,
        3.729876
    ],
    "capacityMultiplier": 0.5,
    "strictness": 0,
    "runTime": 1136,
    "beta": 40
}