{
    "seed": 1,
    "scores": [
        240.75883292004693,
        176.9960177578696,
        240.7588329200469,
        176.9960177578696,
        221.92891416959176,
        176.9960177578696,
        176.9960177578696,
        221.92891416959174,
        205.64649744388862,
        176.9960177578696,
        285.6917293317691,
        240.75883292004693,
        221.92891416959176,
        221.92891416959176,
        285.69172933176907,
        176.9960177578696,
        285.6917293317691,
        285.6917293317691,
        176.9960177578696,
        240.75883292004693,
        176.9960177578696,
        240.75883292004693,
        240.75883292004693,
        257.28872174220555,
        176.9960177578696,
        240.75883292004693,
        285.69172933176907,
        285.6917293317691,
        240.75883292004693,
        240.75883292004693,
        158.88575761224874,
        240.75883292004693,
        285.6917293317691,
        240.75883292004693,
        240.7588329200469,
        205.64649744388862,
        221.92891416959176,
        187.53623729826774,
        176.9960177578696,
        158.88575761224874,
        81.87307530779817,
        95.1229424500714,
        140.05583886179357,
        95.1229424500714,
        95.1229424500714
    ],
    "index": 1,
    "threshold": 2,
    "weight2": 0,
    "weight1": 1,
    "heterogeneity": 0.7,
    "lambda": 50,
    "times": [
        57.658268,
        12.60462,
        18.701736,
        9.269225,
        19.631127,
        9.002726,
        9.130335,
        22.462709,
        13.380473,
        10.041932,
        22.004651,
        9.455794,
        15.286802,
        12.663471,
        18.254239,
        7.549145,
        19.197255,
        22.74627,
        5.773841,
        13.31435,
        6.871556,
        14.12659,
        14.9219,
        22.455826,
        6.661213,
        14.964619,
        19.370058,
        18.733165,
        14.622138,
        22.345429,
        12.661777,
        14.196311,
        17.38978,
        15.449467,
        17.164799,
        16.80221,
        12.68441,
        21.311293,
        13.235702,
        15.364789,
        14.216409,
        11.419371,
        13.135234,
        12.075901,
        12.574284
    ],
    "capacityMultiplier": 0.5,
    "strictness": 2.2,
    "runTime": 702,
    "beta": 40
}