{
    "seed": 1,
    "scores": [
        314.3422090177881,
        314.34220901778804,
        302.22161815392775,
        314.3422090177881,
        302.2216181539277,
        302.2216181539277,
        285.9392014282246,
        267.1092826777694,
        302.2216181539277,
        314.34220901778815,
        314.3422090177881,
        285.6917293317691,
        285.69172933176907,
        285.69172933176907,
        285.69172933176907,
        269.4093126060659,
        285.69172933176907,
        285.6917293317691,
        257.28872174220555,
        285.6917293317691,
        269.4093126060659,
        285.69172933176907,
        285.69172933176907,
        285.6917293317691,
        269.40931260606595,
        240.7588329200469,
        221.92891416959174,
        193.52590658002822,
        205.6464974438886,
        203.8186540239709,
        158.88575761224874,
        240.75883292004693,
        205.6464974438886,
        240.75883292004693,
        158.88575761224874,
        73.58337609774118,
        95.1229424500714,
        28.650479686019015,
        140.05583886179357,
        108.6957115738995,
        28.650479686019015,
        44.93289641172217,
        95.1229424500714,
        63.76281516217733,
        95.1229424500714
    ],
    "index": 1,
    "threshold": 2,
    "weight2": 0,
    "weight1": 1,
    "heterogeneity": 0.7,
    "lambda": 50,
    "times": [
        115.704817,
        62.729964,
        48.548474,
        49.006518,
        47.794151,
        43.596693,
        36.711797,
        39.216843,
        43.533003,
        34.642975,
        37.699189,
        32.259088,
        23.582132,
        25.11332,
        28.848596,
        25.958804,
        23.672542,
        26.092587,
        23.553468,
        22.376266,
        21.43949,
        19.916147,
        44.058154,
        21.055706,
        17.874656,
        11.882103,
        16.161254,
        16.60994,
        10.272806,
        13.149923,
        6.126416,
        13.358677,
        7.512721,
        11.802393,
        5.321958,
        5.790152,
        3.512415,
        3.816238,
        4.920973,
        5.284537,
        3.495894,
        3.535259,
        3.260891,
        3.455137,
        3.274777
    ],
    "capacityMultiplier": 0.5,
    "strictness": 0.5,
    "runTime": 1067,
    "beta": 40
}