{
    "seed": 1,
    "scores": [
        240.75883292004693,
        257.28872174220555,
        285.6917293317691,
        176.9960177578696,
        221.92891416959176,
        176.9960177578696,
        240.7588329200469,
        240.7588329200469,
        205.64649744388862,
        240.7588329200469,
        285.6917293317691,
        240.75883292004693,
        221.92891416959176,
        221.92891416959176,
        285.69172933176907,
        240.7588329200469,
        285.6917293317691,
        285.6917293317691,
        193.52590658002825,
        240.75883292004693,
        240.75883292004693,
        240.7588329200469,
        240.75883292004693,
        257.28872174220555,
        285.6917293317691,
        240.75883292004693,
        285.69172933176907,
        285.6917293317691,
        285.6917293317691,
        285.69172933176907,
        240.75883292004693,
        240.75883292004693,
        240.75883292004693,
        240.75883292004693,
        240.7588329200469,
        176.9960177578696,
        176.9960177578696,
        176.9960177578696,
        176.9960177578696,
        145.6358904699755,
        110.52355499381719,
        158.88575761224874,
        140.05583886179357,
        63.76281516217733,
        95.1229424500714
    ],
    "index": 1,
    "threshold": 2,
    "weight2": 0,
    "weight1": 1,
    "heterogeneity": 0.7,
    "lambda": 50,
    "times": [
        66.111219,
        26.444207,
        35.479068,
        8.480164,
        13.994948,
        9.595288,
        13.972546,
        18.939886,
        12.972687,
        15.768181,
        25.461872,
        14.629072,
        18.443519,
        12.722811,
        18.70074,
        11.124875,
        19.527374,
        22.370827,
        9.300226,
        15.937116,
        13.717449,
        16.070054,
        13.297234,
        33.453413,
        17.679661,
        14.846047,
        19.253652,
        17.260799,
        24.400538,
        26.142744,
        18.788653,
        18.322142,
        14.525609,
        14.45131,
        16.352742,
        13.606051,
        11.675293,
        13.780647,
        11.558666,
        10.508163,
        12.302065,
        12.969552,
        11.679912,
        14.714582,
        10.22288
    ],
    "capacityMultiplier": 0.5,
    "strictness": 1.7,
    "runTime": 791,
    "beta": 40
}