{
    "seed": 1,
    "scores": [
        314.3422090177881,
        314.3422090177881,
        302.22161815392775,
        314.3422090177881,
        302.2216181539277,
        302.2216181539277,
        285.9392014282246,
        267.1092826777694,
        302.2216181539277,
        314.34220901778815,
        314.34220901778804,
        269.4093126060659,
        285.69172933176907,
        285.69172933176907,
        285.69172933176907,
        269.4093126060659,
        285.69172933176907,
        285.6917293317691,
        285.6917293317691,
        285.6917293317691,
        285.6917293317691,
        240.75883292004693,
        285.69172933176907,
        285.6917293317691,
        240.75883292004693,
        240.75883292004693,
        240.7588329200469,
        193.52590658002822,
        205.6464974438886,
        203.8186540239709,
        175.4156464344074,
        240.75883292004693,
        205.6464974438886,
        190.5687868816977,
        158.88575761224874,
        28.650479686019015,
        95.1229424500714,
        28.650479686019015,
        140.05583886179357,
        108.6957115738995,
        28.650479686019015,
        44.93289641172217,
        140.05583886179357,
        63.76281516217733,
        95.1229424500714
    ],
    "index": 1,
    "threshold": 2,
    "weight2": 0,
    "weight1": 1,
    "heterogeneity": 0.7,
    "lambda": 50,
    "times": [
        116.658836,
        61.284839,
        45.984521,
        50.604088,
        46.886658,
        40.558886,
        38.526817,
        42.547635,
        40.883363,
        40.680694,
        39.19719,
        32.504106,
        30.191682,
        27.328649,
        26.694402,
        31.772137,
        30.681257,
        28.574789,
        26.383592,
        24.035001,
        27.45767,
        21.350121,
        23.86371,
        22.37652,
        18.311839,
        18.57923,
        16.885242,
        15.106276,
        13.944433,
        15.908595,
        13.05518,
        12.675821,
        11.589981,
        8.923826,
        6.271497,
        4.362667,
        3.956407,
        4.290973,
        5.365833,
        5.67417,
        4.369911,
        4.489735,
        5.495315,
        3.827888,
        3.653511
    ],
    "capacityMultiplier": 0.5,
    "strictness": 0.2,
    "runTime": 1113,
    "beta": 40
}