{
    "seed": 1,
    "scores": [
        240.75883292004693,
        240.7588329200469,
        240.7588329200469,
        176.9960177578696,
        221.92891416959176,
        176.9960177578696,
        176.9960177578696,
        221.92891416959174,
        205.64649744388862,
        240.7588329200469,
        285.6917293317691,
        240.75883292004693,
        221.92891416959176,
        221.92891416959176,
        285.69172933176907,
        176.9960177578696,
        285.6917293317691,
        285.6917293317691,
        193.52590658002825,
        240.75883292004693,
        193.52590658002825,
        240.75883292004693,
        240.75883292004693,
        240.75883292004693,
        240.75883292004693,
        240.7588329200469,
        285.69172933176907,
        285.6917293317691,
        285.6917293317691,
        285.69172933176907,
        240.75883292004693,
        240.75883292004693,
        285.6917293317691,
        240.75883292004693,
        240.75883292004693,
        221.92891416959176,
        221.92891416959176,
        187.53623729826774,
        176.9960177578696,
        145.6358904699755,
        81.87307530779817,
        95.1229424500714,
        140.05583886179357,
        95.1229424500714,
        95.1229424500714
    ],
    "index": 1,
    "threshold": 2,
    "weight2": 0,
    "weight1": 1,
    "heterogeneity": 0.7,
    "lambda": 50,
    "times": [
        60.306391,
        15.839633,
        19.425255,
        9.416482,
        18.258207,
        10.265504,
        9.778411,
        21.483423,
        12.953343,
        10.777474,
        20.808428,
        14.687804,
        15.534121,
        12.772534,
        18.358956,
        5.057641,
        28.01587,
        21.667298,
        8.919981,
        15.766706,
        11.684504,
        14.804292,
        14.027697,
        15.268152,
        13.616196,
        15.64061,
        20.156356,
        20.98024,
        18.524507,
        26.064642,
        19.312765,
        13.210414,
        16.581263,
        14.496195,
        21.541842,
        18.723039,
        15.799398,
        15.51784,
        12.151649,
        11.085251,
        9.305454,
        10.459738,
        10.559335,
        10.160578,
        8.949126
    ],
    "capacityMultiplier": 0.5,
    "strictness": 1.9,
    "runTime": 728,
    "beta": 40
}