{
    "seed": 1,
    "scores": [
        314.3422090177881,
        314.3422090177881,
        302.22161815392775,
        314.3422090177881,
        302.2216181539277,
        302.2216181539277,
        285.9392014282246,
        267.1092826777694,
        302.2216181539277,
        314.34220901778815,
        314.34220901778804,
        285.6917293317691,
        285.69172933176907,
        285.69172933176907,
        285.69172933176907,
        269.40931260606595,
        285.69172933176907,
        285.6917293317691,
        285.6917293317691,
        285.6917293317691,
        285.6917293317691,
        285.69172933176907,
        285.69172933176907,
        285.6917293317691,
        257.28872174220555,
        240.7588329200469,
        240.7588329200469,
        156.58572768395223,
        205.6464974438886,
        203.8186540239709,
        175.4156464344074,
        176.9960177578696,
        205.6464974438886,
        145.6358904699755,
        158.88575761224874,
        110.52355499381719,
        95.1229424500714,
        28.650479686019015,
        140.05583886179357,
        108.6957115738995,
        28.650479686019015,
        44.93289641172217,
        95.1229424500714,
        63.76281516217733,
        95.1229424500714
    ],
    "index": 1,
    "threshold": 2,
    "weight2": 0,
    "weight1": 1,
    "heterogeneity": 0.7,
    "lambda": 50,
    "times": [
        118.064605,
        64.195601,
        52.18806,
        52.433339,
        50.595343,
        40.805798,
        38.814885,
        40.014759,
        43.39562,
        40.953855,
        39.603169,
        33.762839,
        31.844803,
        31.885298,
        35.739024,
        32.354476,
        32.286068,
        30.492695,
        30.863337,
        29.635712,
        33.017516,
        33.158309,
        29.770194,
        28.2761,
        21.988353,
        18.088692,
        17.401587,
        14.487438,
        15.189381,
        13.342447,
        9.636809,
        9.522475,
        9.138678,
        8.164165,
        8.203118,
        9.502197,
        4.045194,
        4.319056,
        5.330387,
        5.720506,
        3.875266,
        3.931761,
        3.622413,
        3.863223,
        3.702453
    ],
    "capacityMultiplier": 0.5,
    "strictness": 0.1,
    "runTime": 1187,
    "beta": 40
}