{
    "seed": 1,
    "scores": [
        240.75883292004693,
        176.9960177578696,
        240.7588329200469,
        158.88575761224874,
        221.92891416959176,
        176.9960177578696,
        176.9960177578696,
        221.92891416959174,
        205.64649744388862,
        176.9960177578696,
        285.6917293317691,
        240.75883292004693,
        221.92891416959176,
        221.92891416959176,
        285.69172933176907,
        176.9960177578696,
        285.6917293317691,
        285.6917293317691,
        176.9960177578696,
        240.75883292004693,
        176.9960177578696,
        240.75883292004693,
        240.75883292004693,
        193.52590658002825,
        176.9960177578696,
        240.7588329200469,
        285.69172933176907,
        285.6917293317691,
        240.75883292004693,
        240.75883292004693,
        240.75883292004693,
        240.75883292004693,
        285.6917293317691,
        240.75883292004693,
        240.7588329200469,
        205.64649744388862,
        176.9960177578696,
        176.9960177578696,
        221.92891416959176,
        203.8186540239709,
        145.6358904699755,
        95.1229424500714,
        140.05583886179357,
        95.1229424500714,
        95.1229424500714
    ],
    "index": 1,
    "threshold": 2,
    "weight2": 0,
    "weight1": 1,
    "heterogeneity": 0.7,
    "lambda": 50,
    "times": [
        56.447678,
        10.276474,
        18.528674,
        8.655165,
        18.141489,
        9.708209,
        8.280002,
        22.808267,
        12.44006,
        9.820199,
        28.399538,
        9.282551,
        15.834774,
        12.292253,
        18.074062,
        4.910866,
        22.14819,
        19.723654,
        5.467018,
        15.100237,
        7.549973,
        14.621349,
        12.78123,
        9.471295,
        6.12355,
        16.746884,
        19.265997,
        16.336996,
        14.59991,
        21.27372,
        21.879205,
        12.878492,
        16.612863,
        15.34715,
        14.65868,
        17.299911,
        10.6474,
        13.192661,
        13.381886,
        15.070893,
        18.472899,
        10.50341,
        13.179046,
        11.233749,
        11.626726
    ],
    "capacityMultiplier": 0.5,
    "strictness": 2.4,
    "runTime": 681,
    "beta": 40
}