{
    "seed": 1,
    "scores": [
        314.3422090177881,
        314.3422090177881,
        302.22161815392775,
        314.3422090177881,
        302.2216181539277,
        302.2216181539277,
        285.9392014282246,
        267.1092826777694,
        285.6917293317691,
        314.34220901778815,
        314.34220901778804,
        285.6917293317691,
        302.2216181539277,
        285.69172933176907,
        285.69172933176907,
        269.4093126060659,
        285.69172933176907,
        285.6917293317691,
        257.28872174220555,
        285.6917293317691,
        269.4093126060659,
        240.75883292004693,
        285.69172933176907,
        240.75883292004693,
        269.40931260606595,
        240.7588329200469,
        221.92891416959174,
        193.52590658002822,
        205.6464974438886,
        203.8186540239709,
        175.4156464344074,
        240.75883292004693,
        205.6464974438886,
        240.75883292004693,
        158.88575761224874,
        28.650479686019015,
        95.1229424500714,
        28.650479686019015,
        140.05583886179357,
        108.6957115738995,
        28.650479686019015,
        44.93289641172217,
        140.05583886179357,
        63.76281516217733,
        95.1229424500714
    ],
    "index": 1,
    "threshold": 2,
    "weight2": 0,
    "weight1": 1,
    "heterogeneity": 0.7,
    "lambda": 50,
    "times": [
        116.265889,
        61.804356,
        50.042236,
        49.834589,
        43.999689,
        41.369151,
        36.650845,
        40.616155,
        37.146591,
        36.950204,
        34.097591,
        33.045507,
        29.942668,
        27.542678,
        26.866126,
        27.140057,
        32.100314,
        31.117039,
        24.894376,
        24.902672,
        23.193402,
        18.694516,
        21.950994,
        17.439605,
        24.460918,
        16.292524,
        19.254031,
        19.166057,
        16.206574,
        17.4475,
        13.98093,
        10.881847,
        13.924896,
        11.778981,
        9.780261,
        5.371514,
        4.833029,
        5.185107,
        6.635483,
        6.669085,
        5.234257,
        7.895003,
        6.545234,
        4.663713,
        4.504917
    ],
    "capacityMultiplier": 0.5,
    "strictness": 0.4,
    "runTime": 1118,
    "beta": 40
}