{
    "seed": 1,
    "scores": [
        176.9960177578696,
        176.9960177578696,
        240.7588329200469,
        95.1229424500714,
        176.9960177578696,
        176.9960177578696,
        176.9960177578696,
        176.9960177578696,
        176.9960177578696,
        176.9960177578696,
        285.6917293317691,
        176.9960177578696,
        221.92891416959176,
        221.92891416959176,
        240.75883292004693,
        95.1229424500714,
        285.6917293317691,
        221.92891416959176,
        176.9960177578696,
        240.75883292004693,
        176.9960177578696,
        240.75883292004693,
        240.75883292004693,
        176.9960177578696,
        176.9960177578696,
        240.75883292004693,
        221.92891416959174,
        285.6917293317691,
        285.6917293317691,
        240.7588329200469,
        240.75883292004693,
        240.75883292004693,
        240.75883292004693,
        240.75883292004693,
        240.75883292004693,
        205.64649744388862,
        176.9960177578696,
        205.64649744388862,
        221.92891416959176,
        203.8186540239709,
        145.6358904699755,
        176.9960177578696,
        176.9960177578696,
        95.1229424500714,
        95.1229424500714
    ],
    "index": 1,
    "threshold": 2,
    "weight2": 0,
    "weight1": 1,
    "heterogeneity": 0.7,
    "lambda": 50,
    "times": [
        46.715888,
        13.388074,
        20.804348,
        5.202319,
        6.218301,
        7.876095,
        8.307573,
        22.389806,
        7.124087,
        11.521219,
        25.812484,
        8.478803,
        16.192084,
        12.58486,
        13.522125,
        3.705066,
        18.659974,
        12.915248,
        5.852156,
        16.152319,
        7.723379,
        14.697806,
        16.536368,
        6.89567,
        6.472658,
        15.572123,
        17.016196,
        22.542782,
        21.10489,
        19.77972,
        18.310269,
        18.414184,
        21.784473,
        16.615656,
        14.721099,
        20.463991,
        15.497984,
        21.458583,
        14.912969,
        18.977448,
        16.675187,
        17.970402,
        18.77012,
        13.1403,
        12.380839
    ],
    "capacityMultiplier": 0.5,
    "strictness": 2.9,
    "runTime": 691,
    "beta": 40
}