{
    "seed": 1,
    "scores": [
        285.6917293317691,
        285.9392014282246,
        285.6917293317691,
        285.69172933176907,
        302.2216181539277,
        285.6917293317691,
        240.75883292004693,
        240.7588329200469,
        250.5793938556108,
        285.6917293317691,
        285.6917293317691,
        257.28872174220555,
        285.69172933176907,
        285.69172933176907,
        285.69172933176907,
        205.6464974438886,
        285.6917293317691,
        314.34220901778815,
        257.28872174220555,
        240.75883292004693,
        240.75883292004693,
        285.69172933176907,
        240.75883292004693,
        285.6917293317691,
        240.75883292004693,
        240.75883292004693,
        285.69172933176907,
        240.75883292004693,
        285.6917293317691,
        285.69172933176907,
        221.92891416959174,
        240.75883292004693,
        240.7588329200469,
        240.75883292004693,
        240.7588329200469,
        176.9960177578696,
        176.9960177578696,
        176.9960177578696,
        140.05583886179357,
        108.6957115738995,
        28.650479686019015,
        44.93289641172217,
        140.05583886179357,
        63.76281516217733,
        95.1229424500714
    ],
    "index": 1,
    "threshold": 2,
    "weight2": 0,
    "weight1": 1,
    "heterogeneity": 0.7,
    "lambda": 50,
    "times": [
        85.566796,
        65.454602,
        32.361467,
        29.426139,
        37.781411,
        46.525009,
        15.322669,
        21.948587,
        24.883335,
        22.362712,
        26.935131,
        26.566852,
        18.04056,
        21.338326,
        19.664036,
        15.460527,
        22.879288,
        41.279532,
        25.011114,
        17.909566,
        17.856477,
        16.817765,
        14.797146,
        28.542636,
        12.842221,
        16.866595,
        40.426206,
        21.904756,
        26.00923,
        26.177685,
        19.147992,
        10.475877,
        10.656004,
        13.240325,
        10.69187,
        10.674117,
        8.149337,
        10.82545,
        7.673397,
        9.024664,
        6.13483,
        6.275825,
        8.069417,
        9.505052,
        5.923896
    ],
    "capacityMultiplier": 0.5,
    "strictness": 1,
    "runTime": 985,
    "beta": 40
}