{
    "seed": 1,
    "scores": [
        285.6917293317691,
        257.28872174220555,
        285.6917293317691,
        176.9960177578696,
        285.6917293317691,
        269.40931260606595,
        240.75883292004693,
        240.7588329200469,
        250.5793938556108,
        240.75883292004693,
        285.6917293317691,
        257.28872174220555,
        285.69172933176907,
        285.69172933176907,
        285.69172933176907,
        240.7588329200469,
        285.6917293317691,
        285.6917293317691,
        257.28872174220555,
        240.75883292004693,
        240.75883292004693,
        240.75883292004693,
        240.75883292004693,
        257.28872174220555,
        240.75883292004693,
        240.75883292004693,
        285.69172933176907,
        240.75883292004693,
        285.6917293317691,
        285.69172933176907,
        240.75883292004693,
        240.75883292004693,
        240.75883292004693,
        240.75883292004693,
        240.7588329200469,
        176.9960177578696,
        176.9960177578696,
        158.88575761224874,
        140.05583886179357,
        108.6957115738995,
        81.87307530779817,
        95.1229424500714,
        95.1229424500714,
        95.1229424500714,
        95.1229424500714
    ],
    "index": 1,
    "threshold": 2,
    "weight2": 0,
    "weight1": 1,
    "heterogeneity": 0.7,
    "lambda": 50,
    "times": [
        75.06465,
        43.276059,
        29.448496,
        11.331895,
        18.020531,
        24.213913,
        14.888273,
        19.572549,
        19.151694,
        14.131726,
        25.513725,
        22.620016,
        16.744414,
        21.215097,
        19.776864,
        11.225884,
        22.621559,
        26.73615,
        14.042177,
        14.693896,
        15.063914,
        17.210893,
        15.77753,
        23.473115,
        13.036279,
        14.83419,
        20.146812,
        15.000344,
        22.135132,
        28.791167,
        19.233409,
        15.859836,
        16.085291,
        16.0164,
        17.647988,
        15.663225,
        11.143329,
        14.776101,
        11.369595,
        12.895193,
        10.146188,
        10.191764,
        8.795,
        9.071972,
        8.749163
    ],
    "capacityMultiplier": 0.5,
    "strictness": 1.4,
    "runTime": 847,
    "beta": 40
}