{
    "seed": 1,
    "scores": [
        176.9960177578696,
        176.9960177578696,
        240.7588329200469,
        95.1229424500714,
        221.92891416959176,
        176.9960177578696,
        176.9960177578696,
        221.92891416959174,
        205.64649744388862,
        176.9960177578696,
        285.6917293317691,
        240.75883292004693,
        221.92891416959176,
        221.92891416959176,
        240.75883292004693,
        176.9960177578696,
        285.69172933176907,
        221.92891416959176,
        176.9960177578696,
        240.75883292004693,
        176.9960177578696,
        240.75883292004693,
        240.75883292004693,
        176.9960177578696,
        176.9960177578696,
        240.7588329200469,
        285.69172933176907,
        240.75883292004693,
        285.69172933176907,
        285.6917293317691,
        240.75883292004693,
        240.75883292004693,
        240.7588329200469,
        240.75883292004693,
        240.75883292004693,
        205.64649744388862,
        176.9960177578696,
        205.64649744388862,
        221.92891416959176,
        158.88575761224874,
        110.52355499381719,
        95.1229424500714,
        140.05583886179357,
        95.1229424500714,
        95.1229424500714
    ],
    "index": 1,
    "threshold": 2,
    "weight2": 0,
    "weight1": 1,
    "heterogeneity": 0.7,
    "lambda": 50,
    "times": [
        52.473305,
        13.805684,
        20.200065,
        5.48409,
        11.153756,
        8.286468,
        13.553682,
        18.735096,
        10.102231,
        10.911745,
        29.703828,
        9.277309,
        15.246526,
        11.470219,
        8.932465,
        4.828454,
        10.93112,
        14.052244,
        5.912631,
        15.133696,
        6.83801,
        21.703765,
        14.111255,
        6.513514,
        7.241184,
        17.527209,
        20.196438,
        21.262811,
        18.583513,
        23.259704,
        18.487704,
        21.425997,
        16.38802,
        17.141939,
        15.561956,
        18.57085,
        12.99092,
        18.05228,
        14.556527,
        15.112546,
        14.385597,
        11.881467,
        12.966004,
        14.480044,
        9.313007
    ],
    "capacityMultiplier": 0.5,
    "strictness": 2.7,
    "runTime": 678,
    "beta": 40
}