{
    "seed": 1,
    "scores": [
        314.3422090177881,
        314.34220901778804,
        302.22161815392775,
        314.3422090177881,
        302.2216181539277,
        285.6917293317691,
        269.4093126060659,
        250.57939385561076,
        269.40931260606595,
        314.34220901778815,
        314.3422090177881,
        257.28872174220555,
        285.69172933176907,
        285.69172933176907,
        285.69172933176907,
        269.4093126060659,
        285.69172933176907,
        285.6917293317691,
        257.28872174220555,
        240.75883292004693,
        240.75883292004693,
        240.7588329200469,
        269.40931260606595,
        285.6917293317691,
        240.75883292004693,
        240.75883292004693,
        240.7588329200469,
        240.75883292004693,
        240.75883292004693,
        240.7588329200469,
        219.2192665677167,
        240.75883292004693,
        205.6464974438886,
        240.75883292004693,
        240.7588329200469,
        205.64649744388862,
        140.05583886179357,
        123.77342213609042,
        95.1229424500714,
        63.76281516217733,
        28.650479686019015,
        44.93289641172217,
        95.1229424500714,
        63.76281516217733,
        95.1229424500714
    ],
    "index": 1,
    "threshold": 2,
    "weight2": 0,
    "weight1": 1,
    "heterogeneity": 0.7,
    "lambda": 50,
    "times": [
        96.062447,
        60.142754,
        43.15439,
        47.196317,
        52.780879,
        31.192253,
        19.654049,
        28.5596,
        28.070977,
        29.739135,
        40.761926,
        27.910116,
        21.838202,
        26.0135,
        19.624533,
        21.652305,
        25.741992,
        26.207492,
        19.433316,
        15.519738,
        17.043989,
        14.909217,
        19.834326,
        25.984426,
        15.26385,
        13.433568,
        24.132974,
        18.586543,
        14.71857,
        24.14175,
        20.576112,
        11.69102,
        8.921642,
        14.059889,
        8.191586,
        12.741805,
        6.6746,
        7.550779,
        5.042458,
        6.533717,
        5.400037,
        5.464858,
        5.099966,
        5.306191,
        5.174125
    ],
    "capacityMultiplier": 0.5,
    "strictness": 0.8,
    "runTime": 997,
    "beta": 40
}