{
    "seed": 1,
    "scores": [
        240.75883292004693,
        257.28872174220555,
        240.7588329200469,
        221.92891416959174,
        221.92891416959176,
        221.92891416959176,
        240.7588329200469,
        240.7588329200469,
        205.64649744388862,
        240.75883292004693,
        285.6917293317691,
        240.75883292004693,
        221.92891416959176,
        285.69172933176907,
        285.69172933176907,
        176.9960177578696,
        285.6917293317691,
        285.6917293317691,
        257.28872174220555,
        240.75883292004693,
        240.75883292004693,
        240.7588329200469,
        240.75883292004693,
        240.75883292004693,
        240.75883292004693,
        240.75883292004693,
        285.69172933176907,
        285.6917293317691,
        285.6917293317691,
        285.69172933176907,
        240.75883292004693,
        240.75883292004693,
        240.75883292004693,
        240.75883292004693,
        240.75883292004693,
        205.64649744388862,
        221.92891416959176,
        176.9960177578696,
        176.9960177578696,
        158.88575761224874,
        81.87307530779817,
        95.1229424500714,
        95.1229424500714,
        95.1229424500714,
        95.1229424500714
    ],
    "index": 1,
    "threshold": 2,
    "weight2": 0,
    "weight1": 1,
    "heterogeneity": 0.7,
    "lambda": 50,
    "times": [
        64.715256,
        27.03449,
        24.880072,
        18.447263,
        14.523917,
        16.257098,
        17.34413,
        21.232541,
        14.975151,
        16.065179,
        26.838072,
        14.962497,
        15.720444,
        21.829076,
        18.936377,
        8.810514,
        20.176176,
        23.306148,
        13.187398,
        15.57917,
        13.96894,
        15.861889,
        16.400707,
        14.830651,
        13.169144,
        16.901202,
        19.113749,
        33.140366,
        17.651055,
        28.513595,
        17.346605,
        13.880484,
        10.020597,
        13.625076,
        13.481648,
        17.704524,
        14.489142,
        12.102148,
        11.377774,
        12.099083,
        13.020476,
        9.450491,
        9.423941,
        9.647549,
        8.448027
    ],
    "capacityMultiplier": 0.5,
    "strictness": 1.6,
    "runTime": 790,
    "beta": 40
}