{
    "seed": 1,
    "scores": [
        269.40931260606595,
        257.28872174220555,
        285.6917293317691,
        176.9960177578696,
        221.92891416959176,
        285.6917293317691,
        240.7588329200469,
        240.7588329200469,
        205.64649744388862,
        240.75883292004693,
        285.6917293317691,
        240.75883292004693,
        285.69172933176907,
        240.75883292004693,
        285.69172933176907,
        176.9960177578696,
        285.6917293317691,
        314.34220901778815,
        257.28872174220555,
        240.75883292004693,
        240.75883292004693,
        240.7588329200469,
        240.75883292004693,
        257.28872174220555,
        240.75883292004693,
        240.7588329200469,
        285.69172933176907,
        285.6917293317691,
        285.6917293317691,
        285.69172933176907,
        240.75883292004693,
        240.75883292004693,
        240.7588329200469,
        240.75883292004693,
        240.7588329200469,
        205.64649744388862,
        176.9960177578696,
        176.9960177578696,
        176.9960177578696,
        108.6957115738995,
        81.87307530779817,
        95.1229424500714,
        95.1229424500714,
        95.1229424500714,
        95.1229424500714
    ],
    "index": 1,
    "threshold": 2,
    "weight2": 0,
    "weight1": 1,
    "heterogeneity": 0.7,
    "lambda": 50,
    "times": [
        72.466015,
        35.445372,
        29.952349,
        9.797808,
        13.140558,
        19.05067,
        14.676646,
        18.964379,
        13.549972,
        14.394047,
        27.778512,
        15.792828,
        17.223769,
        14.39548,
        19.773679,
        8.737419,
        22.927627,
        29.907085,
        12.724552,
        18.390337,
        13.700874,
        16.54376,
        13.745407,
        15.631177,
        12.880282,
        16.686026,
        19.309944,
        17.59329,
        21.962395,
        28.781924,
        15.56347,
        15.112138,
        14.635018,
        14.231755,
        10.848681,
        16.92387,
        12.209541,
        13.646302,
        11.106081,
        10.756969,
        9.327701,
        13.405633,
        10.090424,
        10.41475,
        9.895301
    ],
    "capacityMultiplier": 0.5,
    "strictness": 1.5,
    "runTime": 794,
    "beta": 40
}