{
    "seed": 1,
    "scores": [
        240.75883292004693,
        240.7588329200469,
        240.7588329200469,
        176.9960177578696,
        221.92891416959176,
        176.9960177578696,
        240.7588329200469,
        240.7588329200469,
        205.64649744388862,
        240.75883292004693,
        285.6917293317691,
        240.75883292004693,
        221.92891416959176,
        221.92891416959176,
        285.69172933176907,
        221.92891416959176,
        285.6917293317691,
        285.6917293317691,
        257.28872174220555,
        240.75883292004693,
        193.52590658002825,
        240.75883292004693,
        240.75883292004693,
        257.28872174220555,
        240.75883292004693,
        240.75883292004693,
        285.69172933176907,
        285.6917293317691,
        285.6917293317691,
        285.69172933176907,
        240.75883292004693,
        240.75883292004693,
        240.75883292004693,
        240.75883292004693,
        240.7588329200469,
        176.9960177578696,
        221.92891416959176,
        187.53623729826774,
        176.9960177578696,
        158.88575761224874,
        81.87307530779817,
        95.1229424500714,
        140.05583886179357,
        63.76281516217733,
        95.1229424500714
    ],
    "index": 1,
    "threshold": 2,
    "weight2": 0,
    "weight1": 1,
    "heterogeneity": 0.7,
    "lambda": 50,
    "times": [
        63.471717,
        15.813926,
        19.034052,
        13.528365,
        15.044188,
        10.786053,
        11.524091,
        21.38211,
        12.92558,
        14.466839,
        24.725345,
        14.83171,
        15.640452,
        13.000119,
        21.377811,
        10.475081,
        19.878931,
        21.816311,
        12.091521,
        15.256685,
        12.291966,
        15.963094,
        16.178357,
        23.083488,
        16.968623,
        14.592714,
        19.727878,
        17.962691,
        23.365114,
        25.795755,
        20.957927,
        15.028729,
        16.709249,
        18.60993,
        17.330649,
        15.13644,
        14.051543,
        16.76365,
        11.862543,
        11.883833,
        10.278454,
        10.75805,
        12.162424,
        10.036161,
        9.941043
    ],
    "capacityMultiplier": 0.5,
    "strictness": 1.8,
    "runTime": 764,
    "beta": 40
}