{
    "seed": 1,
    "scores": [
        314.3422090177881,
        314.34220901778804,
        302.22161815392775,
        314.3422090177881,
        302.2216181539277,
        302.2216181539277,
        285.6917293317691,
        250.57939385561076,
        269.40931260606595,
        314.34220901778815,
        314.3422090177881,
        269.4093126060659,
        285.69172933176907,
        314.3422090177881,
        285.69172933176907,
        232.4691337099899,
        285.69172933176907,
        285.6917293317691,
        257.28872174220555,
        285.6917293317691,
        240.75883292004693,
        240.75883292004693,
        285.69172933176907,
        285.6917293317691,
        269.40931260606595,
        240.7588329200469,
        240.7588329200469,
        193.52590658002822,
        203.8186540239709,
        203.8186540239709,
        175.4156464344074,
        240.75883292004693,
        205.6464974438886,
        240.75883292004693,
        158.88575761224874,
        176.9960177578696,
        123.77342213609042,
        28.650479686019015,
        140.05583886179357,
        108.6957115738995,
        28.650479686019015,
        44.93289641172217,
        95.1229424500714,
        63.76281516217733,
        95.1229424500714
    ],
    "index": 1,
    "threshold": 2,
    "weight2": 0,
    "weight1": 1,
    "heterogeneity": 0.7,
    "lambda": 50,
    "times": [
        115.591708,
        59.433274,
        45.421737,
        48.027164,
        49.610278,
        40.580847,
        31.37184,
        32.348038,
        33.409695,
        30.785974,
        33.791509,
        31.661593,
        21.50409,
        37.503296,
        23.864718,
        25.092476,
        20.794572,
        25.452621,
        24.531717,
        26.455128,
        17.650628,
        16.958131,
        21.15703,
        22.811557,
        17.560629,
        12.446517,
        18.73117,
        16.049921,
        8.817013,
        14.900009,
        11.353951,
        12.096872,
        8.385345,
        15.540578,
        6.5928,
        9.129217,
        6.397474,
        4.760531,
        6.249167,
        6.660186,
        4.554996,
        4.401178,
        4.231139,
        4.299868,
        4.34885
    ],
    "capacityMultiplier": 0.5,
    "strictness": 0.6,
    "runTime": 1033,
    "beta": 40
}