{
    "seed": 1,
    "scores": [
        95.1229424500714,
        176.9960177578696,
        240.7588329200469,
        95.1229424500714,
        176.9960177578696,
        176.9960177578696,
        176.9960177578696,
        203.8186540239709,
        95.1229424500714,
        176.9960177578696,
        285.6917293317691,
        240.75883292004693,
        221.92891416959176,
        176.9960177578696,
        158.88575761224874,
        95.1229424500714,
        285.6917293317691,
        221.92891416959176,
        176.9960177578696,
        240.75883292004693,
        176.9960177578696,
        240.75883292004693,
        240.75883292004693,
        176.9960177578696,
        176.9960177578696,
        240.7588329200469,
        221.92891416959174,
        285.6917293317691,
        240.75883292004693,
        240.7588329200469,
        240.75883292004693,
        240.75883292004693,
        240.75883292004693,
        240.75883292004693,
        240.75883292004693,
        205.64649744388862,
        221.92891416959176,
        205.64649744388862,
        221.92891416959176,
        158.88575761224874,
        145.6358904699755,
        176.9960177578696,
        176.9960177578696,
        95.1229424500714,
        111.65283127223006
    ],
    "index": 1,
    "threshold": 2,
    "weight2": 0,
    "weight1": 1,
    "heterogeneity": 0.7,
    "lambda": 50,
    "times": [
        39.786368,
        16.965736,
        20.202177,
        5.073041,
        5.892677,
        6.040113,
        7.827832,
        22.820311,
        3.991926,
        11.353595,
        25.19572,
        9.994579,
        17.308188,
        5.570182,
        6.944877,
        3.698608,
        14.890549,
        12.574711,
        5.509149,
        15.370418,
        6.709938,
        13.004627,
        12.52074,
        6.482913,
        6.206164,
        16.984291,
        20.459139,
        18.504288,
        17.388839,
        19.670913,
        18.19104,
        15.34484,
        14.050426,
        14.450325,
        15.663517,
        17.473807,
        14.5598,
        23.233716,
        13.809365,
        19.727058,
        15.283606,
        17.356728,
        15.669207,
        13.250658,
        16.526784
    ],
    "capacityMultiplier": 0.5,
    "strictness": 3,
    "runTime": 639,
    "beta": 40
}