{
    "seed": 1,
    "scores": [
        240.75883292004693,
        176.9960177578696,
        240.7588329200469,
        158.88575761224874,
        221.92891416959176,
        176.9960177578696,
        176.9960177578696,
        221.92891416959174,
        205.64649744388862,
        176.9960177578696,
        285.6917293317691,
        240.75883292004693,
        221.92891416959176,
        221.92891416959176,
        285.69172933176907,
        176.9960177578696,
        285.6917293317691,
        285.6917293317691,
        176.9960177578696,
        240.75883292004693,
        176.9960177578696,
        240.75883292004693,
        240.75883292004693,
        257.28872174220555,
        176.9960177578696,
        240.75883292004693,
        285.69172933176907,
        285.6917293317691,
        240.75883292004693,
        240.75883292004693,
        158.88575761224874,
        240.75883292004693,
        240.75883292004693,
        240.75883292004693,
        240.7588329200469,
        205.64649744388862,
        176.9960177578696,
        205.64649744388862,
        176.9960177578696,
        158.88575761224874,
        81.87307530779817,
        95.1229424500714,
        140.05583886179357,
        95.1229424500714,
        95.1229424500714
    ],
    "index": 1,
    "threshold": 2,
    "weight2": 0,
    "weight1": 1,
    "heterogeneity": 0.7,
    "lambda": 50,
    "times": [
        57.398194,
        12.609942,
        18.651397,
        8.675069,
        18.105367,
        9.514827,
        8.942768,
        22.996966,
        12.334408,
        10.050746,
        25.718825,
        9.437201,
        15.993096,
        12.580517,
        18.078207,
        4.995562,
        25.414377,
        18.683156,
        5.746914,
        14.899946,
        7.752167,
        13.708382,
        14.052825,
        13.062897,
        6.188459,
        14.709641,
        18.697593,
        16.330154,
        15.337642,
        33.738682,
        11.750929,
        13.785817,
        13.435623,
        19.036936,
        14.884366,
        19.132324,
        13.623353,
        19.158683,
        15.241734,
        19.388492,
        11.271645,
        11.410173,
        13.645174,
        12.759361,
        12.663492
    ],
    "capacityMultiplier": 0.5,
    "strictness": 2.3,
    "runTime": 705,
    "beta": 40
}