{
    "seed": 1,
    "scores": [
        285.69172933176907,
        240.75883292004693,
        285.69172933176907,
        285.69172933176907,
        302.2216181539277,
        285.69172933176907,
        240.75883292004693,
        285.69172933176907,
        285.6917293317691,
        240.7588329200469,
        269.4093126060659,
        240.7588329200469,
        240.75883292004693,
        285.69172933176907,
        221.92891416959174,
        285.69172933176907,
        285.6917293317691,
        240.7588329200469,
        285.6917293317691,
        269.4093126060659,
        285.69172933176907,
        285.6917293317691,
        314.3422090177881,
        240.75883292004693,
        240.75883292004693,
        240.75883292004693,
        257.28872174220555,
        257.28872174220555,
        285.69172933176907,
        240.7588329200469,
        240.75883292004693,
        285.69172933176907,
        240.7588329200469,
        240.75883292004693,
        240.75883292004693,
        176.9960177578696,
        205.64649744388862,
        140.05583886179357,
        221.92891416959174,
        203.8186540239709,
        140.05583886179357,
        108.6957115738995,
        158.88575761224874,
        81.87307530779817,
        123.77342213609042
    ],
    "index": 8,
    "threshold": 2,
    "weight2": 0,
    "weight1": 1,
    "heterogeneity": 0.7,
    "lambda": 50,
    "times": [
        0,
        0,
        0,
        0,
        0,
        0,
        0,
        0,
        0,
        0,
        0,
        0,
        0,
        0,
        0,
        0,
        0,
        0,
        0,
        0,
        0,
        0,
        0,
        0,
        0,
        0,
        0,
        0,
        0,
        0,
        0,
        0,
        0,
        0,
        0,
        0,
        0,
        0,
        0,
        0,
        0,
        0,
        0,
        0,
        0
    ],
    "capacityMultiplier": 0.5,
    "strictness": 0,
    "runTime": 143100,
    "beta": 40
}