{
    "seed": 1,
    "scores": [
        269.4093126060659,
        302.2216181539277,
        314.3422090177881,
        238.4588029917504,
        285.69172933176907,
        269.40931260606595,
        285.69172933176907,
        269.4093126060659,
        269.40931260606595,
        240.7588329200469,
        232.4691337099899,
        238.4588029917504,
        221.92891416959176,
        285.6917293317691,
        285.6917293317691,
        269.4093126060659,
        285.69172933176907,
        238.4588029917504,
        238.4588029917504,
        269.4093126060659,
        257.28872174220555,
        269.4093126060659,
        285.6917293317691,
        220.34854284612956,
        257.28872174220555,
        285.69172933176907,
        285.6917293317691,
        285.69172933176907,
        257.28872174220555,
        221.92891416959174,
        240.75883292004693,
        269.4093126060659,
        203.8186540239709,
        221.92891416959176,
        240.7588329200469,
        240.75883292004693,
        240.7588329200469,
        176.9960177578696,
        203.8186540239709,
        190.56878688169766,
        145.6358904699755,
        176.9960177578696,
        176.9960177578696,
        108.6957115738995,
        140.05583886179357
    ],
    "index": 12,
    "threshold": 2,
    "weight2": 0,
    "weight1": 1,
    "heterogeneity": 0.7,
    "lambda": 50,
    "times": [
        0,
        0,
        0,
        0,
        0,
        0,
        0,
        0,
        0,
        0,
        0,
        0,
        0,
        0,
        0,
        0,
        0,
        0,
        0,
        0,
        0,
        0,
        0,
        0,
        0,
        0,
        0,
        0,
        0,
        0,
        0,
        0,
        0,
        0,
        0,
        0,
        0,
        0,
        0,
        0,
        0,
        0,
        0,
        0,
        0
    ],
    "capacityMultiplier": 0.5,
    "strictness": 0,
    "runTime": 14710170,
    "beta": 40
}