{
    "seed": 1,
    "scores": [
        269.40931260606595,
        285.9392014282246,
        285.6917293317691,
        267.10928267776944,
        285.69172933176907,
        269.40931260606595,
        269.4093126060659,
        257.28872174220555,
        269.40931260606595,
        285.6917293317691,
        285.6917293317691,
        257.28872174220555,
        285.69172933176907,
        240.75883292004693,
        285.69172933176907,
        240.75883292004693,
        285.69172933176907,
        285.6917293317691,
        257.28872174220555,
        285.6917293317691,
        257.28872174220555,
        285.6917293317691,
        285.69172933176907,
        302.2216181539277,
        240.75883292004693,
        269.4093126060659,
        285.69172933176907,
        285.6917293317691,
        285.69172933176907,
        240.7588329200469,
        269.4093126060659,
        240.75883292004693,
        240.7588329200469,
        203.8186540239709,
        240.75883292004693,
        205.64649744388862,
        221.92891416959176,
        168.7063185478126,
        176.9960177578696,
        158.88575761224874,
        145.6358904699755,
        176.9960177578696,
        176.9960177578696,
        95.1229424500714,
        95.1229424500714
    ],
    "index": 11,
    "threshold": 2,
    "weight2": 0,
    "weight1": 1,
    "heterogeneity": 0.7,
    "lambda": 50,
    "times": [
        0,
        0,
        0,
        0,
        0,
        0,
        0,
        0,
        0,
        0,
        0,
        0,
        0,
        0,
        0,
        0,
        0,
        0,
        0,
        0,
        0,
        0,
        0,
        0,
        0,
        0,
        0,
        0,
        0,
        0,
        0,
        0,
        0,
        0,
        0,
        0,
        0,
        0,
        0,
        0,
        0,
        0,
        0,
        0,
        0
    ],
    "capacityMultiplier": 0.5,
    "strictness": 0,
    "runTime": 16772582,
    "beta": 40
}