{
    "seed": 1,
    "scores": [
        269.4093126060659,
        314.3422090177881,
        250.57939385561076,
        250.57939385561076,
        240.75883292004693,
        240.75883292004693,
        285.69172933176907,
        269.4093126060659,
        240.75883292004693,
        285.69172933176907,
        257.28872174220555,
        250.57939385561076,
        269.4093126060659,
        193.52590658002825,
        240.75883292004693,
        240.75883292004693,
        257.28872174220555,
        257.28872174220555,
        285.6917293317691,
        238.4588029917504,
        269.4093126060659,
        285.69172933176907,
        257.28872174220555,
        285.69172933176907,
        220.34854284612956,
        221.92891416959176,
        285.69172933176907,
        221.92891416959174,
        257.28872174220555,
        240.7588329200469,
        221.92891416959174,
        205.64649744388862,
        240.75883292004693,
        203.8186540239709,
        269.4093126060659,
        240.7588329200469,
        193.52590658002825,
        158.88575761224874,
        176.9960177578696,
        187.53623729826774,
        145.6358904699755,
        176.9960177578696,
        176.9960177578696,
        123.77342213609042,
        81.87307530779817
    ],
    "index": 15,
    "threshold": 2,
    "weight2": 0,
    "weight1": 1,
    "heterogeneity": 0.7,
    "lambda": 50,
    "times": [
        0,
        0,
        0,
        0,
        0,
        0,
        0,
        0,
        0,
        0,
        0,
        0,
        0,
        0,
        0,
        0,
        0,
        0,
        0,
        0,
        0,
        0,
        0,
        0,
        0,
        0,
        0,
        0,
        0,
        0,
        0,
        0,
        0,
        0,
        0,
        0,
        0,
        0,
        0,
        0,
        0,
        0,
        0,
        0,
        0
    ],
    "capacityMultiplier": 0.5,
    "strictness": 0,
    "runTime": 601248,
    "beta": 40
}