{
    "seed": 1,
    "scores": [
        267.10928267776944,
        314.34220901778815,
        257.28872174220555,
        269.40931260606595,
        314.3422090177881,
        314.34220901778804,
        250.5793938556108,
        257.28872174220555,
        269.4093126060659,
        285.6917293317691,
        285.6917293317691,
        269.4093126060659,
        285.69172933176907,
        221.92891416959174,
        285.69172933176907,
        285.69172933176907,
        269.4093126060659,
        285.6917293317691,
        240.75883292004693,
        285.6917293317691,
        314.3422090177881,
        222.17638626604727,
        240.7588329200469,
        314.3422090177881,
        285.6917293317691,
        250.5793938556108,
        285.6917293317691,
        285.69172933176907,
        269.40931260606595,
        221.92891416959176,
        205.64649744388862,
        257.28872174220555,
        203.8186540239709,
        240.75883292004693,
        221.92891416959176,
        240.75883292004693,
        158.88575761224874,
        176.9960177578696,
        145.6358904699755,
        176.9960177578696,
        140.05583886179357,
        145.6358904699755,
        108.6957115738995,
        140.05583886179357,
        126.80597171952034
    ],
    "index": 14,
    "threshold": 2,
    "weight2": 0,
    "weight1": 1,
    "heterogeneity": 0.7,
    "lambda": 50,
    "times": [
        0,
        0,
        0,
        0,
        0,
        0,
        0,
        0,
        0,
        0,
        0,
        0,
        0,
        0,
        0,
        0,
        0,
        0,
        0,
        0,
        0,
        0,
        0,
        0,
        0,
        0,
        0,
        0,
        0,
        0,
        0,
        0,
        0,
        0,
        0,
        0,
        0,
        0,
        0,
        0,
        0,
        0,
        0,
        0,
        0
    ],
    "capacityMultiplier": 0.5,
    "strictness": 0,
    "runTime": 15417725,
    "beta": 40
}