{
    "seed": 1,
    "scores": [
        240.75883292004693,
        250.57939385561076,
        285.9392014282246,
        269.40931260606595,
        285.69172933176907,
        240.7588329200469,
        250.57939385561076,
        285.69172933176907,
        240.7588329200469,
        302.2216181539277,
        240.75883292004693,
        314.34220901778815,
        269.4093126060659,
        285.69172933176907,
        269.4093126060659,
        240.75883292004693,
        285.69172933176907,
        240.7588329200469,
        269.4093126060659,
        285.6917293317691,
        269.4093126060659,
        269.4093126060659,
        240.75883292004693,
        250.57939385561076,
        269.4093126060659,
        269.4093126060659,
        240.75883292004693,
        240.7588329200469,
        285.69172933176907,
        250.57939385561076,
        269.4093126060659,
        205.6464974438886,
        240.75883292004693,
        240.75883292004693,
        240.7588329200469,
        176.9960177578696,
        240.75883292004693,
        240.7588329200469,
        158.88575761224874,
        176.9960177578696,
        285.6917293317691,
        123.77342213609042,
        145.6358904699755,
        126.80597171952034,
        73.58337609774118
    ],
    "index": 39,
    "threshold": 2,
    "weight2": 0,
    "weight1": 1,
    "heterogeneity": 0.7,
    "lambda": 50,
    "times": [
        0,
        0,
        0,
        0,
        0,
        0,
        0,
        0,
        0,
        0,
        0,
        0,
        0,
        0,
        0,
        0,
        0,
        0,
        0,
        0,
        0,
        0,
        0,
        0,
        0,
        0,
        0,
        0,
        0,
        0,
        0,
        0,
        0,
        0,
        0,
        0,
        0,
        0,
        0,
        0,
        0,
        0,
        0,
        0,
        0
    ],
    "capacityMultiplier": 0.5,
    "strictness": 0,
    "runTime": 175426,
    "beta": 40
}