{
    "seed": 1,
    "scores": [
        269.4093126060659,
        302.22161815392775,
        314.3422090177881,
        238.4588029917504,
        285.69172933176907,
        269.40931260606595,
        285.69172933176907,
        269.4093126060659,
        269.40931260606595,
        240.7588329200469,
        232.4691337099899,
        238.4588029917504,
        285.6917293317691,
        285.69172933176907,
        285.6917293317691,
        240.75883292004693,
        221.92891416959174,
        221.92891416959174,
        285.69172933176907,
        285.69172933176907,
        257.28872174220555,
        285.69172933176907,
        220.34854284612956,
        285.69172933176907,
        240.75883292004693,
        285.6917293317691,
        285.6917293317691,
        221.92891416959176,
        240.7588329200469,
        240.75883292004693,
        285.69172933176907,
        240.75883292004693,
        238.4588029917504,
        285.6917293317691,
        240.7588329200469,
        205.64649744388862,
        240.75883292004693,
        240.75883292004693,
        240.75883292004693,
        221.92891416959174,
        145.6358904699755,
        176.9960177578696,
        176.9960177578696,
        63.76281516217733,
        140.05583886179357
    ],
    "index": 2,
    "threshold": 2,
    "weight2": 0,
    "weight1": 1,
    "heterogeneity": 0.7,
    "lambda": 50,
    "times": [
        0,
        0,
        0,
        0,
        0,
        0,
        0,
        0,
        0,
        0,
        0,
        0,
        0,
        0,
        0,
        0,
        0,
        0,
        0,
        0,
        0,
        0,
        0,
        0,
        0,
        0,
        0,
        0,
        0,
        0,
        0,
        0,
        0,
        0,
        0,
        0,
        0,
        0,
        0,
        0,
        0,
        0,
        0,
        0,
        0
    ],
    "capacityMultiplier": 0.5,
    "strictness": 0,
    "runTime": 17630562,
    "beta": 40
}