{
    "seed": 1,
    "scores": [
        314.3422090177881,
        314.34220901778804,
        221.92891416959174,
        314.3422090177881,
        257.28872174220555,
        269.40931260606595,
        285.69172933176907,
        257.28872174220555,
        269.40931260606595,
        285.69172933176907,
        221.92891416959176,
        250.57939385561076,
        285.69172933176907,
        240.75883292004693,
        269.4093126060659,
        285.6917293317691,
        240.75883292004693,
        221.92891416959176,
        285.69172933176907,
        250.57939385561076,
        285.69172933176907,
        285.69172933176907,
        240.75883292004693,
        238.45880299175042,
        240.75883292004693,
        250.57939385561076,
        220.34854284612956,
        285.6917293317691,
        240.75883292004693,
        257.28872174220555,
        285.69172933176907,
        250.57939385561076,
        240.7588329200469,
        203.8186540239709,
        240.75883292004693,
        240.75883292004693,
        240.7588329200469,
        187.53623729826776,
        205.6464974438886,
        140.05583886179357,
        145.6358904699755,
        126.80597171952034,
        140.05583886179357,
        158.88575761224874,
        176.9960177578696
    ],
    "index": 30,
    "threshold": 2,
    "weight2": 0,
    "weight1": 1,
    "heterogeneity": 0.7,
    "lambda": 50,
    "times": [
        0,
        0,
        0,
        0,
        0,
        0,
        0,
        0,
        0,
        0,
        0,
        0,
        0,
        0,
        0,
        0,
        0,
        0,
        0,
        0,
        0,
        0,
        0,
        0,
        0,
        0,
        0,
        0,
        0,
        0,
        0,
        0,
        0,
        0,
        0,
        0,
        0,
        0,
        0,
        0,
        0,
        0,
        0,
        0,
        0
    ],
    "capacityMultiplier": 0.5,
    "strictness": 0,
    "runTime": 14909455,
    "beta": 40
}