{
    "seed": 1,
    "scores": [
        285.69172933176907,
        285.69172933176907,
        285.69172933176907,
        285.6917293317691,
        314.34220901778815,
        285.6917293317691,
        285.6917293317691,
        221.92891416959174,
        285.69172933176907,
        269.4093126060659,
        240.75883292004693,
        285.6917293317691,
        257.28872174220555,
        285.69172933176907,
        238.4588029917504,
        285.69172933176907,
        285.69172933176907,
        269.4093126060659,
        285.6917293317691,
        240.7588329200469,
        221.92891416959176,
        221.92891416959174,
        250.57939385561076,
        285.69172933176907,
        285.69172933176907,
        221.92891416959174,
        269.40931260606595,
        240.7588329200469,
        221.92891416959174,
        240.75883292004693,
        221.92891416959174,
        302.22161815392775,
        285.69172933176907,
        269.40931260606595,
        205.6464974438886,
        221.92891416959174,
        221.92891416959176,
        240.7588329200469,
        240.75883292004693,
        176.9960177578696,
        176.9960177578696,
        140.05583886179357,
        176.9960177578696,
        108.6957115738995,
        140.05583886179357
    ],
    "index": 36,
    "threshold": 2,
    "weight2": 0,
    "weight1": 1,
    "heterogeneity": 0.7,
    "lambda": 50,
    "times": [
        0,
        0,
        0,
        0,
        0,
        0,
        0,
        0,
        0,
        0,
        0,
        0,
        0,
        0,
        0,
        0,
        0,
        0,
        0,
        0,
        0,
        0,
        0,
        0,
        0,
        0,
        0,
        0,
        0,
        0,
        0,
        0,
        0,
        0,
        0,
        0,
        0,
        0,
        0,
        0,
        0,
        0,
        0,
        0,
        0
    ],
    "capacityMultiplier": 0.5,
    "strictness": 0,
    "runTime": 163481,
    "beta": 40
}