{
    "seed": 1,
    "scores": [
        240.75883292004693,
        250.57939385561076,
        285.9392014282246,
        269.40931260606595,
        285.69172933176907,
        240.7588329200469,
        250.57939385561076,
        285.69172933176907,
        240.7588329200469,
        285.6917293317691,
        240.75883292004693,
        221.92891416959174,
        269.4093126060659,
        285.6917293317691,
        285.6917293317691,
        240.75883292004693,
        285.69172933176907,
        240.7588329200469,
        269.4093126060659,
        285.69172933176907,
        269.4093126060659,
        240.7588329200469,
        240.75883292004693,
        221.92891416959174,
        240.7588329200469,
        285.6917293317691,
        240.75883292004693,
        240.7588329200469,
        285.69172933176907,
        269.4093126060659,
        240.7588329200469,
        221.92891416959174,
        240.75883292004693,
        240.7588329200469,
        250.57939385561076,
        176.9960177578696,
        158.88575761224874,
        240.75883292004693,
        158.88575761224874,
        176.9960177578696,
        176.9960177578696,
        140.05583886179357,
        145.6358904699755,
        81.87307530779817,
        61.46278523388082
    ],
    "index": 9,
    "threshold": 2,
    "weight2": 0,
    "weight1": 1,
    "heterogeneity": 0.7,
    "lambda": 50,
    "times": [
        0,
        0,
        0,
        0,
        0,
        0,
        0,
        0,
        0,
        0,
        0,
        0,
        0,
        0,
        0,
        0,
        0,
        0,
        0,
        0,
        0,
        0,
        0,
        0,
        0,
        0,
        0,
        0,
        0,
        0,
        0,
        0,
        0,
        0,
        0,
        0,
        0,
        0,
        0,
        0,
        0,
        0,
        0,
        0,
        0
    ],
    "capacityMultiplier": 0.5,
    "strictness": 0,
    "runTime": 136144,
    "beta": 40
}