{
    "seed": 1,
    "scores": [
        240.75883292004693,
        285.6917293317691,
        250.57939385561076,
        285.6917293317691,
        240.75883292004693,
        240.75883292004693,
        285.6917293317691,
        240.7588329200469,
        240.75883292004693,
        285.69172933176907,
        222.17638626604725,
        285.69172933176907,
        269.4093126060659,
        257.28872174220555,
        240.75883292004693,
        240.75883292004693,
        257.28872174220555,
        257.28872174220555,
        285.69172933176907,
        238.4588029917504,
        240.75883292004693,
        314.3422090177881,
        257.28872174220555,
        285.6917293317691,
        257.28872174220555,
        250.57939385561076,
        240.75883292004693,
        240.75883292004693,
        257.28872174220555,
        285.69172933176907,
        285.69172933176907,
        187.53623729826776,
        257.28872174220555,
        203.8186540239709,
        285.69172933176907,
        240.75883292004693,
        240.75883292004693,
        193.52590658002825,
        221.92891416959174,
        240.7588329200469,
        190.5687868816977,
        240.75883292004693,
        126.80597171952034,
        95.1229424500714,
        145.6358904699755
    ],
    "index": 35,
    "threshold": 2,
    "weight2": 0,
    "weight1": 1,
    "heterogeneity": 0.7,
    "lambda": 50,
    "times": [
        0,
        0,
        0,
        0,
        0,
        0,
        0,
        0,
        0,
        0,
        0,
        0,
        0,
        0,
        0,
        0,
        0,
        0,
        0,
        0,
        0,
        0,
        0,
        0,
        0,
        0,
        0,
        0,
        0,
        0,
        0,
        0,
        0,
        0,
        0,
        0,
        0,
        0,
        0,
        0,
        0,
        0,
        0,
        0,
        0
    ],
    "capacityMultiplier": 0.5,
    "strictness": 0,
    "runTime": 72072,
    "beta": 40
}