{
    "seed": 1,
    "scores": [
        302.2216181539277,
        285.69172933176907,
        269.40931260606595,
        240.7588329200469,
        314.3422090177881,
        238.4588029917504,
        302.2216181539277,
        285.6917293317691,
        285.6917293317691,
        269.4093126060659,
        285.69172933176907,
        285.6917293317691,
        250.57939385561076,
        221.92891416959174,
        285.69172933176907,
        250.57939385561076,
        285.69172933176907,
        285.69172933176907,
        250.57939385561076,
        240.75883292004693,
        285.69172933176907,
        240.75883292004693,
        285.69172933176907,
        285.6917293317691,
        269.4093126060659,
        285.69172933176907,
        240.75883292004693,
        240.7588329200469,
        285.69172933176907,
        269.40931260606595,
        221.92891416959176,
        221.92891416959174,
        205.64649744388862,
        269.4093126060659,
        240.75883292004693,
        240.75883292004693,
        240.75883292004693,
        240.75883292004693,
        240.75883292004693,
        240.7588329200469,
        158.88575761224874,
        126.80597171952034,
        80.29270398433599,
        81.87307530779817,
        92.41329484819634
    ],
    "index": 3,
    "threshold": 2,
    "weight2": 0,
    "weight1": 1,
    "heterogeneity": 0.7,
    "lambda": 50,
    "times": [
        0,
        0,
        0,
        0,
        0,
        0,
        0,
        0,
        0,
        0,
        0,
        0,
        0,
        0,
        0,
        0,
        0,
        0,
        0,
        0,
        0,
        0,
        0,
        0,
        0,
        0,
        0,
        0,
        0,
        0,
        0,
        0,
        0,
        0,
        0,
        0,
        0,
        0,
        0,
        0,
        0,
        0,
        0,
        0,
        0
    ],
    "capacityMultiplier": 0.5,
    "strictness": 0,
    "runTime": 14882339,
    "beta": 40
}