{
    "seed": 1,
    "scores": [
        285.6917293317691,
        285.69172933176907,
        269.4093126060659,
        240.7588329200469,
        232.4691337099899,
        238.4588029917504,
        285.69172933176907,
        285.6917293317691,
        285.69172933176907,
        257.28872174220555,
        257.28872174220555,
        285.69172933176907,
        314.3422090177881,
        250.57939385561076,
        285.69172933176907,
        205.64649744388862,
        285.69172933176907,
        240.75883292004693,
        314.3422090177881,
        240.75883292004693,
        285.6917293317691,
        269.4093126060659,
        240.7588329200469,
        285.69172933176907,
        250.57939385561076,
        240.75883292004693,
        269.4093126060659,
        269.4093126060659,
        285.6917293317691,
        187.53623729826774,
        220.34854284612956,
        285.69172933176907,
        205.64649744388862,
        240.7588329200469,
        240.75883292004693,
        240.75883292004693,
        176.9960177578696,
        190.5687868816977,
        176.9960177578696,
        221.92891416959174,
        187.53623729826774,
        110.52355499381719,
        80.29270398433599,
        98.40296412995683,
        108.6957115738995
    ],
    "index": 23,
    "threshold": 2,
    "weight2": 0,
    "weight1": 1,
    "heterogeneity": 0.7,
    "lambda": 50,
    "times": [
        0,
        0,
        0,
        0,
        0,
        0,
        0,
        0,
        0,
        0,
        0,
        0,
        0,
        0,
        0,
        0,
        0,
        0,
        0,
        0,
        0,
        0,
        0,
        0,
        0,
        0,
        0,
        0,
        0,
        0,
        0,
        0,
        0,
        0,
        0,
        0,
        0,
        0,
        0,
        0,
        0,
        0,
        0,
        0,
        0
    ],
    "capacityMultiplier": 0.5,
    "strictness": 0,
    "runTime": 14759578,
    "beta": 40
}