{
    "seed": 1,
    "scores": [
        257.28872174220555,
        250.57939385561076,
        269.4093126060659,
        269.40931260606595,
        285.69172933176907,
        257.28872174220555,
        250.57939385561076,
        285.69172933176907,
        269.4093126060659,
        285.6917293317691,
        257.28872174220555,
        250.57939385561076,
        269.4093126060659,
        221.92891416959174,
        285.6917293317691,
        240.75883292004693,
        285.69172933176907,
        250.57939385561076,
        269.4093126060659,
        285.6917293317691,
        269.4093126060659,
        269.4093126060659,
        269.4093126060659,
        250.57939385561076,
        269.4093126060659,
        269.4093126060659,
        240.75883292004693,
        240.7588329200469,
        240.75883292004693,
        221.92891416959176,
        269.4093126060659,
        221.92891416959174,
        240.75883292004693,
        240.75883292004693,
        285.69172933176907,
        221.92891416959174,
        203.8186540239709,
        221.92891416959176,
        158.88575761224874,
        155.45645140553935,
        176.9960177578696,
        123.77342213609042,
        110.52355499381719,
        126.80597171952034,
        73.58337609774118
    ],
    "index": 29,
    "threshold": 2,
    "weight2": 0,
    "weight1": 1,
    "heterogeneity": 0.7,
    "lambda": 50,
    "times": [
        0,
        0,
        0,
        0,
        0,
        0,
        0,
        0,
        0,
        0,
        0,
        0,
        0,
        0,
        0,
        0,
        0,
        0,
        0,
        0,
        0,
        0,
        0,
        0,
        0,
        0,
        0,
        0,
        0,
        0,
        0,
        0,
        0,
        0,
        0,
        0,
        0,
        0,
        0,
        0,
        0,
        0,
        0,
        0,
        0
    ],
    "capacityMultiplier": 0.5,
    "strictness": 0,
    "runTime": 15129525,
    "beta": 40
}