{
    "seed": 1,
    "scores": [
        269.4093126060659,
        285.6917293317691,
        314.34220901778815,
        238.45880299175042,
        240.75883292004693,
        269.40931260606595,
        285.69172933176907,
        240.75883292004693,
        269.40931260606595,
        240.7588329200469,
        220.34854284612956,
        238.4588029917504,
        250.57939385561076,
        240.7588329200469,
        240.75883292004693,
        240.75883292004693,
        221.92891416959174,
        221.92891416959174,
        238.4588029917504,
        269.4093126060659,
        257.28872174220555,
        269.4093126060659,
        285.69172933176907,
        220.34854284612956,
        240.75883292004693,
        285.69172933176907,
        285.6917293317691,
        285.69172933176907,
        240.7588329200469,
        221.92891416959176,
        240.75883292004693,
        240.75883292004693,
        285.69172933176907,
        221.92891416959174,
        240.75883292004693,
        221.92891416959174,
        176.9960177578696,
        240.7588329200469,
        240.7588329200469,
        221.92891416959176,
        145.6358904699755,
        140.05583886179357,
        123.77342213609042,
        108.6957115738995,
        140.05583886179357
    ],
    "index": 22,
    "threshold": 2,
    "weight2": 0,
    "weight1": 1,
    "heterogeneity": 0.7,
    "lambda": 50,
    "times": [
        0,
        0,
        0,
        0,
        0,
        0,
        0,
        0,
        0,
        0,
        0,
        0,
        0,
        0,
        0,
        0,
        0,
        0,
        0,
        0,
        0,
        0,
        0,
        0,
        0,
        0,
        0,
        0,
        0,
        0,
        0,
        0,
        0,
        0,
        0,
        0,
        0,
        0,
        0,
        0,
        0,
        0,
        0,
        0,
        0
    ],
    "capacityMultiplier": 0.5,
    "strictness": 0,
    "runTime": 237211,
    "beta": 40
}