{
    "seed": 1,
    "scores": [
        269.40931260606595,
        302.22161815392775,
        221.92891416959174,
        302.22161815392775,
        240.7588329200469,
        269.40931260606595,
        285.69172933176907,
        240.75883292004693,
        269.40931260606595,
        285.69172933176907,
        221.92891416959176,
        285.6917293317691,
        285.69172933176907,
        240.75883292004693,
        269.4093126060659,
        240.7588329200469,
        240.75883292004693,
        285.6917293317691,
        285.69172933176907,
        221.92891416959174,
        257.28872174220555,
        285.69172933176907,
        285.69172933176907,
        257.28872174220555,
        240.75883292004693,
        250.57939385561076,
        285.69172933176907,
        285.69172933176907,
        240.75883292004693,
        257.28872174220555,
        285.69172933176907,
        240.75883292004693,
        240.7588329200469,
        203.8186540239709,
        285.69172933176907,
        240.7588329200469,
        240.75883292004693,
        187.53623729826774,
        240.7588329200469,
        285.6917293317691,
        187.53623729826774,
        190.5687868816977,
        140.05583886179357,
        158.88575761224874,
        176.9960177578696
    ],
    "index": 40,
    "threshold": 2,
    "weight2": 0,
    "weight1": 1,
    "heterogeneity": 0.7,
    "lambda": 50,
    "times": [
        0,
        0,
        0,
        0,
        0,
        0,
        0,
        0,
        0,
        0,
        0,
        0,
        0,
        0,
        0,
        0,
        0,
        0,
        0,
        0,
        0,
        0,
        0,
        0,
        0,
        0,
        0,
        0,
        0,
        0,
        0,
        0,
        0,
        0,
        0,
        0,
        0,
        0,
        0,
        0,
        0,
        0,
        0,
        0,
        0
    ],
    "capacityMultiplier": 0.5,
    "strictness": 0,
    "runTime": 119062,
    "beta": 40
}