{
    "seed": 1,
    "scores": [
        240.75883292004693,
        314.3422090177881,
        250.57939385561076,
        285.6917293317691,
        257.28872174220555,
        240.75883292004693,
        285.69172933176907,
        269.4093126060659,
        240.75883292004693,
        257.28872174220555,
        267.10928267776944,
        250.57939385561076,
        269.4093126060659,
        257.28872174220555,
        269.4093126060659,
        285.6917293317691,
        257.28872174220555,
        302.22161815392775,
        285.69172933176907,
        285.69172933176907,
        269.4093126060659,
        285.6917293317691,
        302.22161815392775,
        285.6917293317691,
        257.28872174220555,
        285.69172933176907,
        285.69172933176907,
        221.92891416959174,
        257.28872174220555,
        285.6917293317691,
        240.7588329200469,
        205.64649744388862,
        240.75883292004693,
        240.75883292004693,
        205.6464974438886,
        240.7588329200469,
        193.52590658002825,
        240.7588329200469,
        221.92891416959174,
        240.75883292004693,
        145.6358904699755,
        158.88575761224874,
        126.80597171952034,
        95.1229424500714,
        81.87307530779817
    ],
    "index": 5,
    "threshold": 2,
    "weight2": 0,
    "weight1": 1,
    "heterogeneity": 0.7,
    "lambda": 50,
    "times": [
        0,
        0,
        0,
        0,
        0,
        0,
        0,
        0,
        0,
        0,
        0,
        0,
        0,
        0,
        0,
        0,
        0,
        0,
        0,
        0,
        0,
        0,
        0,
        0,
        0,
        0,
        0,
        0,
        0,
        0,
        0,
        0,
        0,
        0,
        0,
        0,
        0,
        0,
        0,
        0,
        0,
        0,
        0,
        0,
        0
    ],
    "capacityMultiplier": 0.5,
    "strictness": 0,
    "runTime": 16114787,
    "beta": 40
}