{
    "seed": 1,
    "scores": [
        302.22161815392775,
        285.69172933176907,
        269.4093126060659,
        240.7588329200469,
        285.69172933176907,
        238.4588029917504,
        302.22161815392775,
        285.69172933176907,
        302.2216181539277,
        240.75883292004693,
        240.7588329200469,
        285.6917293317691,
        250.57939385561076,
        285.69172933176907,
        285.69172933176907,
        250.57939385561076,
        285.6917293317691,
        269.40931260606595,
        285.69172933176907,
        240.75883292004693,
        285.69172933176907,
        269.4093126060659,
        269.4093126060659,
        285.69172933176907,
        250.57939385561076,
        240.75883292004693,
        240.75883292004693,
        240.7588329200469,
        285.6917293317691,
        269.40931260606595,
        193.52590658002825,
        221.92891416959174,
        240.75883292004693,
        257.28872174220555,
        240.75883292004693,
        240.75883292004693,
        221.92891416959174,
        240.75883292004693,
        176.9960177578696,
        240.7588329200469,
        240.7588329200469,
        98.40296412995683,
        80.29270398433599,
        143.33586054167898,
        92.41329484819634
    ],
    "index": 33,
    "threshold": 2,
    "weight2": 0,
    "weight1": 1,
    "heterogeneity": 0.7,
    "lambda": 50,
    "times": [
        0,
        0,
        0,
        0,
        0,
        0,
        0,
        0,
        0,
        0,
        0,
        0,
        0,
        0,
        0,
        0,
        0,
        0,
        0,
        0,
        0,
        0,
        0,
        0,
        0,
        0,
        0,
        0,
        0,
        0,
        0,
        0,
        0,
        0,
        0,
        0,
        0,
        0,
        0,
        0,
        0,
        0,
        0,
        0,
        0
    ],
    "capacityMultiplier": 0.5,
    "strictness": 0,
    "runTime": 126670,
    "beta": 40
}