{
    "seed": 1,
    "scores": [
        285.69172933176907,
        285.69172933176907,
        314.34220901778804,
        285.69172933176907,
        285.6917293317691,
        285.6917293317691,
        302.22161815392775,
        250.57939385561076,
        285.69172933176907,
        269.4093126060659,
        269.4093126060659,
        285.6917293317691,
        257.28872174220555,
        285.69172933176907,
        193.52590658002825,
        250.57939385561076,
        285.69172933176907,
        269.4093126060659,
        269.4093126060659,
        240.7588329200469,
        285.6917293317691,
        285.69172933176907,
        285.6917293317691,
        285.69172933176907,
        285.69172933176907,
        285.6917293317691,
        269.40931260606595,
        269.4093126060659,
        285.69172933176907,
        240.75883292004693,
        221.92891416959174,
        285.6917293317691,
        240.7588329200469,
        205.6464974438886,
        221.92891416959174,
        221.92891416959174,
        190.5687868816977,
        240.75883292004693,
        205.6464974438886,
        193.52590658002825,
        126.80597171952034,
        158.88575761224874,
        176.9960177578696,
        73.58337609774118,
        95.1229424500714
    ],
    "index": 16,
    "threshold": 2,
    "weight2": 0,
    "weight1": 1,
    "heterogeneity": 0.7,
    "lambda": 50,
    "times": [
        0,
        0,
        0,
        0,
        0,
        0,
        0,
        0,
        0,
        0,
        0,
        0,
        0,
        0,
        0,
        0,
        0,
        0,
        0,
        0,
        0,
        0,
        0,
        0,
        0,
        0,
        0,
        0,
        0,
        0,
        0,
        0,
        0,
        0,
        0,
        0,
        0,
        0,
        0,
        0,
        0,
        0,
        0,
        0,
        0
    ],
    "capacityMultiplier": 0.5,
    "strictness": 0,
    "runTime": 14749493,
    "beta": 40
}