{
    "seed": 1,
    "scores": [
        314.34220901778804,
        269.40931260606595,
        285.69172933176907,
        314.34220901778815,
        269.4093126060659,
        285.69172933176907,
        269.40931260606595,
        269.4093126060659,
        250.57939385561076,
        314.34220901778804,
        285.69172933176907,
        269.40931260606595,
        285.6917293317691,
        240.7588329200469,
        269.40931260606595,
        285.69172933176907,
        269.4093126060659,
        285.69172933176907,
        285.69172933176907,
        285.6917293317691,
        250.57939385561076,
        240.75883292004693,
        240.7588329200469,
        240.7588329200469,
        285.69172933176907,
        269.40931260606595,
        285.69172933176907,
        285.69172933176907,
        205.64649744388862,
        285.69172933176907,
        269.40931260606595,
        240.7588329200469,
        240.75883292004693,
        240.75883292004693,
        221.92891416959176,
        285.6917293317691,
        240.75883292004693,
        240.75883292004693,
        240.75883292004693,
        285.69172933176907,
        203.8186540239709,
        174.28637015599452,
        90.11326491989983,
        140.05583886179357,
        145.6358904699755
    ],
    "index": 37,
    "threshold": 2,
    "weight2": 0,
    "weight1": 1,
    "heterogeneity": 0.7,
    "lambda": 50,
    "times": [
        0,
        0,
        0,
        0,
        0,
        0,
        0,
        0,
        0,
        0,
        0,
        0,
        0,
        0,
        0,
        0,
        0,
        0,
        0,
        0,
        0,
        0,
        0,
        0,
        0,
        0,
        0,
        0,
        0,
        0,
        0,
        0,
        0,
        0,
        0,
        0,
        0,
        0,
        0,
        0,
        0,
        0,
        0,
        0,
        0
    ],
    "capacityMultiplier": 0.5,
    "strictness": 0,
    "runTime": 14625874,
    "beta": 40
}