{
    "seed": 1,
    "scores": [
        285.69172933176907,
        285.6917293317691,
        314.3422090177881,
        285.6917293317691,
        314.34220901778815,
        285.6917293317691,
        285.6917293317691,
        285.69172933176907,
        285.69172933176907,
        269.4093126060659,
        257.28872174220555,
        240.75883292004693,
        285.9392014282246,
        232.46913370998993,
        285.69172933176907,
        221.92891416959174,
        285.69172933176907,
        240.75883292004693,
        285.6917293317691,
        257.28872174220555,
        285.6917293317691,
        285.6917293317691,
        250.57939385561076,
        285.69172933176907,
        232.4691337099899,
        285.69172933176907,
        269.40931260606595,
        269.4093126060659,
        221.92891416959174,
        240.75883292004693,
        221.92891416959174,
        285.6917293317691,
        240.7588329200469,
        240.75883292004693,
        221.92891416959174,
        221.92891416959174,
        240.75883292004693,
        240.7588329200469,
        240.7588329200469,
        193.52590658002825,
        126.80597171952034,
        158.88575761224874,
        176.9960177578696,
        63.76281516217733,
        95.1229424500714
    ],
    "index": 6,
    "threshold": 2,
    "weight2": 0,
    "weight1": 1,
    "heterogeneity": 0.7,
    "lambda": 50,
    "times": [
        0,
        0,
        0,
        0,
        0,
        0,
        0,
        0,
        0,
        0,
        0,
        0,
        0,
        0,
        0,
        0,
        0,
        0,
        0,
        0,
        0,
        0,
        0,
        0,
        0,
        0,
        0,
        0,
        0,
        0,
        0,
        0,
        0,
        0,
        0,
        0,
        0,
        0,
        0,
        0,
        0,
        0,
        0,
        0,
        0
    ],
    "capacityMultiplier": 0.5,
    "strictness": 0,
    "runTime": 14714999,
    "beta": 40
}