{
    "seed": 1,
    "scores": [
        240.75883292004693,
        285.69172933176907,
        250.57939385561076,
        285.69172933176907,
        240.75883292004693,
        240.75883292004693,
        314.34220901778804,
        269.4093126060659,
        240.75883292004693,
        257.28872174220555,
        269.4093126060659,
        250.57939385561076,
        269.4093126060659,
        257.28872174220555,
        269.4093126060659,
        240.75883292004693,
        269.4093126060659,
        240.75883292004693,
        314.3422090177881,
        238.4588029917504,
        269.4093126060659,
        285.6917293317691,
        257.28872174220555,
        285.6917293317691,
        193.52590658002825,
        221.92891416959174,
        240.75883292004693,
        240.75883292004693,
        240.7588329200469,
        240.7588329200469,
        240.75883292004693,
        205.64649744388862,
        240.75883292004693,
        158.88575761224874,
        232.46913370998993,
        240.75883292004693,
        193.52590658002822,
        175.4156464344074,
        221.92891416959176,
        203.8186540239709,
        145.6358904699755,
        158.88575761224874,
        126.80597171952034,
        123.77342213609042,
        145.6358904699755
    ],
    "index": 25,
    "threshold": 2,
    "weight2": 0,
    "weight1": 1,
    "heterogeneity": 0.7,
    "lambda": 50,
    "times": [
        0,
        0,
        0,
        0,
        0,
        0,
        0,
        0,
        0,
        0,
        0,
        0,
        0,
        0,
        0,
        0,
        0,
        0,
        0,
        0,
        0,
        0,
        0,
        0,
        0,
        0,
        0,
        0,
        0,
        0,
        0,
        0,
        0,
        0,
        0,
        0,
        0,
        0,
        0,
        0,
        0,
        0,
        0,
        0,
        0
    ],
    "capacityMultiplier": 0.5,
    "strictness": 0,
    "runTime": 169955,
    "beta": 40
}