{
    "seed": 1,
    "scores": [
        269.40931260606595,
        257.28872174220555,
        285.6917293317691,
        302.22161815392775,
        240.75883292004693,
        269.40931260606595,
        269.4093126060659,
        269.4093126060659,
        205.64649744388862,
        285.6917293317691,
        285.6917293317691,
        257.28872174220555,
        285.69172933176907,
        240.75883292004693,
        269.4093126060659,
        240.75883292004693,
        269.4093126060659,
        285.6917293317691,
        285.6917293317691,
        285.69172933176907,
        240.75883292004693,
        285.69172933176907,
        285.69172933176907,
        240.75883292004693,
        240.75883292004693,
        240.75883292004693,
        285.69172933176907,
        285.6917293317691,
        240.75883292004693,
        240.75883292004693,
        285.69172933176907,
        221.92891416959174,
        240.75883292004693,
        203.8186540239709,
        285.69172933176907,
        205.6464974438886,
        158.88575761224874,
        158.88575761224874,
        176.9960177578696,
        203.8186540239709,
        174.28637015599452,
        158.88575761224874,
        176.9960177578696,
        158.88575761224874,
        176.9960177578696
    ],
    "index": 21,
    "threshold": 2,
    "weight2": 0,
    "weight1": 1,
    "heterogeneity": 0.7,
    "lambda": 50,
    "times": [
        0,
        0,
        0,
        0,
        0,
        0,
        0,
        0,
        0,
        0,
        0,
        0,
        0,
        0,
        0,
        0,
        0,
        0,
        0,
        0,
        0,
        0,
        0,
        0,
        0,
        0,
        0,
        0,
        0,
        0,
        0,
        0,
        0,
        0,
        0,
        0,
        0,
        0,
        0,
        0,
        0,
        0,
        0,
        0,
        0
    ],
    "capacityMultiplier": 0.5,
    "strictness": 0,
    "runTime": 200143,
    "beta": 40
}