{
    "seed": 1,
    "scores": [
        269.4093126060659,
        285.6917293317691,
        314.3422090177881,
        238.45880299175042,
        285.6917293317691,
        269.40931260606595,
        203.8186540239709,
        314.3422090177881,
        269.40931260606595,
        257.28872174220555,
        203.8186540239709,
        238.4588029917504,
        285.6917293317691,
        285.6917293317691,
        285.6917293317691,
        240.75883292004693,
        285.69172933176907,
        238.45880299175042,
        221.92891416959174,
        269.4093126060659,
        240.75883292004693,
        314.3422090177881,
        203.8186540239709,
        302.22161815392775,
        257.28872174220555,
        285.6917293317691,
        285.6917293317691,
        285.69172933176907,
        285.6917293317691,
        257.28872174220555,
        285.69172933176907,
        269.4093126060659,
        203.8186540239709,
        221.92891416959176,
        269.4093126060659,
        205.6464974438886,
        240.75883292004693,
        250.57939385561076,
        240.7588329200469,
        221.92891416959176,
        205.6464974438886,
        140.05583886179357,
        176.9960177578696,
        137.34619125991853,
        140.05583886179357
    ],
    "index": 32,
    "threshold": 2,
    "weight2": 0,
    "weight1": 1,
    "heterogeneity": 0.7,
    "lambda": 50,
    "times": [
        0,
        0,
        0,
        0,
        0,
        0,
        0,
        0,
        0,
        0,
        0,
        0,
        0,
        0,
        0,
        0,
        0,
        0,
        0,
        0,
        0,
        0,
        0,
        0,
        0,
        0,
        0,
        0,
        0,
        0,
        0,
        0,
        0,
        0,
        0,
        0,
        0,
        0,
        0,
        0,
        0,
        0,
        0,
        0,
        0
    ],
    "capacityMultiplier": 0.5,
    "strictness": 0,
    "runTime": 14719629,
    "beta": 40
}