{
    "seed": 1,
    "scores": [
        285.69172933176907,
        240.75883292004693,
        285.69172933176907,
        285.69172933176907,
        250.57939385561076,
        285.69172933176907,
        257.28872174220555,
        250.57939385561076,
        285.69172933176907,
        240.7588329200469,
        269.4093126060659,
        240.7588329200469,
        240.75883292004693,
        285.69172933176907,
        285.69172933176907,
        285.6917293317691,
        285.6917293317691,
        240.7588329200469,
        285.6917293317691,
        269.4093126060659,
        285.6917293317691,
        221.92891416959176,
        285.6917293317691,
        240.75883292004693,
        285.6917293317691,
        257.28872174220555,
        222.17638626604725,
        240.75883292004693,
        269.4093126060659,
        240.7588329200469,
        285.69172933176907,
        240.75883292004693,
        285.69172933176907,
        240.75883292004693,
        220.34854284612956,
        193.52590658002822,
        205.64649744388862,
        155.45645140553935,
        203.8186540239709,
        174.28637015599452,
        168.7063185478126,
        108.6957115738995,
        158.88575761224874,
        176.9960177578696,
        123.77342213609042
    ],
    "index": 28,
    "threshold": 2,
    "weight2": 0,
    "weight1": 1,
    "heterogeneity": 0.7,
    "lambda": 50,
    "times": [
        0,
        0,
        0,
        0,
        0,
        0,
        0,
        0,
        0,
        0,
        0,
        0,
        0,
        0,
        0,
        0,
        0,
        0,
        0,
        0,
        0,
        0,
        0,
        0,
        0,
        0,
        0,
        0,
        0,
        0,
        0,
        0,
        0,
        0,
        0,
        0,
        0,
        0,
        0,
        0,
        0,
        0,
        0,
        0,
        0
    ],
    "capacityMultiplier": 0.5,
    "strictness": 0,
    "runTime": 14781795,
    "beta": 40
}