{
    "seed": 1,
    "scores": [
        285.69172933176907,
        250.5793938556108,
        257.28872174220555,
        269.40931260606595,
        285.69172933176907,
        285.6917293317691,
        250.5793938556108,
        257.28872174220555,
        221.92891416959174,
        285.6917293317691,
        285.6917293317691,
        285.69172933176907,
        221.92891416959174,
        285.6917293317691,
        240.7588329200469,
        285.69172933176907,
        269.4093126060659,
        285.6917293317691,
        240.75883292004693,
        221.92891416959176,
        269.4093126060659,
        257.28872174220555,
        240.7588329200469,
        269.4093126060659,
        285.6917293317691,
        269.40931260606595,
        240.7588329200469,
        240.75883292004693,
        269.40931260606595,
        257.28872174220555,
        240.75883292004693,
        285.6917293317691,
        240.75883292004693,
        190.5687868816977,
        203.8186540239709,
        240.7588329200469,
        158.88575761224874,
        176.9960177578696,
        203.8186540239709,
        240.75883292004693,
        158.88575761224874,
        145.6358904699755,
        108.6957115738995,
        95.1229424500714,
        126.80597171952034
    ],
    "index": 4,
    "threshold": 2,
    "weight2": 0,
    "weight1": 1,
    "heterogeneity": 0.7,
    "lambda": 50,
    "times": [
        0,
        0,
        0,
        0,
        0,
        0,
        0,
        0,
        0,
        0,
        0,
        0,
        0,
        0,
        0,
        0,
        0,
        0,
        0,
        0,
        0,
        0,
        0,
        0,
        0,
        0,
        0,
        0,
        0,
        0,
        0,
        0,
        0,
        0,
        0,
        0,
        0,
        0,
        0,
        0,
        0,
        0,
        0,
        0,
        0
    ],
    "capacityMultiplier": 0.5,
    "strictness": 0,
    "runTime": 502332,
    "beta": 40
}