{
    "seed": 1,
    "scores": [
        285.69172933176907,
        285.69172933176907,
        232.4691337099899,
        285.6917293317691,
        302.22161815392775,
        285.6917293317691,
        285.6917293317691,
        221.92891416959174,
        285.69172933176907,
        269.4093126060659,
        240.7588329200469,
        285.6917293317691,
        240.75883292004693,
        269.4093126060659,
        285.69172933176907,
        285.69172933176907,
        285.69172933176907,
        269.4093126060659,
        285.69172933176907,
        269.4093126060659,
        285.6917293317691,
        221.92891416959174,
        250.57939385561076,
        285.69172933176907,
        232.4691337099899,
        285.6917293317691,
        269.40931260606595,
        269.4093126060659,
        193.52590658002822,
        240.75883292004693,
        240.75883292004693,
        240.75883292004693,
        285.6917293317691,
        205.64649744388862,
        240.7588329200469,
        221.92891416959176,
        221.92891416959174,
        176.9960177578696,
        203.8186540239709,
        162.16577929213415,
        126.80597171952034,
        140.05583886179357,
        110.52355499381719,
        92.41329484819634,
        111.65283127223006
    ],
    "index": 26,
    "threshold": 2,
    "weight2": 0,
    "weight1": 1,
    "heterogeneity": 0.7,
    "lambda": 50,
    "times": [
        0,
        0,
        0,
        0,
        0,
        0,
        0,
        0,
        0,
        0,
        0,
        0,
        0,
        0,
        0,
        0,
        0,
        0,
        0,
        0,
        0,
        0,
        0,
        0,
        0,
        0,
        0,
        0,
        0,
        0,
        0,
        0,
        0,
        0,
        0,
        0,
        0,
        0,
        0,
        0,
        0,
        0,
        0,
        0,
        0
    ],
    "capacityMultiplier": 0.5,
    "strictness": 0,
    "runTime": 14751579,
    "beta": 40
}