{
    "seed": 1,
    "scores": [
        269.4093126060659,
        250.57939385561076,
        285.9392014282246,
        269.40931260606595,
        285.69172933176907,
        269.4093126060659,
        250.57939385561076,
        285.69172933176907,
        240.7588329200469,
        285.6917293317691,
        285.69172933176907,
        250.57939385561076,
        285.69172933176907,
        285.6917293317691,
        269.4093126060659,
        240.75883292004693,
        250.57939385561076,
        269.4093126060659,
        269.4093126060659,
        285.6917293317691,
        269.4093126060659,
        222.17638626604725,
        269.4093126060659,
        314.3422090177881,
        240.7588329200469,
        269.4093126060659,
        240.75883292004693,
        240.7588329200469,
        269.4093126060659,
        221.92891416959176,
        240.7588329200469,
        221.92891416959174,
        240.75883292004693,
        240.7588329200469,
        221.92891416959176,
        221.92891416959174,
        158.88575761224874,
        193.52590658002822,
        158.88575761224874,
        145.6358904699755,
        176.9960177578696,
        123.77342213609042,
        240.75883292004693,
        81.87307530779817,
        61.46278523388082
    ],
    "index": 19,
    "threshold": 2,
    "weight2": 0,
    "weight1": 1,
    "heterogeneity": 0.7,
    "lambda": 50,
    "times": [
        0,
        0,
        0,
        0,
        0,
        0,
        0,
        0,
        0,
        0,
        0,
        0,
        0,
        0,
        0,
        0,
        0,
        0,
        0,
        0,
        0,
        0,
        0,
        0,
        0,
        0,
        0,
        0,
        0,
        0,
        0,
        0,
        0,
        0,
        0,
        0,
        0,
        0,
        0,
        0,
        0,
        0,
        0,
        0,
        0
    ],
    "capacityMultiplier": 0.5,
    "strictness": 0,
    "runTime": 231796,
    "beta": 40
}