{
    "seed": 1,
    "scores": [
        269.40931260606595,
        302.22161815392775,
        285.69172933176907,
        314.34220901778804,
        240.75883292004693,
        269.40931260606595,
        285.69172933176907,
        269.4093126060659,
        269.40931260606595,
        285.69172933176907,
        250.57939385561076,
        285.6917293317691,
        285.69172933176907,
        240.75883292004693,
        269.4093126060659,
        285.6917293317691,
        240.75883292004693,
        285.6917293317691,
        285.69172933176907,
        285.69172933176907,
        269.4093126060659,
        285.69172933176907,
        285.69172933176907,
        257.28872174220555,
        240.75883292004693,
        285.6917293317691,
        203.8186540239709,
        221.92891416959174,
        240.75883292004693,
        240.7588329200469,
        240.75883292004693,
        240.75883292004693,
        240.7588329200469,
        285.6917293317691,
        240.75883292004693,
        240.7588329200469,
        240.7588329200469,
        187.53623729826776,
        240.7588329200469,
        240.7588329200469,
        145.6358904699755,
        158.88575761224874,
        140.05583886179357,
        95.1229424500714,
        176.9960177578696
    ],
    "index": 10,
    "threshold": 2,
    "weight2": 0,
    "weight1": 1,
    "heterogeneity": 0.7,
    "lambda": 50,
    "times": [
        0,
        0,
        0,
        0,
        0,
        0,
        0,
        0,
        0,
        0,
        0,
        0,
        0,
        0,
        0,
        0,
        0,
        0,
        0,
        0,
        0,
        0,
        0,
        0,
        0,
        0,
        0,
        0,
        0,
        0,
        0,
        0,
        0,
        0,
        0,
        0,
        0,
        0,
        0,
        0,
        0,
        0,
        0,
        0,
        0
    ],
    "capacityMultiplier": 0.5,
    "strictness": 0,
    "runTime": 2032314,
    "beta": 40
}