{
    "seed": 1,
    "scores": [
        314.3422090177881,
        269.40931260606595,
        302.2216181539277,
        285.69172933176907,
        314.34220901778804,
        285.69172933176907,
        269.4093126060659,
        285.69172933176907,
        269.4093126060659,
        285.69172933176907,
        285.6917293317691,
        269.40931260606595,
        285.6917293317691,
        240.7588329200469,
        269.40931260606595,
        285.69172933176907,
        269.4093126060659,
        285.69172933176907,
        285.69172933176907,
        285.6917293317691,
        314.3422090177881,
        257.28872174220555,
        240.7588329200469,
        240.7588329200469,
        240.75883292004693,
        269.40931260606595,
        285.6917293317691,
        250.57939385561076,
        250.5793938556108,
        221.92891416959174,
        205.64649744388862,
        240.7588329200469,
        203.8186540239709,
        240.75883292004693,
        221.92891416959176,
        221.92891416959174,
        240.75883292004693,
        240.75883292004693,
        174.28637015599452,
        240.75883292004693,
        158.88575761224874,
        145.6358904699755,
        92.41329484819634,
        95.1229424500714,
        108.6957115738995
    ],
    "index": 17,
    "threshold": 2,
    "weight2": 0,
    "weight1": 1,
    "heterogeneity": 0.7,
    "lambda": 50,
    "times": [
        0,
        0,
        0,
        0,
        0,
        0,
        0,
        0,
        0,
        0,
        0,
        0,
        0,
        0,
        0,
        0,
        0,
        0,
        0,
        0,
        0,
        0,
        0,
        0,
        0,
        0,
        0,
        0,
        0,
        0,
        0,
        0,
        0,
        0,
        0,
        0,
        0,
        0,
        0,
        0,
        0,
        0,
        0,
        0,
        0
    ],
    "capacityMultiplier": 0.5,
    "strictness": 0,
    "runTime": 14636553,
    "beta": 40
}