{
    "seed": 1,
    "scores": [
        240.75883292004693,
        314.3422090177881,
        267.10928267776944,
        314.3422090177881,
        257.28872174220555,
        240.75883292004693,
        314.34220901778804,
        257.28872174220555,
        285.6917293317691,
        285.69172933176907,
        269.4093126060659,
        250.57939385561076,
        269.4093126060659,
        257.28872174220555,
        240.75883292004693,
        240.75883292004693,
        257.28872174220555,
        257.28872174220555,
        285.6917293317691,
        285.9392014282246,
        269.4093126060659,
        285.69172933176907,
        257.28872174220555,
        285.6917293317691,
        238.45880299175042,
        285.69172933176907,
        285.69172933176907,
        285.69172933176907,
        257.28872174220555,
        240.7588329200469,
        240.7588329200469,
        187.53623729826776,
        240.75883292004693,
        203.8186540239709,
        269.4093126060659,
        240.7588329200469,
        193.52590658002825,
        156.58572768395223,
        140.05583886179357,
        187.53623729826774,
        145.6358904699755,
        158.88575761224874,
        140.05583886179357,
        95.1229424500714,
        81.87307530779817
    ],
    "index": 15,
    "threshold": 2,
    "weight2": 0,
    "weight1": 1,
    "heterogeneity": 0.7,
    "lambda": 50,
    "times": [
        0,
        0,
        0,
        0,
        0,
        0,
        0,
        0,
        0,
        0,
        0,
        0,
        0,
        0,
        0,
        0,
        0,
        0,
        0,
        0,
        0,
        0,
        0,
        0,
        0,
        0,
        0,
        0,
        0,
        0,
        0,
        0,
        0,
        0,
        0,
        0,
        0,
        0,
        0,
        0,
        0,
        0,
        0,
        0,
        0
    ],
    "capacityMultiplier": 0.5,
    "strictness": 0,
    "runTime": 14631594,
    "beta": 40
}