{
    "seed": 1,
    "scores": [
        285.69172933176907,
        285.6917293317691,
        314.34220901778815,
        285.69172933176907,
        302.22161815392775,
        285.6917293317691,
        285.6917293317691,
        285.69172933176907,
        285.6917293317691,
        269.4093126060659,
        240.7588329200469,
        285.6917293317691,
        240.75883292004693,
        314.3422090177881,
        257.28872174220555,
        285.6917293317691,
        285.69172933176907,
        269.4093126060659,
        285.69172933176907,
        269.4093126060659,
        285.6917293317691,
        250.57939385561076,
        250.57939385561076,
        285.69172933176907,
        232.46913370998993,
        285.6917293317691,
        269.40931260606595,
        269.4093126060659,
        193.52590658002822,
        240.75883292004693,
        240.75883292004693,
        240.75883292004693,
        285.6917293317691,
        205.6464974438886,
        221.92891416959174,
        221.92891416959176,
        221.92891416959174,
        176.9960177578696,
        203.8186540239709,
        145.6358904699755,
        126.80597171952034,
        95.1229424500714,
        81.87307530779817,
        92.41329484819634,
        95.1229424500714
    ],
    "index": 26,
    "threshold": 2,
    "weight2": 0,
    "weight1": 1,
    "heterogeneity": 0.7,
    "lambda": 50,
    "times": [
        0,
        0,
        0,
        0,
        0,
        0,
        0,
        0,
        0,
        0,
        0,
        0,
        0,
        0,
        0,
        0,
        0,
        0,
        0,
        0,
        0,
        0,
        0,
        0,
        0,
        0,
        0,
        0,
        0,
        0,
        0,
        0,
        0,
        0,
        0,
        0,
        0,
        0,
        0,
        0,
        0,
        0,
        0,
        0,
        0
    ],
    "capacityMultiplier": 0.5,
    "strictness": 0,
    "runTime": 14624232,
    "beta": 40
}