{
    "seed": 1,
    "scores": [
        285.69172933176907,
        285.6917293317691,
        285.69172933176907,
        285.69172933176907,
        314.3422090177881,
        285.6917293317691,
        285.6917293317691,
        250.57939385561076,
        285.69172933176907,
        314.3422090177881,
        269.4093126060659,
        285.6917293317691,
        285.9392014282246,
        314.3422090177881,
        221.92891416959174,
        314.3422090177881,
        285.69172933176907,
        240.75883292004693,
        285.6917293317691,
        269.4093126060659,
        285.6917293317691,
        285.69172933176907,
        250.57939385561076,
        285.69172933176907,
        285.69172933176907,
        285.6917293317691,
        269.40931260606595,
        269.4093126060659,
        285.6917293317691,
        240.75883292004693,
        221.92891416959174,
        285.69172933176907,
        285.6917293317691,
        269.40931260606595,
        205.6464974438886,
        221.92891416959176,
        285.6917293317691,
        240.7588329200469,
        269.4093126060659,
        193.52590658002825,
        176.9960177578696,
        95.1229424500714,
        176.9960177578696,
        28.650479686019015,
        111.65283127223006
    ],
    "index": 36,
    "threshold": 2,
    "weight2": 0,
    "weight1": 1,
    "heterogeneity": 0.7,
    "lambda": 50,
    "times": [
        0,
        0,
        0,
        0,
        0,
        0,
        0,
        0,
        0,
        0,
        0,
        0,
        0,
        0,
        0,
        0,
        0,
        0,
        0,
        0,
        0,
        0,
        0,
        0,
        0,
        0,
        0,
        0,
        0,
        0,
        0,
        0,
        0,
        0,
        0,
        0,
        0,
        0,
        0,
        0,
        0,
        0,
        0,
        0,
        0
    ],
    "capacityMultiplier": 0.5,
    "strictness": 0,
    "runTime": 14570621,
    "beta": 40
}