{
    "seed": 1,
    "scores": [
        269.40931260606595,
        269.4093126060659,
        285.69172933176907,
        314.3422090177881,
        285.69172933176907,
        269.40931260606595,
        269.4093126060659,
        314.3422090177881,
        269.40931260606595,
        285.6917293317691,
        285.6917293317691,
        240.75883292004693,
        285.69172933176907,
        285.69172933176907,
        269.4093126060659,
        240.75883292004693,
        269.4093126060659,
        285.6917293317691,
        285.6917293317691,
        285.69172933176907,
        240.75883292004693,
        285.69172933176907,
        285.69172933176907,
        240.75883292004693,
        240.75883292004693,
        269.4093126060659,
        285.69172933176907,
        285.6917293317691,
        285.6917293317691,
        240.7588329200469,
        285.69172933176907,
        176.9960177578696,
        240.75883292004693,
        203.8186540239709,
        285.69172933176907,
        205.6464974438886,
        176.9960177578696,
        187.53623729826776,
        176.9960177578696,
        203.8186540239709,
        174.28637015599452,
        140.05583886179357,
        176.9960177578696,
        158.88575761224874,
        176.9960177578696
    ],
    "index": 21,
    "threshold": 2,
    "weight2": 0,
    "weight1": 1,
    "heterogeneity": 0.7,
    "lambda": 50,
    "times": [
        0,
        0,
        0,
        0,
        0,
        0,
        0,
        0,
        0,
        0,
        0,
        0,
        0,
        0,
        0,
        0,
        0,
        0,
        0,
        0,
        0,
        0,
        0,
        0,
        0,
        0,
        0,
        0,
        0,
        0,
        0,
        0,
        0,
        0,
        0,
        0,
        0,
        0,
        0,
        0,
        0,
        0,
        0,
        0,
        0
    ],
    "capacityMultiplier": 0.5,
    "strictness": 0,
    "runTime": 14567587,
    "beta": 40
}