{
    "seed": 1,
    "scores": [
        285.69172933176907,
        314.34220901778804,
        285.69172933176907,
        285.69172933176907,
        302.2216181539277,
        285.69172933176907,
        257.28872174220555,
        285.6917293317691,
        285.69172933176907,
        269.4093126060659,
        269.4093126060659,
        240.7588329200469,
        285.6917293317691,
        285.69172933176907,
        250.57939385561076,
        285.6917293317691,
        285.6917293317691,
        240.7588329200469,
        285.6917293317691,
        269.4093126060659,
        285.69172933176907,
        285.6917293317691,
        285.6917293317691,
        240.75883292004693,
        285.6917293317691,
        257.28872174220555,
        257.28872174220555,
        257.28872174220555,
        285.69172933176907,
        240.7588329200469,
        285.69172933176907,
        285.69172933176907,
        221.92891416959174,
        240.75883292004693,
        190.5687868816977,
        240.7588329200469,
        205.64649744388862,
        126.80597171952034,
        193.52590658002825,
        187.53623729826774,
        140.05583886179357,
        80.29270398433599,
        158.88575761224874,
        145.6358904699755,
        123.77342213609042
    ],
    "index": 18,
    "threshold": 2,
    "weight2": 0,
    "weight1": 1,
    "heterogeneity": 0.7,
    "lambda": 50,
    "times": [
        0,
        0,
        0,
        0,
        0,
        0,
        0,
        0,
        0,
        0,
        0,
        0,
        0,
        0,
        0,
        0,
        0,
        0,
        0,
        0,
        0,
        0,
        0,
        0,
        0,
        0,
        0,
        0,
        0,
        0,
        0,
        0,
        0,
        0,
        0,
        0,
        0,
        0,
        0,
        0,
        0,
        0,
        0,
        0,
        0
    ],
    "capacityMultiplier": 0.5,
    "strictness": 0,
    "runTime": 14607592,
    "beta": 40
}