{
    "seed": 1,
    "scores": [
        269.4093126060659,
        285.6917293317691,
        314.3422090177881,
        238.4588029917504,
        302.2216181539277,
        269.40931260606595,
        285.69172933176907,
        285.69172933176907,
        269.40931260606595,
        240.7588329200469,
        302.22161815392775,
        238.4588029917504,
        314.34220901778804,
        285.6917293317691,
        240.75883292004693,
        240.75883292004693,
        221.92891416959174,
        221.92891416959174,
        302.22161815392775,
        269.4093126060659,
        257.28872174220555,
        285.6917293317691,
        285.69172933176907,
        285.6917293317691,
        240.75883292004693,
        285.69172933176907,
        285.6917293317691,
        285.69172933176907,
        240.7588329200469,
        221.92891416959174,
        240.7588329200469,
        240.7588329200469,
        285.69172933176907,
        221.92891416959176,
        240.75883292004693,
        205.64649744388862,
        240.75883292004693,
        240.75883292004693,
        240.7588329200469,
        221.92891416959176,
        92.41329484819634,
        140.05583886179357,
        95.1229424500714,
        63.76281516217733,
        95.1229424500714
    ],
    "index": 22,
    "threshold": 2,
    "weight2": 0,
    "weight1": 1,
    "heterogeneity": 0.7,
    "lambda": 50,
    "times": [
        0,
        0,
        0,
        0,
        0,
        0,
        0,
        0,
        0,
        0,
        0,
        0,
        0,
        0,
        0,
        0,
        0,
        0,
        0,
        0,
        0,
        0,
        0,
        0,
        0,
        0,
        0,
        0,
        0,
        0,
        0,
        0,
        0,
        0,
        0,
        0,
        0,
        0,
        0,
        0,
        0,
        0,
        0,
        0,
        0
    ],
    "capacityMultiplier": 0.5,
    "strictness": 0,
    "runTime": 14403093,
    "beta": 40
}