{
    "seed": 1,
    "scores": [
        302.2216181539277,
        285.69172933176907,
        314.34220901778815,
        285.69172933176907,
        314.3422090177881,
        302.2216181539277,
        302.2216181539277,
        285.6917293317691,
        285.69172933176907,
        269.4093126060659,
        285.6917293317691,
        285.69172933176907,
        250.57939385561076,
        238.4588029917504,
        285.69172933176907,
        269.40931260606595,
        285.69172933176907,
        269.4093126060659,
        250.57939385561076,
        257.28872174220555,
        285.69172933176907,
        285.6917293317691,
        269.4093126060659,
        314.3422090177881,
        250.57939385561076,
        240.75883292004693,
        285.69172933176907,
        285.69172933176907,
        238.45880299175042,
        187.53623729826776,
        175.4156464344074,
        250.57939385561076,
        205.64649744388862,
        240.75883292004693,
        176.9960177578696,
        240.75883292004693,
        240.75883292004693,
        145.6358904699755,
        176.9960177578696,
        240.75883292004693,
        158.88575761224874,
        81.87307530779817,
        158.88575761224874,
        98.40296412995683,
        63.76281516217733
    ],
    "index": 13,
    "threshold": 2,
    "weight2": 0,
    "weight1": 1,
    "heterogeneity": 0.7,
    "lambda": 50,
    "times": [
        0,
        0,
        0,
        0,
        0,
        0,
        0,
        0,
        0,
        0,
        0,
        0,
        0,
        0,
        0,
        0,
        0,
        0,
        0,
        0,
        0,
        0,
        0,
        0,
        0,
        0,
        0,
        0,
        0,
        0,
        0,
        0,
        0,
        0,
        0,
        0,
        0,
        0,
        0,
        0,
        0,
        0,
        0,
        0,
        0
    ],
    "capacityMultiplier": 0.5,
    "strictness": 0,
    "runTime": 2245319,
    "beta": 40
}