{
    "seed": 1,
    "scores": [
        269.40931260606595,
        314.34220901778804,
        285.6917293317691,
        314.3422090177881,
        285.69172933176907,
        269.40931260606595,
        314.34220901778804,
        257.28872174220555,
        269.40931260606595,
        285.6917293317691,
        285.6917293317691,
        269.4093126060659,
        285.69172933176907,
        285.69172933176907,
        285.69172933176907,
        269.4093126060659,
        285.69172933176907,
        285.6917293317691,
        257.28872174220555,
        285.6917293317691,
        257.28872174220555,
        285.69172933176907,
        285.69172933176907,
        302.2216181539277,
        240.75883292004693,
        269.4093126060659,
        285.69172933176907,
        285.6917293317691,
        285.69172933176907,
        240.7588329200469,
        269.4093126060659,
        240.75883292004693,
        240.75883292004693,
        203.8186540239709,
        240.7588329200469,
        205.64649744388862,
        176.9960177578696,
        168.7063185478126,
        176.9960177578696,
        140.05583886179357,
        110.52355499381719,
        140.05583886179357,
        176.9960177578696,
        63.76281516217733,
        95.1229424500714
    ],
    "index": 11,
    "threshold": 2,
    "weight2": 0,
    "weight1": 1,
    "heterogeneity": 0.7,
    "lambda": 50,
    "times": [
        0,
        0,
        0,
        0,
        0,
        0,
        0,
        0,
        0,
        0,
        0,
        0,
        0,
        0,
        0,
        0,
        0,
        0,
        0,
        0,
        0,
        0,
        0,
        0,
        0,
        0,
        0,
        0,
        0,
        0,
        0,
        0,
        0,
        0,
        0,
        0,
        0,
        0,
        0,
        0,
        0,
        0,
        0,
        0,
        0
    ],
    "capacityMultiplier": 0.5,
    "strictness": 0,
    "runTime": 14401761,
    "beta": 40
}