{
    "seed": 1,
    "scores": [
        269.4093126060659,
        314.3422090177881,
        314.3422090177881,
        314.3422090177881,
        257.28872174220555,
        240.75883292004693,
        314.3422090177881,
        285.9392014282246,
        240.75883292004693,
        302.2216181539277,
        238.4588029917504,
        285.69172933176907,
        269.4093126060659,
        257.28872174220555,
        240.75883292004693,
        240.75883292004693,
        257.28872174220555,
        257.28872174220555,
        314.3422090177881,
        285.69172933176907,
        240.75883292004693,
        314.3422090177881,
        302.2216181539277,
        285.6917293317691,
        257.28872174220555,
        238.4588029917504,
        285.69172933176907,
        221.92891416959174,
        257.28872174220555,
        285.69172933176907,
        285.69172933176907,
        187.53623729826776,
        257.28872174220555,
        158.88575761224874,
        285.69172933176907,
        240.7588329200469,
        240.75883292004693,
        193.52590658002825,
        221.92891416959174,
        240.75883292004693,
        190.5687868816977,
        240.75883292004693,
        126.80597171952034,
        95.1229424500714,
        81.87307530779817
    ],
    "index": 35,
    "threshold": 2,
    "weight2": 0,
    "weight1": 1,
    "heterogeneity": 0.7,
    "lambda": 50,
    "times": [
        0,
        0,
        0,
        0,
        0,
        0,
        0,
        0,
        0,
        0,
        0,
        0,
        0,
        0,
        0,
        0,
        0,
        0,
        0,
        0,
        0,
        0,
        0,
        0,
        0,
        0,
        0,
        0,
        0,
        0,
        0,
        0,
        0,
        0,
        0,
        0,
        0,
        0,
        0,
        0,
        0,
        0,
        0,
        0,
        0
    ],
    "capacityMultiplier": 0.5,
    "strictness": 0,
    "runTime": 14617125,
    "beta": 40
}