{
    "seed": 1,
    "scores": [
        302.2216181539277,
        285.69172933176907,
        314.34220901778804,
        240.7588329200469,
        314.34220901778815,
        302.2216181539277,
        285.69172933176907,
        285.69172933176907,
        302.22161815392775,
        257.28872174220555,
        285.69172933176907,
        285.69172933176907,
        250.57939385561076,
        302.22161815392775,
        285.69172933176907,
        250.57939385561076,
        285.69172933176907,
        269.4093126060659,
        269.4093126060659,
        240.75883292004693,
        285.6917293317691,
        269.4093126060659,
        269.4093126060659,
        314.34220901778815,
        250.57939385561076,
        240.75883292004693,
        285.69172933176907,
        285.6917293317691,
        285.6917293317691,
        269.40931260606595,
        238.45880299175042,
        285.69172933176907,
        269.40931260606595,
        240.7588329200469,
        240.75883292004693,
        240.75883292004693,
        221.92891416959174,
        240.75883292004693,
        176.9960177578696,
        240.75883292004693,
        240.7588329200469,
        81.87307530779817,
        80.29270398433599,
        98.40296412995683,
        63.76281516217733
    ],
    "index": 33,
    "threshold": 2,
    "weight2": 0,
    "weight1": 1,
    "heterogeneity": 0.7,
    "lambda": 50,
    "times": [
        0,
        0,
        0,
        0,
        0,
        0,
        0,
        0,
        0,
        0,
        0,
        0,
        0,
        0,
        0,
        0,
        0,
        0,
        0,
        0,
        0,
        0,
        0,
        0,
        0,
        0,
        0,
        0,
        0,
        0,
        0,
        0,
        0,
        0,
        0,
        0,
        0,
        0,
        0,
        0,
        0,
        0,
        0,
        0,
        0
    ],
    "capacityMultiplier": 0.5,
    "strictness": 0,
    "runTime": 14596500,
    "beta": 40
}