{
    "seed": 1,
    "scores": [
        285.69172933176907,
        269.40931260606595,
        302.22161815392775,
        269.4093126060659,
        285.6917293317691,
        314.3422090177881,
        314.34220901778815,
        285.69172933176907,
        285.69172933176907,
        285.69172933176907,
        285.6917293317691,
        269.40931260606595,
        285.6917293317691,
        285.69172933176907,
        285.6917293317691,
        285.69172933176907,
        269.4093126060659,
        285.69172933176907,
        285.69172933176907,
        285.6917293317691,
        285.69172933176907,
        285.69172933176907,
        285.69172933176907,
        240.7588329200469,
        285.69172933176907,
        269.40931260606595,
        240.75883292004693,
        240.75883292004693,
        269.40931260606595,
        221.92891416959174,
        269.40931260606595,
        240.7588329200469,
        240.75883292004693,
        240.75883292004693,
        285.6917293317691,
        221.92891416959174,
        240.75883292004693,
        240.75883292004693,
        240.75883292004693,
        205.6464974438886,
        140.05583886179357,
        110.52355499381719,
        73.58337609774118,
        95.1229424500714,
        44.93289641172217
    ],
    "index": 7,
    "threshold": 2,
    "weight2": 0,
    "weight1": 1,
    "heterogeneity": 0.7,
    "lambda": 50,
    "times": [
        0,
        0,
        0,
        0,
        0,
        0,
        0,
        0,
        0,
        0,
        0,
        0,
        0,
        0,
        0,
        0,
        0,
        0,
        0,
        0,
        0,
        0,
        0,
        0,
        0,
        0,
        0,
        0,
        0,
        0,
        0,
        0,
        0,
        0,
        0,
        0,
        0,
        0,
        0,
        0,
        0,
        0,
        0,
        0,
        0
    ],
    "capacityMultiplier": 0.5,
    "strictness": 0,
    "runTime": 14626480,
    "beta": 40
}