{
    "seed": 1,
    "scores": [
        285.69172933176907,
        240.75883292004693,
        285.69172933176907,
        285.6917293317691,
        267.10928267776944,
        302.22161815392775,
        269.4093126060659,
        314.3422090177881,
        285.69172933176907,
        285.69172933176907,
        269.4093126060659,
        240.7588329200469,
        240.75883292004693,
        285.69172933176907,
        285.69172933176907,
        285.6917293317691,
        285.6917293317691,
        269.4093126060659,
        285.6917293317691,
        314.3422090177881,
        285.69172933176907,
        285.6917293317691,
        285.6917293317691,
        240.75883292004693,
        285.69172933176907,
        257.28872174220555,
        257.28872174220555,
        257.28872174220555,
        285.69172933176907,
        285.6917293317691,
        285.69172933176907,
        285.69172933176907,
        285.69172933176907,
        240.75883292004693,
        220.34854284612956,
        238.4588029917504,
        205.6464974438886,
        140.05583886179357,
        193.52590658002825,
        187.53623729826776,
        176.9960177578696,
        80.29270398433599,
        158.88575761224874,
        240.7588329200469,
        176.9960177578696
    ],
    "index": 38,
    "threshold": 2,
    "weight2": 0,
    "weight1": 1,
    "heterogeneity": 0.7,
    "lambda": 50,
    "times": [
        0,
        0,
        0,
        0,
        0,
        0,
        0,
        0,
        0,
        0,
        0,
        0,
        0,
        0,
        0,
        0,
        0,
        0,
        0,
        0,
        0,
        0,
        0,
        0,
        0,
        0,
        0,
        0,
        0,
        0,
        0,
        0,
        0,
        0,
        0,
        0,
        0,
        0,
        0,
        0,
        0,
        0,
        0,
        0,
        0
    ],
    "capacityMultiplier": 0.5,
    "strictness": 0,
    "runTime": 14574717,
    "beta": 40
}