{
    "seed": 1,
    "scores": [
        269.40931260606595,
        257.28872174220555,
        285.69172933176907,
        314.3422090177881,
        302.2216181539277,
        269.40931260606595,
        269.4093126060659,
        302.22161815392775,
        269.40931260606595,
        285.6917293317691,
        285.6917293317691,
        257.28872174220555,
        285.69172933176907,
        285.69172933176907,
        285.69172933176907,
        240.75883292004693,
        285.69172933176907,
        285.6917293317691,
        285.6917293317691,
        285.6917293317691,
        240.75883292004693,
        285.69172933176907,
        285.69172933176907,
        257.28872174220555,
        240.75883292004693,
        240.75883292004693,
        285.69172933176907,
        285.69172933176907,
        285.6917293317691,
        302.2216181539277,
        314.3422090177881,
        240.75883292004693,
        285.6917293317691,
        203.8186540239709,
        285.69172933176907,
        269.4093126060659,
        240.7588329200469,
        205.6464974438886,
        176.9960177578696,
        190.56878688169766,
        155.45645140553935,
        140.05583886179357,
        176.9960177578696,
        158.88575761224874,
        176.9960177578696
    ],
    "index": 31,
    "threshold": 2,
    "weight2": 0,
    "weight1": 1,
    "heterogeneity": 0.7,
    "lambda": 50,
    "times": [
        0,
        0,
        0,
        0,
        0,
        0,
        0,
        0,
        0,
        0,
        0,
        0,
        0,
        0,
        0,
        0,
        0,
        0,
        0,
        0,
        0,
        0,
        0,
        0,
        0,
        0,
        0,
        0,
        0,
        0,
        0,
        0,
        0,
        0,
        0,
        0,
        0,
        0,
        0,
        0,
        0,
        0,
        0,
        0,
        0
    ],
    "capacityMultiplier": 0.5,
    "strictness": 0,
    "runTime": 14617155,
    "beta": 40
}