{
    "seed": 1,
    "scores": [
        314.3422090177881,
        302.22161815392775,
        285.69172933176907,
        314.3422090177881,
        257.28872174220555,
        314.3422090177881,
        314.3422090177881,
        269.4093126060659,
        269.40931260606595,
        285.6917293317691,
        285.6917293317691,
        285.69172933176907,
        285.69172933176907,
        240.75883292004693,
        269.4093126060659,
        285.69172933176907,
        240.75883292004693,
        285.6917293317691,
        257.28872174220555,
        285.6917293317691,
        285.9392014282246,
        285.69172933176907,
        240.75883292004693,
        285.6917293317691,
        240.75883292004693,
        285.6917293317691,
        285.69172933176907,
        221.92891416959176,
        240.75883292004693,
        240.7588329200469,
        240.75883292004693,
        269.40931260606595,
        240.7588329200469,
        203.8186540239709,
        240.75883292004693,
        205.64649744388862,
        205.6464974438886,
        110.52355499381719,
        240.75883292004693,
        221.92891416959174,
        92.41329484819634,
        108.6957115738995,
        176.9960177578696,
        158.88575761224874,
        176.9960177578696
    ],
    "index": 20,
    "threshold": 2,
    "weight2": 0,
    "weight1": 1,
    "heterogeneity": 0.7,
    "lambda": 50,
    "times": [
        0,
        0,
        0,
        0,
        0,
        0,
        0,
        0,
        0,
        0,
        0,
        0,
        0,
        0,
        0,
        0,
        0,
        0,
        0,
        0,
        0,
        0,
        0,
        0,
        0,
        0,
        0,
        0,
        0,
        0,
        0,
        0,
        0,
        0,
        0,
        0,
        0,
        0,
        0,
        0,
        0,
        0,
        0,
        0,
        0
    ],
    "capacityMultiplier": 0.5,
    "strictness": 0,
    "runTime": 14613371,
    "beta": 40
}