{
    "seed": 1,
    "scores": [
        285.69172933176907,
        240.75883292004693,
        285.69172933176907,
        285.69172933176907,
        314.3422090177881,
        285.69172933176907,
        257.28872174220555,
        314.34220901778815,
        285.69172933176907,
        285.69172933176907,
        269.4093126060659,
        240.7588329200469,
        240.75883292004693,
        269.4093126060659,
        285.69172933176907,
        285.6917293317691,
        285.69172933176907,
        285.69172933176907,
        285.6917293317691,
        269.4093126060659,
        285.6917293317691,
        285.6917293317691,
        285.6917293317691,
        240.75883292004693,
        285.6917293317691,
        257.28872174220555,
        222.17638626604725,
        240.75883292004693,
        269.4093126060659,
        240.7588329200469,
        285.69172933176907,
        285.69172933176907,
        285.69172933176907,
        240.75883292004693,
        203.8186540239709,
        176.9960177578696,
        205.64649744388862,
        126.80597171952034,
        175.4156464344074,
        174.28637015599452,
        95.1229424500714,
        80.29270398433599,
        158.88575761224874,
        176.9960177578696,
        123.77342213609042
    ],
    "index": 28,
    "threshold": 2,
    "weight2": 0,
    "weight1": 1,
    "heterogeneity": 0.7,
    "lambda": 50,
    "times": [
        0,
        0,
        0,
        0,
        0,
        0,
        0,
        0,
        0,
        0,
        0,
        0,
        0,
        0,
        0,
        0,
        0,
        0,
        0,
        0,
        0,
        0,
        0,
        0,
        0,
        0,
        0,
        0,
        0,
        0,
        0,
        0,
        0,
        0,
        0,
        0,
        0,
        0,
        0,
        0,
        0,
        0,
        0,
        0,
        0
    ],
    "capacityMultiplier": 0.5,
    "strictness": 0,
    "runTime": 14634378,
    "beta": 40
}