{
    "seed": 1,
    "scores": [
        314.34220901778804,
        269.40931260606595,
        285.69172933176907,
        302.2216181539277,
        269.4093126060659,
        314.3422090177881,
        269.40931260606595,
        285.69172933176907,
        285.69172933176907,
        314.34220901778804,
        285.6917293317691,
        269.40931260606595,
        285.6917293317691,
        285.69172933176907,
        269.40931260606595,
        285.69172933176907,
        269.4093126060659,
        240.75883292004693,
        257.28872174220555,
        285.6917293317691,
        285.69172933176907,
        285.69172933176907,
        240.7588329200469,
        285.69172933176907,
        240.75883292004693,
        269.40931260606595,
        240.7588329200469,
        285.69172933176907,
        250.5793938556108,
        240.7588329200469,
        205.6464974438886,
        240.7588329200469,
        158.88575761224874,
        240.75883292004693,
        221.92891416959176,
        221.92891416959174,
        240.75883292004693,
        190.5687868816977,
        145.6358904699755,
        176.9960177578696,
        203.8186540239709,
        110.52355499381719,
        28.650479686019015,
        140.05583886179357,
        126.80597171952034
    ],
    "index": 27,
    "threshold": 2,
    "weight2": 0,
    "weight1": 1,
    "heterogeneity": 0.7,
    "lambda": 50,
    "times": [
        0,
        0,
        0,
        0,
        0,
        0,
        0,
        0,
        0,
        0,
        0,
        0,
        0,
        0,
        0,
        0,
        0,
        0,
        0,
        0,
        0,
        0,
        0,
        0,
        0,
        0,
        0,
        0,
        0,
        0,
        0,
        0,
        0,
        0,
        0,
        0,
        0,
        0,
        0,
        0,
        0,
        0,
        0,
        0,
        0
    ],
    "capacityMultiplier": 0.5,
    "strictness": 0,
    "runTime": 14613174,
    "beta": 40
}