{
    "seed": 1,
    "scores": [
        240.75883292004693,
        285.69172933176907,
        250.57939385561076,
        314.3422090177881,
        257.28872174220555,
        240.75883292004693,
        314.34220901778804,
        269.4093126060659,
        240.75883292004693,
        257.28872174220555,
        285.69172933176907,
        314.3422090177881,
        269.4093126060659,
        257.28872174220555,
        269.4093126060659,
        240.75883292004693,
        269.4093126060659,
        257.28872174220555,
        314.3422090177881,
        285.69172933176907,
        269.4093126060659,
        285.6917293317691,
        257.28872174220555,
        285.6917293317691,
        175.4156464344074,
        250.57939385561076,
        285.6917293317691,
        285.69172933176907,
        257.28872174220555,
        240.75883292004693,
        240.7588329200469,
        205.64649744388862,
        257.28872174220555,
        158.88575761224874,
        232.46913370998993,
        240.75883292004693,
        176.9960177578696,
        158.88575761224874,
        221.92891416959176,
        203.8186540239709,
        98.40296412995683,
        158.88575761224874,
        126.80597171952034,
        95.1229424500714,
        145.6358904699755
    ],
    "index": 25,
    "threshold": 2,
    "weight2": 0,
    "weight1": 1,
    "heterogeneity": 0.7,
    "lambda": 50,
    "times": [
        0,
        0,
        0,
        0,
        0,
        0,
        0,
        0,
        0,
        0,
        0,
        0,
        0,
        0,
        0,
        0,
        0,
        0,
        0,
        0,
        0,
        0,
        0,
        0,
        0,
        0,
        0,
        0,
        0,
        0,
        0,
        0,
        0,
        0,
        0,
        0,
        0,
        0,
        0,
        0,
        0,
        0,
        0,
        0,
        0
    ],
    "capacityMultiplier": 0.5,
    "strictness": 0,
    "runTime": 14610588,
    "beta": 40
}