{
    "seed": 1,
    "scores": [
        314.3422090177881,
        302.22161815392775,
        285.69172933176907,
        314.3422090177881,
        240.75883292004693,
        269.40931260606595,
        314.34220901778804,
        269.4093126060659,
        269.40931260606595,
        285.69172933176907,
        314.34220901778804,
        285.69172933176907,
        285.69172933176907,
        240.75883292004693,
        240.75883292004693,
        285.69172933176907,
        240.75883292004693,
        285.6917293317691,
        285.69172933176907,
        285.69172933176907,
        269.4093126060659,
        285.69172933176907,
        285.69172933176907,
        285.6917293317691,
        240.75883292004693,
        285.6917293317691,
        221.92891416959174,
        221.92891416959176,
        240.75883292004693,
        240.7588329200469,
        240.75883292004693,
        240.75883292004693,
        240.7588329200469,
        285.6917293317691,
        240.75883292004693,
        240.7588329200469,
        240.7588329200469,
        110.52355499381719,
        240.7588329200469,
        240.7588329200469,
        110.52355499381719,
        140.05583886179357,
        140.05583886179357,
        95.1229424500714,
        176.9960177578696
    ],
    "index": 10,
    "threshold": 2,
    "weight2": 0,
    "weight1": 1,
    "heterogeneity": 0.7,
    "lambda": 50,
    "times": [
        0,
        0,
        0,
        0,
        0,
        0,
        0,
        0,
        0,
        0,
        0,
        0,
        0,
        0,
        0,
        0,
        0,
        0,
        0,
        0,
        0,
        0,
        0,
        0,
        0,
        0,
        0,
        0,
        0,
        0,
        0,
        0,
        0,
        0,
        0,
        0,
        0,
        0,
        0,
        0,
        0,
        0,
        0,
        0,
        0
    ],
    "capacityMultiplier": 0.5,
    "strictness": 0,
    "runTime": 876369,
    "beta": 40
}