{
    "seed": 1,
    "scores": [
        314.3422090177881,
        250.5793938556108,
        240.75883292004693,
        269.40931260606595,
        285.69172933176907,
        314.3422090177881,
        269.40931260606595,
        285.69172933176907,
        314.3422090177881,
        314.3422090177881,
        285.6917293317691,
        269.4093126060659,
        285.69172933176907,
        285.69172933176907,
        314.34220901778815,
        285.69172933176907,
        269.4093126060659,
        285.6917293317691,
        240.75883292004693,
        285.6917293317691,
        314.3422090177881,
        240.75883292004693,
        240.7588329200469,
        250.57939385561076,
        285.6917293317691,
        250.5793938556108,
        285.69172933176907,
        285.69172933176907,
        269.40931260606595,
        221.92891416959176,
        269.40931260606595,
        240.75883292004693,
        240.75883292004693,
        285.6917293317691,
        221.92891416959176,
        240.75883292004693,
        240.75883292004693,
        176.9960177578696,
        203.8186540239709,
        240.75883292004693,
        168.7063185478126,
        92.41329484819634,
        73.58337609774118,
        221.92891416959174,
        126.80597171952034
    ],
    "index": 34,
    "threshold": 2,
    "weight2": 0,
    "weight1": 1,
    "heterogeneity": 0.7,
    "lambda": 50,
    "times": [
        0,
        0,
        0,
        0,
        0,
        0,
        0,
        0,
        0,
        0,
        0,
        0,
        0,
        0,
        0,
        0,
        0,
        0,
        0,
        0,
        0,
        0,
        0,
        0,
        0,
        0,
        0,
        0,
        0,
        0,
        0,
        0,
        0,
        0,
        0,
        0,
        0,
        0,
        0,
        0,
        0,
        0,
        0,
        0,
        0
    ],
    "capacityMultiplier": 0.5,
    "strictness": 0,
    "runTime": 14578244,
    "beta": 40
}