{
    "seed": 1,
    "scores": [
        285.69172933176907,
        269.4093126060659,
        285.69172933176907,
        314.3422090177881,
        302.2216181539277,
        285.69172933176907,
        269.4093126060659,
        285.69172933176907,
        285.69172933176907,
        285.6917293317691,
        269.4093126060659,
        240.7588329200469,
        285.6917293317691,
        285.69172933176907,
        240.75883292004693,
        314.34220901778804,
        285.69172933176907,
        269.4093126060659,
        285.6917293317691,
        269.4093126060659,
        285.69172933176907,
        285.6917293317691,
        285.6917293317691,
        240.75883292004693,
        285.69172933176907,
        257.28872174220555,
        257.28872174220555,
        285.6917293317691,
        285.69172933176907,
        240.7588329200469,
        221.92891416959176,
        285.69172933176907,
        221.92891416959174,
        240.75883292004693,
        257.28872174220555,
        176.9960177578696,
        205.64649744388862,
        140.05583886179357,
        221.92891416959176,
        187.53623729826776,
        140.05583886179357,
        92.41329484819634,
        158.88575761224874,
        81.87307530779817,
        123.77342213609042
    ],
    "index": 8,
    "threshold": 2,
    "weight2": 0,
    "weight1": 1,
    "heterogeneity": 0.7,
    "lambda": 50,
    "times": [
        0,
        0,
        0,
        0,
        0,
        0,
        0,
        0,
        0,
        0,
        0,
        0,
        0,
        0,
        0,
        0,
        0,
        0,
        0,
        0,
        0,
        0,
        0,
        0,
        0,
        0,
        0,
        0,
        0,
        0,
        0,
        0,
        0,
        0,
        0,
        0,
        0,
        0,
        0,
        0,
        0,
        0,
        0,
        0,
        0
    ],
    "capacityMultiplier": 0.5,
    "strictness": 0,
    "runTime": 14681749,
    "beta": 40
}