{
    "seed": 1,
    "scores": [
        285.69172933176907,
        314.34220901778815,
        285.9392014282246,
        269.40931260606595,
        314.3422090177881,
        285.6917293317691,
        269.40931260606595,
        302.2216181539277,
        240.7588329200469,
        285.6917293317691,
        285.6917293317691,
        285.69172933176907,
        285.69172933176907,
        269.4093126060659,
        285.69172933176907,
        285.69172933176907,
        314.3422090177881,
        285.6917293317691,
        240.75883292004693,
        285.6917293317691,
        285.6917293317691,
        257.28872174220555,
        240.7588329200469,
        238.4588029917504,
        285.6917293317691,
        269.40931260606595,
        285.6917293317691,
        240.75883292004693,
        269.40931260606595,
        221.92891416959176,
        269.40931260606595,
        285.6917293317691,
        240.75883292004693,
        240.7588329200469,
        221.92891416959176,
        240.7588329200469,
        158.88575761224874,
        176.9960177578696,
        158.88575761224874,
        240.75883292004693,
        158.88575761224874,
        145.6358904699755,
        73.58337609774118,
        95.1229424500714,
        126.80597171952034
    ],
    "index": 4,
    "threshold": 2,
    "weight2": 0,
    "weight1": 1,
    "heterogeneity": 0.7,
    "lambda": 50,
    "times": [
        0,
        0,
        0,
        0,
        0,
        0,
        0,
        0,
        0,
        0,
        0,
        0,
        0,
        0,
        0,
        0,
        0,
        0,
        0,
        0,
        0,
        0,
        0,
        0,
        0,
        0,
        0,
        0,
        0,
        0,
        0,
        0,
        0,
        0,
        0,
        0,
        0,
        0,
        0,
        0,
        0,
        0,
        0,
        0,
        0
    ],
    "capacityMultiplier": 0.5,
    "strictness": 0,
    "runTime": 14614539,
    "beta": 40
}