{
    "seed": 1,
    "scores": [
        269.4093126060659,
        302.2216181539278,
        314.34220901778804,
        238.45880299175042,
        285.69172933176907,
        269.40931260606595,
        285.69172933176907,
        314.3422090177881,
        269.40931260606595,
        257.28872174220555,
        232.4691337099899,
        238.4588029917504,
        314.34220901778804,
        285.6917293317691,
        285.6917293317691,
        240.75883292004693,
        221.92891416959174,
        250.57939385561076,
        302.22161815392775,
        285.6917293317691,
        240.75883292004693,
        314.3422090177881,
        285.69172933176907,
        203.8186540239709,
        240.75883292004693,
        285.6917293317691,
        285.6917293317691,
        285.69172933176907,
        285.6917293317691,
        257.28872174220555,
        285.6917293317691,
        269.4093126060659,
        285.69172933176907,
        221.92891416959176,
        269.4093126060659,
        205.64649744388862,
        240.7588329200469,
        250.57939385561076,
        240.7588329200469,
        190.56878688169766,
        205.64649744388862,
        140.05583886179357,
        176.9960177578696,
        63.76281516217733,
        95.1229424500714
    ],
    "index": 32,
    "threshold": 2,
    "weight2": 0,
    "weight1": 1,
    "heterogeneity": 0.7,
    "lambda": 50,
    "times": [
        0,
        0,
        0,
        0,
        0,
        0,
        0,
        0,
        0,
        0,
        0,
        0,
        0,
        0,
        0,
        0,
        0,
        0,
        0,
        0,
        0,
        0,
        0,
        0,
        0,
        0,
        0,
        0,
        0,
        0,
        0,
        0,
        0,
        0,
        0,
        0,
        0,
        0,
        0,
        0,
        0,
        0,
        0,
        0,
        0
    ],
    "capacityMultiplier": 0.5,
    "strictness": 0,
    "runTime": 14620812,
    "beta": 40
}