{
    "seed": 1,
    "scores": [
        269.4093126060659,
        285.69172933176907,
        314.3422090177881,
        269.40931260606595,
        285.69172933176907,
        257.28872174220555,
        285.69172933176907,
        302.2216181539277,
        269.4093126060659,
        285.6917293317691,
        257.28872174220555,
        314.34220901778815,
        269.4093126060659,
        285.69172933176907,
        285.6917293317691,
        240.75883292004693,
        285.69172933176907,
        285.6917293317691,
        269.4093126060659,
        285.6917293317691,
        269.4093126060659,
        269.4093126060659,
        269.4093126060659,
        250.57939385561076,
        269.4093126060659,
        269.4093126060659,
        240.75883292004693,
        240.7588329200469,
        232.46913370998993,
        221.92891416959176,
        269.4093126060659,
        221.92891416959174,
        240.75883292004693,
        240.75883292004693,
        285.69172933176907,
        176.9960177578696,
        145.6358904699755,
        176.9960177578696,
        158.88575761224874,
        126.80597171952034,
        176.9960177578696,
        123.77342213609042,
        110.52355499381719,
        126.80597171952034,
        44.93289641172217
    ],
    "index": 29,
    "threshold": 2,
    "weight2": 0,
    "weight1": 1,
    "heterogeneity": 0.7,
    "lambda": 50,
    "times": [
        0,
        0,
        0,
        0,
        0,
        0,
        0,
        0,
        0,
        0,
        0,
        0,
        0,
        0,
        0,
        0,
        0,
        0,
        0,
        0,
        0,
        0,
        0,
        0,
        0,
        0,
        0,
        0,
        0,
        0,
        0,
        0,
        0,
        0,
        0,
        0,
        0,
        0,
        0,
        0,
        0,
        0,
        0,
        0,
        0
    ],
    "capacityMultiplier": 0.5,
    "strictness": 0,
    "runTime": 14609735,
    "beta": 40
}