{
    "seed": 1,
    "scores": [
        285.6917293317691,
        285.69172933176907,
        314.3422090177881,
        285.69172933176907,
        314.34220901778804,
        285.69172933176907,
        302.2216181539277,
        285.6917293317691,
        285.69172933176907,
        257.28872174220555,
        285.6917293317691,
        285.6917293317691,
        250.57939385561076,
        314.3422090177881,
        285.69172933176907,
        269.40931260606595,
        285.69172933176907,
        269.4093126060659,
        269.4093126060659,
        240.75883292004693,
        285.69172933176907,
        269.4093126060659,
        240.7588329200469,
        285.69172933176907,
        250.57939385561076,
        240.75883292004693,
        205.6464974438886,
        269.4093126060659,
        285.6917293317691,
        187.53623729826774,
        175.4156464344074,
        285.69172933176907,
        205.64649744388862,
        240.7588329200469,
        240.75883292004693,
        240.75883292004693,
        240.75883292004693,
        145.6358904699755,
        176.9960177578696,
        221.92891416959174,
        158.88575761224874,
        81.87307530779817,
        80.29270398433599,
        98.40296412995683,
        63.76281516217733
    ],
    "index": 23,
    "threshold": 2,
    "weight2": 0,
    "weight1": 1,
    "heterogeneity": 0.7,
    "lambda": 50,
    "times": [
        0,
        0,
        0,
        0,
        0,
        0,
        0,
        0,
        0,
        0,
        0,
        0,
        0,
        0,
        0,
        0,
        0,
        0,
        0,
        0,
        0,
        0,
        0,
        0,
        0,
        0,
        0,
        0,
        0,
        0,
        0,
        0,
        0,
        0,
        0,
        0,
        0,
        0,
        0,
        0,
        0,
        0,
        0,
        0,
        0
    ],
    "capacityMultiplier": 0.5,
    "strictness": 0,
    "runTime": 14607734,
    "beta": 40
}