{
    "seed": 1,
    "scores": [
        269.4093126060659,
        302.2216181539277,
        314.3422090177881,
        238.4588029917504,
        285.69172933176907,
        269.40931260606595,
        285.69172933176907,
        269.4093126060659,
        269.40931260606595,
        240.7588329200469,
        232.4691337099899,
        238.4588029917504,
        285.6917293317691,
        285.6917293317691,
        285.6917293317691,
        269.4093126060659,
        285.69172933176907,
        238.45880299175042,
        269.4093126060659,
        269.4093126060659,
        257.28872174220555,
        285.69172933176907,
        285.6917293317691,
        302.22161815392775,
        257.28872174220555,
        285.6917293317691,
        285.6917293317691,
        285.69172933176907,
        240.7588329200469,
        221.92891416959174,
        240.75883292004693,
        269.4093126060659,
        285.69172933176907,
        221.92891416959174,
        240.7588329200469,
        240.75883292004693,
        240.7588329200469,
        176.9960177578696,
        203.8186540239709,
        190.56878688169766,
        92.41329484819634,
        126.80597171952034,
        176.9960177578696,
        63.76281516217733,
        95.1229424500714
    ],
    "index": 12,
    "threshold": 2,
    "weight2": 0,
    "weight1": 1,
    "heterogeneity": 0.7,
    "lambda": 50,
    "times": [
        0,
        0,
        0,
        0,
        0,
        0,
        0,
        0,
        0,
        0,
        0,
        0,
        0,
        0,
        0,
        0,
        0,
        0,
        0,
        0,
        0,
        0,
        0,
        0,
        0,
        0,
        0,
        0,
        0,
        0,
        0,
        0,
        0,
        0,
        0,
        0,
        0,
        0,
        0,
        0,
        0,
        0,
        0,
        0,
        0
    ],
    "capacityMultiplier": 0.5,
    "strictness": 0,
    "runTime": 14658412,
    "beta": 40
}