{
    "seed": 1,
    "scores": [
        250.57939385561076,
        285.6917293317691,
        240.75883292004693,
        269.40931260606595,
        285.69172933176907,
        285.6917293317691,
        269.40931260606595,
        285.69172933176907,
        314.34220901778804,
        285.6917293317691,
        285.6917293317691,
        314.3422090177881,
        285.69172933176907,
        285.69172933176907,
        314.34220901778815,
        285.69172933176907,
        269.4093126060659,
        285.69172933176907,
        257.28872174220555,
        285.6917293317691,
        285.69172933176907,
        240.75883292004693,
        240.7588329200469,
        269.4093126060659,
        285.69172933176907,
        250.5793938556108,
        285.69172933176907,
        285.6917293317691,
        250.57939385561076,
        221.92891416959174,
        205.6464974438886,
        240.75883292004693,
        158.88575761224874,
        240.7588329200469,
        190.56878688169766,
        240.75883292004693,
        158.88575761224874,
        145.6358904699755,
        190.56878688169766,
        240.75883292004693,
        140.05583886179357,
        92.41329484819634,
        73.58337609774118,
        140.05583886179357,
        126.80597171952034
    ],
    "index": 24,
    "threshold": 2,
    "weight2": 0,
    "weight1": 1,
    "heterogeneity": 0.7,
    "lambda": 50,
    "times": [
        0,
        0,
        0,
        0,
        0,
        0,
        0,
        0,
        0,
        0,
        0,
        0,
        0,
        0,
        0,
        0,
        0,
        0,
        0,
        0,
        0,
        0,
        0,
        0,
        0,
        0,
        0,
        0,
        0,
        0,
        0,
        0,
        0,
        0,
        0,
        0,
        0,
        0,
        0,
        0,
        0,
        0,
        0,
        0,
        0
    ],
    "capacityMultiplier": 0.5,
    "strictness": 0,
    "runTime": 14644034,
    "beta": 40
}