{
    "seed": 1,
    "scores": [
        285.69172933176907,
        269.40931260606595,
        285.69172933176907,
        314.34220901778815,
        269.4093126060659,
        314.3422090177881,
        269.40931260606595,
        269.4093126060659,
        314.3422090177881,
        314.3422090177881,
        285.6917293317691,
        269.40931260606595,
        285.69172933176907,
        240.7588329200469,
        269.40931260606595,
        285.69172933176907,
        269.4093126060659,
        285.69172933176907,
        285.69172933176907,
        285.6917293317691,
        250.57939385561076,
        240.75883292004693,
        240.7588329200469,
        240.7588329200469,
        240.75883292004693,
        269.40931260606595,
        285.69172933176907,
        285.69172933176907,
        250.5793938556108,
        285.69172933176907,
        269.40931260606595,
        240.7588329200469,
        240.75883292004693,
        285.69172933176907,
        221.92891416959176,
        285.6917293317691,
        240.75883292004693,
        240.75883292004693,
        240.75883292004693,
        285.69172933176907,
        203.8186540239709,
        174.28637015599452,
        28.650479686019015,
        140.05583886179357,
        145.6358904699755
    ],
    "index": 37,
    "threshold": 2,
    "weight2": 0,
    "weight1": 1,
    "heterogeneity": 0.7,
    "lambda": 50,
    "times": [
        0,
        0,
        0,
        0,
        0,
        0,
        0,
        0,
        0,
        0,
        0,
        0,
        0,
        0,
        0,
        0,
        0,
        0,
        0,
        0,
        0,
        0,
        0,
        0,
        0,
        0,
        0,
        0,
        0,
        0,
        0,
        0,
        0,
        0,
        0,
        0,
        0,
        0,
        0,
        0,
        0,
        0,
        0,
        0,
        0
    ],
    "capacityMultiplier": 0.5,
    "strictness": 0,
    "runTime": 14610003,
    "beta": 40
}