{
    "seed": 1,
    "scores": [
        285.9392014282246,
        314.3422090177881,
        285.9392014282246,
        269.40931260606595,
        285.69172933176907,
        269.4093126060659,
        314.3422090177881,
        285.69172933176907,
        257.28872174220555,
        285.6917293317691,
        285.6917293317691,
        285.6917293317691,
        269.4093126060659,
        285.6917293317691,
        269.4093126060659,
        269.4093126060659,
        250.57939385561076,
        269.4093126060659,
        269.4093126060659,
        285.6917293317691,
        269.4093126060659,
        257.28872174220555,
        269.4093126060659,
        314.3422090177881,
        269.4093126060659,
        269.4093126060659,
        240.75883292004693,
        240.7588329200469,
        269.4093126060659,
        221.92891416959176,
        240.7588329200469,
        221.92891416959174,
        240.75883292004693,
        240.75883292004693,
        221.92891416959174,
        176.9960177578696,
        203.8186540239709,
        193.52590658002822,
        158.88575761224874,
        145.6358904699755,
        126.80597171952034,
        123.77342213609042,
        240.75883292004693,
        44.93289641172217,
        44.93289641172217
    ],
    "index": 19,
    "threshold": 2,
    "weight2": 0,
    "weight1": 1,
    "heterogeneity": 0.7,
    "lambda": 50,
    "times": [
        0,
        0,
        0,
        0,
        0,
        0,
        0,
        0,
        0,
        0,
        0,
        0,
        0,
        0,
        0,
        0,
        0,
        0,
        0,
        0,
        0,
        0,
        0,
        0,
        0,
        0,
        0,
        0,
        0,
        0,
        0,
        0,
        0,
        0,
        0,
        0,
        0,
        0,
        0,
        0,
        0,
        0,
        0,
        0,
        0
    ],
    "capacityMultiplier": 0.5,
    "strictness": 0,
    "runTime": 14586730,
    "beta": 40
}