{
    "seed": 1,
    "scores": [
        257.28872174220555,
        314.3422090177881,
        285.9392014282246,
        269.40931260606595,
        285.69172933176907,
        285.69172933176907,
        285.69172933176907,
        302.22161815392775,
        240.7588329200469,
        285.69172933176907,
        285.69172933176907,
        285.69172933176907,
        269.4093126060659,
        285.6917293317691,
        314.34220901778815,
        240.75883292004693,
        285.69172933176907,
        250.57939385561076,
        269.4093126060659,
        285.69172933176907,
        269.4093126060659,
        257.28872174220555,
        269.4093126060659,
        250.57939385561076,
        240.7588329200469,
        285.6917293317691,
        285.6917293317691,
        285.69172933176907,
        285.69172933176907,
        250.57939385561076,
        240.7588329200469,
        285.6917293317691,
        240.75883292004693,
        240.7588329200469,
        250.57939385561076,
        176.9960177578696,
        158.88575761224874,
        240.75883292004693,
        158.88575761224874,
        176.9960177578696,
        176.9960177578696,
        123.77342213609042,
        110.52355499381719,
        44.93289641172217,
        44.93289641172217
    ],
    "index": 9,
    "threshold": 2,
    "weight2": 0,
    "weight1": 1,
    "heterogeneity": 0.7,
    "lambda": 50,
    "times": [
        0,
        0,
        0,
        0,
        0,
        0,
        0,
        0,
        0,
        0,
        0,
        0,
        0,
        0,
        0,
        0,
        0,
        0,
        0,
        0,
        0,
        0,
        0,
        0,
        0,
        0,
        0,
        0,
        0,
        0,
        0,
        0,
        0,
        0,
        0,
        0,
        0,
        0,
        0,
        0,
        0,
        0,
        0,
        0,
        0
    ],
    "capacityMultiplier": 0.5,
    "strictness": 0,
    "runTime": 14605715,
    "beta": 40
}