{
    "seed": 1,
    "scores": [
        285.6917293317691,
        285.9392014282246,
        285.6917293317691,
        285.69172933176907,
        221.92891416959176,
        269.40931260606595,
        240.75883292004693,
        285.6917293317691,
        269.40931260606595,
        240.7588329200469,
        285.6917293317691,
        257.28872174220555,
        285.69172933176907,
        285.69172933176907,
        285.69172933176907,
        240.75883292004693,
        285.69172933176907,
        285.6917293317691,
        257.28872174220555,
        285.6917293317691,
        238.45880299175042,
        240.75883292004693,
        240.75883292004693,
        257.28872174220555,
        176.9960177578696,
        240.75883292004693,
        240.7588329200469,
        285.6917293317691,
        285.69172933176907,
        240.75883292004693,
        240.75883292004693,
        221.92891416959174,
        240.75883292004693,
        158.88575761224874,
        240.75883292004693,
        176.9960177578696,
        158.88575761224874,
        123.77342213609042,
        95.1229424500714,
        108.6957115738995,
        110.52355499381719,
        108.6957115738995,
        95.1229424500714,
        158.88575761224874,
        95.1229424500714
    ],
    "index": 21,
    "threshold": 2,
    "weight2": 0,
    "weight1": 1,
    "heterogeneity": 0.7,
    "lambda": 50,
    "times": [
        61.191103,
        32.856396,
        24.552251,
        28.965437,
        19.597442,
        30.460664,
        14.580647,
        20.833163,
        22.720825,
        14.59851,
        19.008149,
        18.817754,
        18.933509,
        17.439595,
        18.582934,
        21.178079,
        18.310965,
        22.500082,
        18.966992,
        18.294003,
        20.603374,
        15.339507,
        14.74776,
        18.524795,
        13.261208,
        17.076025,
        18.143242,
        18.487705,
        18.399801,
        25.073045,
        24.161109,
        17.821309,
        20.842712,
        18.930654,
        16.903522,
        14.260127,
        15.880067,
        13.830403,
        10.179182,
        11.531162,
        13.285393,
        11.789586,
        10.196254,
        11.332149,
        10.211954
    ],
    "capacityMultiplier": 0.5,
    "strictness": 1.2,
    "runTime": 863,
    "beta": 40
}