{
    "seed": 1,
    "scores": [
        302.22161815392775,
        240.75883292004693,
        285.6917293317691,
        285.6917293317691,
        314.3422090177881,
        285.69172933176907,
        240.75883292004693,
        285.69172933176907,
        250.57939385561076,
        269.4093126060659,
        285.69172933176907,
        240.7588329200469,
        240.75883292004693,
        285.69172933176907,
        240.75883292004693,
        221.92891416959174,
        285.6917293317691,
        285.69172933176907,
        285.6917293317691,
        269.4093126060659,
        240.75883292004693,
        285.6917293317691,
        285.6917293317691,
        240.75883292004693,
        250.57939385561076,
        257.28872174220555,
        285.69172933176907,
        240.75883292004693,
        221.92891416959174,
        240.7588329200469,
        176.9960177578696,
        240.75883292004693,
        205.6464974438886,
        240.75883292004693,
        145.6358904699755,
        176.9960177578696,
        176.9960177578696,
        126.80597171952034,
        176.9960177578696,
        174.28637015599452,
        95.1229424500714,
        63.76281516217733,
        95.1229424500714,
        95.1229424500714,
        28.650479686019015
    ],
    "index": 8,
    "threshold": 2,
    "weight2": 0,
    "weight1": 1,
    "heterogeneity": 0.7,
    "lambda": 50,
    "times": [
        62.257922,
        20.555487,
        22.559485,
        21.89216,
        32.686887,
        35.900122,
        14.376479,
        22.903286,
        20.043061,
        17.359554,
        22.975961,
        13.976203,
        17.942863,
        18.629814,
        18.081531,
        24.894571,
        17.750594,
        22.089839,
        17.490097,
        17.647982,
        16.668976,
        18.029474,
        21.701674,
        18.119041,
        20.416848,
        17.777635,
        22.051317,
        20.912241,
        16.800652,
        35.999346,
        19.761625,
        18.784312,
        19.852204,
        19.137221,
        15.914719,
        18.70817,
        15.710378,
        15.541422,
        18.505793,
        15.921021,
        8.209565,
        12.173069,
        11.756552,
        10.032806,
        9.794482
    ],
    "capacityMultiplier": 0.5,
    "strictness": 1.2,
    "runTime": 900,
    "beta": 40
}