{
    "seed": 1,
    "scores": [
        267.10928267776944,
        250.57939385561076,
        285.9392014282246,
        269.40931260606595,
        285.69172933176907,
        257.28872174220555,
        250.57939385561076,
        302.2216181539277,
        285.69172933176907,
        285.6917293317691,
        285.6917293317691,
        285.69172933176907,
        285.69172933176907,
        221.92891416959174,
        285.6917293317691,
        285.6917293317691,
        285.69172933176907,
        240.75883292004693,
        240.75883292004693,
        285.6917293317691,
        269.4093126060659,
        257.28872174220555,
        269.4093126060659,
        250.57939385561076,
        240.75883292004693,
        269.4093126060659,
        203.8186540239709,
        221.92891416959174,
        240.75883292004693,
        221.92891416959176,
        240.7588329200469,
        240.75883292004693,
        176.9960177578696,
        176.9960177578696,
        221.92891416959176,
        176.9960177578696,
        123.77342213609042,
        176.9960177578696,
        63.76281516217733,
        81.87307530779817,
        140.05583886179357,
        45.180368508177665,
        63.76281516217733,
        81.87307530779817,
        0
    ],
    "index": 29,
    "threshold": 2,
    "weight2": 0,
    "weight1": 1,
    "heterogeneity": 0.7,
    "lambda": 50,
    "times": [
        57.02346,
        26.444946,
        29.134365,
        22.529735,
        22.169091,
        37.418393,
        20.436892,
        24.228592,
        17.57448,
        19.303072,
        18.474674,
        20.883287,
        17.742344,
        14.536881,
        22.716495,
        22.13115,
        22.903545,
        22.601941,
        14.320255,
        18.925686,
        18.556025,
        18.090605,
        18.839986,
        17.463112,
        18.518525,
        21.774403,
        16.485715,
        16.280841,
        21.561404,
        26.924993,
        26.531708,
        17.239393,
        16.019382,
        15.7611,
        16.594788,
        12.845318,
        15.193568,
        12.909508,
        8.583048,
        9.913285,
        11.132886,
        11.160688,
        10.495474,
        10.535229,
        9.654672
    ],
    "capacityMultiplier": 0.5,
    "strictness": 1.2,
    "runTime": 870,
    "beta": 40
}