{
    "seed": 1,
    "scores": [
        285.69172933176907,
        285.69172933176907,
        269.4093126060659,
        240.75883292004693,
        314.3422090177881,
        250.57939385561076,
        302.2216181539277,
        285.6917293317691,
        285.69172933176907,
        269.4093126060659,
        285.6917293317691,
        285.6917293317691,
        221.92891416959174,
        240.75883292004693,
        285.69172933176907,
        250.57939385561076,
        285.69172933176907,
        240.75883292004693,
        205.6464974438886,
        240.75883292004693,
        285.6917293317691,
        240.75883292004693,
        269.4093126060659,
        285.6917293317691,
        205.64649744388862,
        240.75883292004693,
        285.69172933176907,
        285.69172933176907,
        240.75883292004693,
        187.53623729826776,
        98.40296412995683,
        269.4093126060659,
        123.77342213609042,
        240.75883292004693,
        145.6358904699755,
        176.9960177578696,
        98.40296412995683,
        145.6358904699755,
        162.16577929213418,
        187.53623729826774,
        158.88575761224874,
        98.40296412995683,
        92.41329484819634,
        0,
        0
    ],
    "index": 13,
    "threshold": 2,
    "weight2": 0,
    "weight1": 1,
    "heterogeneity": 0.7,
    "lambda": 50,
    "times": [
        63.405757,
        24.941405,
        23.823407,
        18.404104,
        27.785437,
        25.789779,
        32.176258,
        19.105304,
        22.26766,
        18.806577,
        18.748347,
        18.036077,
        14.593918,
        17.706121,
        18.222415,
        18.485216,
        18.873772,
        21.007948,
        14.41805,
        14.520842,
        17.889133,
        14.154477,
        18.025818,
        21.521527,
        14.765349,
        16.65092,
        17.704098,
        18.415767,
        20.818785,
        14.439921,
        13.360614,
        31.339615,
        16.456607,
        18.664822,
        13.854567,
        16.025822,
        12.759191,
        16.560511,
        16.611577,
        16.204577,
        12.969674,
        12.445415,
        13.620641,
        12.284835,
        9.017603
    ],
    "capacityMultiplier": 0.5,
    "strictness": 1.2,
    "runTime": 857,
    "beta": 40
}