{
    "seed": 1,
    "scores": [
        314.3422090177881,
        257.28872174220555,
        285.6917293317691,
        285.69172933176907,
        285.6917293317691,
        285.6917293317691,
        240.75883292004693,
        302.2216181539277,
        250.5793938556108,
        240.75883292004693,
        285.6917293317691,
        257.28872174220555,
        285.69172933176907,
        285.69172933176907,
        285.69172933176907,
        269.4093126060659,
        285.6917293317691,
        285.6917293317691,
        257.28872174220555,
        240.75883292004693,
        257.28872174220555,
        240.75883292004693,
        240.75883292004693,
        257.28872174220555,
        240.75883292004693,
        240.75883292004693,
        285.69172933176907,
        285.69172933176907,
        285.69172933176907,
        285.69172933176907,
        269.4093126060659,
        240.75883292004693,
        285.6917293317691,
        203.8186540239709,
        240.7588329200469,
        205.64649744388862,
        176.9960177578696,
        205.6464974438886,
        203.8186540239709,
        145.6358904699755,
        73.58337609774118,
        108.6957115738995,
        95.1229424500714,
        95.1229424500714,
        95.1229424500714
    ],
    "index": 31,
    "threshold": 2,
    "weight2": 0,
    "weight1": 1,
    "heterogeneity": 0.7,
    "lambda": 50,
    "times": [
        60.371905,
        26.055171,
        24.480372,
        27.655168,
        20.869418,
        36.622874,
        14.467147,
        24.986209,
        19.969322,
        14.591239,
        18.200118,
        18.712768,
        18.608974,
        17.847137,
        18.419579,
        20.127247,
        18.191732,
        22.08785,
        18.766359,
        14.603542,
        18.378813,
        15.050219,
        14.393068,
        22.671704,
        17.035046,
        14.814758,
        18.298743,
        18.333158,
        21.909046,
        22.70161,
        45.71334,
        18.125328,
        18.4732,
        16.541372,
        20.321001,
        16.949416,
        14.985547,
        19.134438,
        15.826212,
        13.505776,
        11.076547,
        11.666441,
        10.190467,
        10.593271,
        8.75115
    ],
    "capacityMultiplier": 0.5,
    "strictness": 1.2,
    "runTime": 891,
    "beta": 40
}