{
    "seed": 1,
    "scores": [
        285.6917293317691,
        285.9392014282246,
        285.6917293317691,
        285.69172933176907,
        285.6917293317691,
        269.40931260606595,
        240.75883292004693,
        240.75883292004693,
        250.5793938556108,
        240.75883292004693,
        285.6917293317691,
        257.28872174220555,
        285.69172933176907,
        285.69172933176907,
        285.69172933176907,
        240.75883292004693,
        285.69172933176907,
        314.34220901778815,
        257.28872174220555,
        240.75883292004693,
        240.75883292004693,
        240.75883292004693,
        240.75883292004693,
        257.28872174220555,
        240.75883292004693,
        240.75883292004693,
        285.69172933176907,
        285.6917293317691,
        269.4093126060659,
        240.7588329200469,
        175.4156464344074,
        240.75883292004693,
        205.6464974438886,
        240.75883292004693,
        240.7588329200469,
        205.64649744388862,
        176.9960177578696,
        158.88575761224874,
        140.05583886179357,
        108.6957115738995,
        81.87307530779817,
        63.76281516217733,
        95.1229424500714,
        63.76281516217733,
        95.1229424500714
    ],
    "index": 1,
    "threshold": 2,
    "weight2": 0,
    "weight1": 1,
    "heterogeneity": 0.7,
    "lambda": 50,
    "times": [
        59.309182,
        31.491372,
        24.053909,
        27.449821,
        21.003191,
        50.994157,
        14.776923,
        19.812714,
        21.859684,
        15.648755,
        18.673553,
        18.282662,
        18.793017,
        19.122984,
        18.765625,
        21.071519,
        18.909484,
        23.51458,
        18.535726,
        14.990464,
        20.306388,
        15.097453,
        14.549599,
        18.301658,
        20.112987,
        15.013046,
        18.646873,
        18.657754,
        22.329843,
        25.771392,
        31.122422,
        19.325623,
        21.024251,
        18.136168,
        20.462299,
        19.847009,
        17.793067,
        18.021033,
        13.660796,
        14.028364,
        12.006752,
        10.928093,
        10.469816,
        10.054409,
        9.826874
    ],
    "capacityMultiplier": 0.5,
    "strictness": 1.2,
    "runTime": 912,
    "beta": 40
}