{
    "seed": 1,
    "scores": [
        314.34220901778804,
        285.9392014282246,
        240.75883292004693,
        240.75883292004693,
        250.57939385561076,
        314.3422090177881,
        269.40931260606595,
        285.69172933176907,
        285.69172933176907,
        314.34220901778804,
        285.6917293317691,
        269.40931260606595,
        285.6917293317691,
        285.6917293317691,
        285.69172933176907,
        285.69172933176907,
        314.3422090177881,
        240.75883292004693,
        240.75883292004693,
        285.6917293317691,
        240.75883292004693,
        257.28872174220555,
        240.7588329200469,
        176.9960177578696,
        240.75883292004693,
        269.40931260606595,
        240.75883292004693,
        285.69172933176907,
        221.92891416959176,
        221.92891416959176,
        174.28637015599452,
        221.92891416959176,
        158.88575761224874,
        240.75883292004693,
        190.56878688169766,
        240.7588329200469,
        176.9960177578696,
        126.80597171952034,
        108.6957115738995,
        145.6358904699755,
        44.93289641172217,
        92.41329484819634,
        28.650479686019015,
        44.93289641172217,
        44.93289641172217
    ],
    "index": 27,
    "threshold": 2,
    "weight2": 0,
    "weight1": 1,
    "heterogeneity": 0.7,
    "lambda": 50,
    "times": [
        58.234432,
        31.341096,
        19.333863,
        22.545342,
        24.923035,
        45.405002,
        19.613484,
        25.210933,
        25.896534,
        23.317726,
        19.062345,
        19.003335,
        18.865698,
        18.98495,
        23.786862,
        22.233039,
        25.009346,
        19.414964,
        15.605547,
        19.363277,
        18.632302,
        19.639173,
        15.140999,
        13.777341,
        15.373302,
        19.09667,
        24.278801,
        21.499038,
        19.896243,
        26.310707,
        18.694638,
        18.719434,
        14.721054,
        17.433312,
        17.626662,
        18.546982,
        16.629199,
        11.394929,
        14.200441,
        14.326997,
        9.310385,
        11.885807,
        9.095794,
        9.272434,
        9.111784
    ],
    "capacityMultiplier": 0.5,
    "strictness": 1.2,
    "runTime": 902,
    "beta": 40
}