{
    "seed": 1,
    "scores": [
        250.57939385561076,
        222.17638626604725,
        240.75883292004693,
        269.40931260606595,
        314.3422090177881,
        314.34220901778804,
        205.64649744388862,
        285.69172933176907,
        285.69172933176907,
        221.92891416959176,
        285.6917293317691,
        285.69172933176907,
        240.75883292004693,
        221.92891416959174,
        285.69172933176907,
        285.69172933176907,
        285.69172933176907,
        285.6917293317691,
        240.75883292004693,
        221.92891416959176,
        285.6917293317691,
        193.52590658002825,
        240.7588329200469,
        285.6917293317691,
        240.75883292004693,
        250.5793938556108,
        240.75883292004693,
        240.75883292004693,
        221.92891416959174,
        269.4093126060659,
        205.64649744388862,
        221.92891416959174,
        158.88575761224874,
        240.75883292004693,
        140.05583886179357,
        240.75883292004693,
        158.88575761224874,
        176.9960177578696,
        137.3461912599185,
        174.28637015599452,
        140.05583886179357,
        63.76281516217733,
        108.6957115738995,
        81.87307530779817,
        81.87307530779817
    ],
    "index": 14,
    "threshold": 2,
    "weight2": 0,
    "weight1": 1,
    "heterogeneity": 0.7,
    "lambda": 50,
    "times": [
        53.229929,
        27.265476,
        24.324685,
        22.585441,
        26.541573,
        30.57075,
        31.405361,
        22.083322,
        25.54606,
        16.887221,
        19.295928,
        21.693724,
        17.855573,
        20.023399,
        21.940935,
        22.070107,
        21.888397,
        22.687873,
        14.664684,
        17.920815,
        22.29063,
        17.920024,
        14.22473,
        21.377442,
        21.5695,
        22.033048,
        18.003099,
        17.902902,
        46.321185,
        23.593146,
        21.48362,
        16.719638,
        15.623728,
        18.186933,
        15.474338,
        16.537387,
        18.815168,
        16.444102,
        17.146337,
        14.195777,
        13.758298,
        12.648432,
        14.150662,
        10.616521,
        10.565255
    ],
    "capacityMultiplier": 0.5,
    "strictness": 1.2,
    "runTime": 938,
    "beta": 40
}