{
    "seed": 1,
    "scores": [
        314.3422090177881,
        257.28872174220555,
        285.6917293317691,
        285.69172933176907,
        285.6917293317691,
        285.6917293317691,
        240.75883292004693,
        240.75883292004693,
        250.5793938556108,
        240.7588329200469,
        285.6917293317691,
        257.28872174220555,
        285.69172933176907,
        285.69172933176907,
        285.69172933176907,
        240.75883292004693,
        285.69172933176907,
        285.6917293317691,
        257.28872174220555,
        240.75883292004693,
        257.28872174220555,
        240.75883292004693,
        240.75883292004693,
        257.28872174220555,
        240.75883292004693,
        240.75883292004693,
        240.7588329200469,
        240.75883292004693,
        285.69172933176907,
        240.7588329200469,
        190.5687868816977,
        240.75883292004693,
        240.75883292004693,
        203.8186540239709,
        240.7588329200469,
        205.64649744388862,
        176.9960177578696,
        158.88575761224874,
        156.58572768395223,
        108.6957115738995,
        110.52355499381719,
        63.76281516217733,
        140.05583886179357,
        0,
        0
    ],
    "index": 11,
    "threshold": 2,
    "weight2": 0,
    "weight1": 1,
    "heterogeneity": 0.7,
    "lambda": 50,
    "times": [
        60.601656,
        27.24574,
        25.282173,
        28.101263,
        22.185453,
        44.6131,
        15.642598,
        20.788687,
        23.613137,
        19.155478,
        23.992567,
        20.055694,
        20.002304,
        19.590994,
        19.149106,
        23.413062,
        19.498169,
        24.067047,
        20.762738,
        16.052957,
        19.636479,
        16.227313,
        15.918485,
        23.891558,
        18.706648,
        15.24313,
        18.742985,
        18.670729,
        18.401505,
        24.946243,
        38.54787,
        19.977317,
        22.476238,
        20.555911,
        14.990337,
        21.084481,
        19.580033,
        17.167044,
        14.921858,
        14.706996,
        12.163983,
        11.95973,
        11.893106,
        12.827786,
        8.447922
    ],
    "capacityMultiplier": 0.5,
    "strictness": 1.2,
    "runTime": 945,
    "beta": 40
}