{
    "seed": 1,
    "scores": [
        250.57939385561076,
        222.17638626604725,
        257.28872174220555,
        269.40931260606595,
        314.3422090177881,
        250.57939385561076,
        205.64649744388862,
        302.2216181539277,
        285.69172933176907,
        285.6917293317691,
        285.6917293317691,
        285.69172933176907,
        285.69172933176907,
        221.92891416959176,
        285.6917293317691,
        285.69172933176907,
        285.69172933176907,
        285.6917293317691,
        240.75883292004693,
        285.6917293317691,
        240.75883292004693,
        193.52590658002825,
        240.7588329200469,
        221.92891416959176,
        269.4093126060659,
        250.5793938556108,
        240.75883292004693,
        240.75883292004693,
        176.9960177578696,
        221.92891416959176,
        205.64649744388862,
        240.75883292004693,
        158.88575761224874,
        240.75883292004693,
        126.80597171952034,
        240.75883292004693,
        158.88575761224874,
        126.80597171952034,
        108.6957115738995,
        145.6358904699755,
        140.05583886179357,
        92.41329484819634,
        73.58337609774118,
        140.05583886179357,
        28.650479686019015
    ],
    "index": 24,
    "threshold": 2,
    "weight2": 0,
    "weight1": 1,
    "heterogeneity": 0.7,
    "lambda": 50,
    "times": [
        51.830899,
        27.072081,
        26.178094,
        23.765867,
        28.796597,
        29.027507,
        26.071476,
        22.652179,
        25.588926,
        18.398277,
        19.197317,
        26.292939,
        18.323819,
        14.282733,
        22.168227,
        22.08945,
        22.714095,
        22.469249,
        14.580659,
        19.106157,
        21.94991,
        18.327466,
        14.503505,
        17.453827,
        20.893431,
        21.511523,
        17.261457,
        17.211734,
        19.118229,
        28.159288,
        21.104704,
        17.833604,
        14.08807,
        21.485294,
        13.53561,
        16.852384,
        11.334726,
        13.394527,
        11.228568,
        13.05801,
        13.684908,
        13.440853,
        13.418452,
        13.452485,
        8.943246
    ],
    "capacityMultiplier": 0.5,
    "strictness": 1.2,
    "runTime": 893,
    "beta": 40
}