{
    "seed": 1,
    "scores": [
        314.3422090177881,
        240.75883292004693,
        285.6917293317691,
        285.6917293317691,
        314.3422090177881,
        302.22161815392775,
        257.28872174220555,
        314.34220901778815,
        250.57939385561076,
        269.4093126060659,
        314.3422090177881,
        240.7588329200469,
        285.6917293317691,
        314.3422090177881,
        285.69172933176907,
        285.69172933176907,
        285.6917293317691,
        285.6917293317691,
        221.92891416959176,
        269.4093126060659,
        285.69172933176907,
        285.6917293317691,
        285.6917293317691,
        240.75883292004693,
        285.6917293317691,
        257.28872174220555,
        257.28872174220555,
        221.92891416959176,
        285.69172933176907,
        285.6917293317691,
        240.75883292004693,
        240.75883292004693,
        221.92891416959176,
        240.75883292004693,
        111.65283127223006,
        176.9960177578696,
        110.52355499381719,
        126.80597171952034,
        126.80597171952034,
        158.88575761224874,
        95.1229424500714,
        80.29270398433599,
        63.76281516217733,
        95.1229424500714,
        28.650479686019015
    ],
    "index": 38,
    "threshold": 2,
    "weight2": 0,
    "weight1": 1,
    "heterogeneity": 0.7,
    "lambda": 50,
    "times": [
        64.2058,
        21.474689,
        23.935682,
        24.614412,
        33.210837,
        48.393881,
        17.882883,
        24.459181,
        17.68377,
        19.023215,
        23.531576,
        13.980535,
        17.928749,
        23.395371,
        18.869147,
        24.233178,
        18.202911,
        21.600805,
        17.306074,
        18.436809,
        17.246593,
        18.46418,
        22.001666,
        17.055014,
        20.445154,
        18.263214,
        21.879136,
        26.35176,
        22.160933,
        22.271731,
        25.542978,
        16.600524,
        18.682267,
        16.395081,
        13.285805,
        16.573604,
        13.164058,
        15.66748,
        13.756807,
        13.594543,
        8.544789,
        11.602407,
        10.597969,
        10.506758,
        8.863426
    ],
    "capacityMultiplier": 0.5,
    "strictness": 1.2,
    "runTime": 912,
    "beta": 40
}