{
    "seed": 1,
    "scores": [
        314.3422090177881,
        257.28872174220555,
        285.69172933176907,
        302.22161815392775,
        240.75883292004693,
        314.3422090177881,
        240.75883292004693,
        285.6917293317691,
        314.34220901778815,
        285.6917293317691,
        285.6917293317691,
        285.6917293317691,
        285.69172933176907,
        285.6917293317691,
        285.6917293317691,
        285.6917293317691,
        285.6917293317691,
        221.92891416959176,
        257.28872174220555,
        240.75883292004693,
        240.75883292004693,
        240.75883292004693,
        240.75883292004693,
        221.92891416959176,
        240.75883292004693,
        240.75883292004693,
        240.75883292004693,
        240.75883292004693,
        240.75883292004693,
        193.52590658002825,
        240.75883292004693,
        205.64649744388862,
        176.9960177578696,
        203.8186540239709,
        158.88575761224874,
        205.64649744388862,
        123.77342213609042,
        123.77342213609042,
        140.05583886179357,
        108.6957115738995,
        45.180368508177665,
        108.6957115738995,
        140.05583886179357,
        158.88575761224874,
        0
    ],
    "index": 30,
    "threshold": 2,
    "weight2": 0,
    "weight1": 1,
    "heterogeneity": 0.7,
    "lambda": 50,
    "times": [
        57.698687,
        27.287189,
        24.298233,
        27.779128,
        19.694969,
        34.453633,
        14.641244,
        19.26729,
        22.480215,
        17.597579,
        20.008074,
        22.355582,
        18.032763,
        17.651881,
        17.918019,
        18.011182,
        18.140494,
        18.095189,
        21.79238,
        14.659558,
        18.332613,
        14.873719,
        17.527859,
        22.407128,
        15.807885,
        16.598221,
        20.719644,
        20.638132,
        13.886824,
        19.609619,
        38.640989,
        17.168367,
        15.848019,
        17.102554,
        13.224406,
        16.753672,
        13.219497,
        13.50996,
        10.920871,
        11.192739,
        11.178342,
        11.502557,
        10.830381,
        10.980202,
        10.951858
    ],
    "capacityMultiplier": 0.5,
    "strictness": 1.2,
    "runTime": 855,
    "beta": 40
}