{
    "seed": 1,
    "scores": [
        314.3422090177881,
        257.28872174220555,
        285.69172933176907,
        285.6917293317691,
        240.75883292004693,
        314.3422090177881,
        240.7588329200469,
        240.75883292004693,
        285.6917293317691,
        285.6917293317691,
        285.6917293317691,
        285.6917293317691,
        285.69172933176907,
        285.6917293317691,
        240.75883292004693,
        285.69172933176907,
        285.6917293317691,
        285.6917293317691,
        240.75883292004693,
        240.75883292004693,
        240.75883292004693,
        240.75883292004693,
        240.75883292004693,
        238.45880299175042,
        240.75883292004693,
        240.75883292004693,
        240.75883292004693,
        221.92891416959176,
        285.6917293317691,
        203.8186540239709,
        240.75883292004693,
        240.75883292004693,
        203.8186540239709,
        240.75883292004693,
        240.75883292004693,
        176.9960177578696,
        158.88575761224874,
        73.58337609774118,
        176.9960177578696,
        108.6957115738995,
        45.180368508177665,
        63.76281516217733,
        95.1229424500714,
        95.1229424500714,
        95.1229424500714
    ],
    "index": 10,
    "threshold": 2,
    "weight2": 0,
    "weight1": 1,
    "heterogeneity": 0.7,
    "lambda": 50,
    "times": [
        59.44425,
        27.131027,
        24.545716,
        26.236515,
        19.226364,
        32.218505,
        14.700906,
        18.213711,
        22.408421,
        18.718574,
        18.726459,
        21.622201,
        18.530513,
        17.964896,
        16.579216,
        20.432428,
        18.376626,
        19.287487,
        17.821498,
        14.304785,
        17.371938,
        14.680969,
        14.300858,
        22.063276,
        17.258636,
        16.520697,
        17.911957,
        20.993406,
        23.129619,
        25.289285,
        20.681143,
        32.128528,
        17.565439,
        18.708676,
        19.505475,
        18.672378,
        17.772606,
        15.374294,
        15.930944,
        14.020675,
        11.24188,
        10.801137,
        10.299429,
        10.617894,
        10.719614
    ],
    "capacityMultiplier": 0.5,
    "strictness": 1.2,
    "runTime": 880,
    "beta": 40
}