{
    "seed": 1,
    "scores": [
        285.69172933176907,
        285.69172933176907,
        269.4093126060659,
        240.7588329200469,
        285.69172933176907,
        267.10928267776944,
        302.22161815392775,
        285.6917293317691,
        302.22161815392775,
        269.4093126060659,
        285.6917293317691,
        285.6917293317691,
        221.92891416959174,
        269.4093126060659,
        285.69172933176907,
        205.64649744388862,
        285.6917293317691,
        285.69172933176907,
        176.9960177578696,
        240.75883292004693,
        285.69172933176907,
        240.75883292004693,
        269.4093126060659,
        250.57939385561076,
        250.57939385561076,
        240.75883292004693,
        221.92891416959174,
        240.75883292004693,
        285.6917293317691,
        187.53623729826776,
        175.4156464344074,
        240.75883292004693,
        187.53623729826774,
        193.52590658002822,
        176.9960177578696,
        176.9960177578696,
        176.9960177578696,
        145.6358904699755,
        98.40296412995683,
        123.77342213609042,
        158.88575761224874,
        110.52355499381719,
        80.29270398433599,
        61.46278523388082,
        63.76281516217733
    ],
    "index": 23,
    "threshold": 2,
    "weight2": 0,
    "weight1": 1,
    "heterogeneity": 0.7,
    "lambda": 50,
    "times": [
        64.564969,
        25.018731,
        24.107036,
        18.481673,
        29.593319,
        50.267192,
        24.0453,
        20.57541,
        24.505742,
        20.054806,
        19.423805,
        18.155843,
        15.564125,
        23.500371,
        19.655128,
        19.577102,
        20.04692,
        22.689494,
        11.789123,
        15.596275,
        19.026572,
        15.588471,
        19.756147,
        19.066336,
        18.769432,
        18.847306,
        17.099688,
        18.026592,
        19.679764,
        17.900365,
        27.442035,
        23.361431,
        19.064263,
        18.624771,
        15.877281,
        16.701072,
        19.120818,
        14.462935,
        13.434141,
        12.961577,
        14.3586,
        14.079448,
        13.342369,
        11.870756,
        10.816704
    ],
    "capacityMultiplier": 0.5,
    "strictness": 1.2,
    "runTime": 916,
    "beta": 40
}