{
    "seed": 1,
    "scores": [
        314.3422090177881,
        257.28872174220555,
        285.69172933176907,
        302.22161815392775,
        285.6917293317691,
        314.3422090177881,
        269.4093126060659,
        314.3422090177881,
        314.34220901778815,
        285.6917293317691,
        285.6917293317691,
        285.6917293317691,
        285.69172933176907,
        285.6917293317691,
        285.6917293317691,
        285.6917293317691,
        285.6917293317691,
        285.6917293317691,
        257.28872174220555,
        240.75883292004693,
        257.28872174220555,
        240.75883292004693,
        240.75883292004693,
        238.45880299175042,
        240.75883292004693,
        240.75883292004693,
        285.69172933176907,
        221.92891416959176,
        240.75883292004693,
        257.28872174220555,
        285.69172933176907,
        240.75883292004693,
        176.9960177578696,
        203.8186540239709,
        137.34619125991853,
        205.64649744388862,
        158.88575761224874,
        127.05344381597584,
        203.8186540239709,
        145.6358904699755,
        123.77342213609042,
        108.6957115738995,
        95.1229424500714,
        95.1229424500714,
        95.1229424500714
    ],
    "index": 40,
    "threshold": 2,
    "weight2": 0,
    "weight1": 1,
    "heterogeneity": 0.7,
    "lambda": 50,
    "times": [
        58.276799,
        27.653132,
        24.257314,
        27.288851,
        22.238649,
        46.0078,
        18.046882,
        24.150874,
        22.592651,
        18.262134,
        18.466016,
        22.194778,
        17.780665,
        17.76736,
        17.844363,
        17.835507,
        18.130458,
        18.672892,
        18.58076,
        14.340793,
        19.469753,
        14.786015,
        13.926208,
        21.60799,
        14.24312,
        16.43063,
        20.828312,
        17.006186,
        16.408148,
        30.300332,
        22.334348,
        14.720052,
        16.166877,
        17.108046,
        16.463732,
        16.760166,
        13.019472,
        17.048145,
        16.418056,
        16.130539,
        13.257007,
        11.571986,
        10.200602,
        10.591012,
        8.582006
    ],
    "capacityMultiplier": 0.5,
    "strictness": 1.2,
    "runTime": 875,
    "beta": 40
}