{
    "seed": 1,
    "scores": [
        314.3422090177881,
        257.28872174220555,
        257.28872174220555,
        257.28872174220555,
        314.3422090177881,
        314.3422090177881,
        269.40931260606595,
        285.69172933176907,
        250.57939385561076,
        285.6917293317691,
        285.6917293317691,
        269.40931260606595,
        285.69172933176907,
        285.6917293317691,
        285.6917293317691,
        285.69172933176907,
        285.69172933176907,
        285.69172933176907,
        240.75883292004693,
        285.6917293317691,
        285.69172933176907,
        257.28872174220555,
        240.7588329200469,
        240.7588329200469,
        240.75883292004693,
        269.40931260606595,
        240.75883292004693,
        240.75883292004693,
        221.92891416959176,
        221.92891416959174,
        240.75883292004693,
        240.7588329200469,
        240.75883292004693,
        240.75883292004693,
        240.75883292004693,
        176.9960177578696,
        174.28637015599452,
        176.9960177578696,
        145.6358904699755,
        176.9960177578696,
        44.93289641172217,
        63.76281516217733,
        44.93289641172217,
        95.1229424500714,
        81.87307530779817
    ],
    "index": 7,
    "threshold": 2,
    "weight2": 0,
    "weight1": 1,
    "heterogeneity": 0.7,
    "lambda": 50,
    "times": [
        57.889717,
        30.63468,
        23.386139,
        27.143759,
        26.787253,
        33.940076,
        17.598827,
        22.725445,
        18.564882,
        21.217086,
        17.896444,
        18.085677,
        18.179572,
        20.161905,
        20.872613,
        21.468717,
        22.434781,
        22.212767,
        14.202302,
        18.143996,
        20.173007,
        17.87339,
        14.028106,
        13.261535,
        19.475423,
        18.290529,
        16.874093,
        20.039316,
        19.882474,
        21.666667,
        18.807907,
        16.147176,
        15.485239,
        13.814026,
        18.598966,
        16.070282,
        13.443745,
        18.006308,
        15.272501,
        15.311595,
        10.310432,
        10.41141,
        10.33642,
        10.287489,
        10.02016
    ],
    "capacityMultiplier": 0.5,
    "strictness": 1.2,
    "runTime": 867,
    "beta": 40
}