{
    "seed": 1,
    "scores": [
        314.3422090177881,
        285.9392014282246,
        257.28872174220555,
        257.28872174220555,
        314.3422090177881,
        314.3422090177881,
        269.40931260606595,
        285.69172933176907,
        250.57939385561076,
        314.34220901778804,
        285.6917293317691,
        269.40931260606595,
        285.6917293317691,
        314.3422090177881,
        285.6917293317691,
        285.69172933176907,
        314.3422090177881,
        285.69172933176907,
        240.75883292004693,
        285.6917293317691,
        269.40931260606595,
        257.28872174220555,
        240.7588329200469,
        240.7588329200469,
        269.40931260606595,
        269.40931260606595,
        285.6917293317691,
        240.75883292004693,
        232.46913370998993,
        221.92891416959176,
        269.40931260606595,
        238.4588029917504,
        158.88575761224874,
        240.75883292004693,
        176.9960177578696,
        240.75883292004693,
        158.88575761224874,
        126.80597171952034,
        203.8186540239709,
        145.6358904699755,
        44.93289641172217,
        92.41329484819634,
        44.93289641172217,
        44.93289641172217,
        0
    ],
    "index": 37,
    "threshold": 2,
    "weight2": 0,
    "weight1": 1,
    "heterogeneity": 0.7,
    "lambda": 50,
    "times": [
        58.500301,
        31.600502,
        23.874672,
        27.818088,
        29.827656,
        59.420262,
        18.464794,
        23.971784,
        20.33956,
        23.214327,
        18.453263,
        18.581373,
        18.674055,
        22.753555,
        23.646746,
        22.844786,
        24.544265,
        23.989708,
        14.820027,
        18.793869,
        18.701677,
        18.780856,
        14.207692,
        14.075285,
        18.175102,
        19.011086,
        19.037545,
        18.758374,
        31.631409,
        17.396897,
        20.942348,
        21.196393,
        15.668224,
        17.006176,
        19.053936,
        20.542831,
        13.451869,
        13.394501,
        17.039338,
        11.332745,
        8.995664,
        11.69337,
        10.808004,
        9.006014,
        10.110429
    ],
    "capacityMultiplier": 0.5,
    "strictness": 1.2,
    "runTime": 934,
    "beta": 40
}