{
    "seed": 1,
    "scores": [
        314.34220901778804,
        302.2216181539278,
        285.6917293317691,
        285.69172933176907,
        285.6917293317691,
        205.64649744388862,
        285.6917293317691,
        285.69172933176907,
        269.40931260606595,
        240.75883292004693,
        240.75883292004693,
        238.4588029917504,
        285.6917293317691,
        285.6917293317691,
        285.6917293317691,
        240.75883292004693,
        285.69172933176907,
        221.92891416959176,
        205.6464974438886,
        240.75883292004693,
        257.28872174220555,
        240.75883292004693,
        240.75883292004693,
        285.6917293317691,
        240.75883292004693,
        285.6917293317691,
        285.6917293317691,
        285.69172933176907,
        240.75883292004693,
        221.92891416959174,
        145.6358904699755,
        221.92891416959174,
        187.53623729826774,
        221.92891416959176,
        240.7588329200469,
        240.75883292004693,
        176.9960177578696,
        110.52355499381719,
        203.8186540239709,
        190.56878688169766,
        73.58337609774118,
        44.93289641172217,
        176.9960177578696,
        63.76281516217733,
        0
    ],
    "index": 12,
    "threshold": 2,
    "weight2": 0,
    "weight1": 1,
    "heterogeneity": 0.7,
    "lambda": 50,
    "times": [
        59.970145,
        34.602314,
        25.65992,
        26.380033,
        22.129245,
        32.508249,
        19.329604,
        19.936224,
        19.991267,
        14.99594,
        19.042424,
        21.156798,
        22.600461,
        19.193488,
        18.219057,
        19.487761,
        18.301972,
        21.969424,
        18.332119,
        15.075629,
        17.811241,
        15.151031,
        15.350286,
        22.990093,
        14.340077,
        18.470359,
        17.967193,
        18.382845,
        21.600532,
        50.00568,
        16.576961,
        21.92447,
        20.779348,
        16.989977,
        17.367897,
        17.203208,
        18.209649,
        15.843373,
        13.632518,
        13.776279,
        12.826002,
        12.445287,
        10.941631,
        8.499903,
        12.422755
    ],
    "capacityMultiplier": 0.5,
    "strictness": 1.2,
    "runTime": 910,
    "beta": 40
}