{
    "seed": 1,
    "scores": [
        285.69172933176907,
        302.2216181539278,
        285.6917293317691,
        285.69172933176907,
        285.6917293317691,
        205.64649744388862,
        285.6917293317691,
        285.69172933176907,
        269.40931260606595,
        240.75883292004693,
        240.75883292004693,
        238.4588029917504,
        285.6917293317691,
        285.69172933176907,
        285.6917293317691,
        240.75883292004693,
        285.69172933176907,
        250.57939385561076,
        269.4093126060659,
        240.75883292004693,
        257.28872174220555,
        240.75883292004693,
        240.75883292004693,
        285.69172933176907,
        240.75883292004693,
        285.6917293317691,
        285.6917293317691,
        285.69172933176907,
        240.7588329200469,
        240.75883292004693,
        190.5687868816977,
        240.75883292004693,
        158.88575761224874,
        240.75883292004693,
        240.7588329200469,
        176.9960177578696,
        176.9960177578696,
        145.6358904699755,
        176.9960177578696,
        145.6358904699755,
        73.58337609774118,
        73.58337609774118,
        95.1229424500714,
        63.76281516217733,
        95.1229424500714
    ],
    "index": 2,
    "threshold": 2,
    "weight2": 0,
    "weight1": 1,
    "heterogeneity": 0.7,
    "lambda": 50,
    "times": [
        59.598968,
        33.713711,
        23.771484,
        25.18096,
        21.395169,
        16.912144,
        46.230913,
        20.319126,
        20.687065,
        15.58427,
        21.016841,
        23.269675,
        20.134721,
        22.619188,
        18.972748,
        19.342299,
        17.510503,
        21.548356,
        20.683939,
        14.833386,
        18.64793,
        15.047315,
        14.994136,
        22.29933,
        14.111926,
        17.613225,
        17.603677,
        18.197768,
        17.489594,
        20.137817,
        15.721356,
        30.825408,
        17.373948,
        19.93113,
        21.985694,
        17.382704,
        19.32708,
        22.602166,
        19.383796,
        16.525881,
        12.516021,
        12.46208,
        11.781827,
        11.428797,
        11.581593
    ],
    "capacityMultiplier": 0.5,
    "strictness": 1.2,
    "runTime": 920,
    "beta": 40
}