{
    "seed": 1,
    "scores": [
        285.69172933176907,
        285.69172933176907,
        269.4093126060659,
        240.7588329200469,
        314.3422090177881,
        267.10928267776944,
        302.22161815392775,
        285.6917293317691,
        302.22161815392775,
        269.4093126060659,
        285.6917293317691,
        285.6917293317691,
        221.92891416959174,
        285.69172933176907,
        285.6917293317691,
        250.57939385561076,
        285.6917293317691,
        285.69172933176907,
        176.9960177578696,
        240.75883292004693,
        285.6917293317691,
        240.75883292004693,
        269.4093126060659,
        285.6917293317691,
        205.64649744388862,
        240.75883292004693,
        221.92891416959174,
        240.75883292004693,
        240.75883292004693,
        187.53623729826776,
        111.65283127223006,
        269.4093126060659,
        187.53623729826774,
        257.28872174220555,
        176.9960177578696,
        240.75883292004693,
        190.5687868816977,
        240.75883292004693,
        190.5687868816977,
        187.53623729826774,
        158.88575761224874,
        98.40296412995683,
        80.29270398433599,
        44.93289641172217,
        63.76281516217733
    ],
    "index": 33,
    "threshold": 2,
    "weight2": 0,
    "weight1": 1,
    "heterogeneity": 0.7,
    "lambda": 50,
    "times": [
        66.037653,
        25.087908,
        23.452123,
        18.103743,
        29.417966,
        45.558523,
        25.393189,
        21.568585,
        26.182123,
        22.948302,
        19.95425,
        18.730384,
        15.767389,
        20.064146,
        20.333378,
        20.085245,
        20.246196,
        23.529828,
        11.856856,
        16.290096,
        19.114562,
        15.297752,
        19.655171,
        25.002719,
        17.739262,
        19.009285,
        19.097971,
        22.385882,
        20.961551,
        17.016233,
        23.229798,
        26.462115,
        22.077296,
        23.758475,
        13.932162,
        18.139561,
        17.486832,
        22.755252,
        15.111345,
        17.498923,
        12.303951,
        11.582604,
        14.043671,
        11.634341,
        9.313675
    ],
    "capacityMultiplier": 0.5,
    "strictness": 1.2,
    "runTime": 945,
    "beta": 40
}