{
    "seed": 1,
    "scores": [
        250.57939385561076,
        222.17638626604725,
        257.28872174220555,
        269.40931260606595,
        314.3422090177881,
        314.3422090177881,
        205.64649744388862,
        302.2216181539277,
        314.3422090177881,
        314.3422090177881,
        285.6917293317691,
        285.9392014282246,
        285.69172933176907,
        250.57939385561076,
        314.34220901778815,
        285.69172933176907,
        314.3422090177881,
        285.6917293317691,
        240.75883292004693,
        221.92891416959176,
        285.6917293317691,
        193.52590658002825,
        240.7588329200469,
        250.57939385561076,
        240.75883292004693,
        250.5793938556108,
        285.6917293317691,
        285.6917293317691,
        269.40931260606595,
        240.75883292004693,
        205.64649744388862,
        257.28872174220555,
        158.88575761224874,
        240.75883292004693,
        155.45645140553935,
        240.7588329200469,
        175.4156464344074,
        155.45645140553935,
        145.6358904699755,
        145.6358904699755,
        140.05583886179357,
        63.76281516217733,
        63.76281516217733,
        95.1229424500714,
        81.87307530779817
    ],
    "index": 34,
    "threshold": 2,
    "weight2": 0,
    "weight1": 1,
    "heterogeneity": 0.7,
    "lambda": 50,
    "times": [
        51.819823,
        27.172044,
        25.656917,
        22.882253,
        27.547627,
        41.805687,
        16.269075,
        24.177177,
        25.202317,
        22.62362,
        19.115743,
        27.165502,
        19.069687,
        17.753263,
        23.8848,
        22.580749,
        23.28627,
        22.675046,
        14.687644,
        18.690657,
        22.936826,
        18.359908,
        17.496772,
        20.409274,
        17.83705,
        21.979043,
        18.219124,
        17.884789,
        46.53521,
        22.350197,
        21.346058,
        20.440333,
        13.234844,
        21.349474,
        17.023056,
        16.901458,
        16.493154,
        16.497522,
        13.835859,
        11.219973,
        13.913895,
        10.589312,
        10.793504,
        8.911862,
        8.612602
    ],
    "capacityMultiplier": 0.5,
    "strictness": 1.2,
    "runTime": 939,
    "beta": 40
}