{
    "seed": 1,
    "scores": [
        285.69172933176907,
        285.69172933176907,
        269.4093126060659,
        240.7588329200469,
        314.3422090177881,
        267.10928267776944,
        285.69172933176907,
        285.6917293317691,
        285.69172933176907,
        240.75883292004693,
        285.69172933176907,
        285.69172933176907,
        221.92891416959174,
        269.4093126060659,
        285.69172933176907,
        250.57939385561076,
        285.69172933176907,
        232.46913370998993,
        176.9960177578696,
        240.75883292004693,
        285.69172933176907,
        240.75883292004693,
        240.7588329200469,
        250.57939385561076,
        240.75883292004693,
        285.69172933176907,
        285.69172933176907,
        240.7588329200469,
        240.75883292004693,
        240.75883292004693,
        193.52590658002825,
        240.75883292004693,
        123.77342213609042,
        240.75883292004693,
        205.6464974438886,
        176.9960177578696,
        176.9960177578696,
        176.9960177578696,
        145.6358904699755,
        176.9960177578696,
        158.88575761224874,
        98.40296412995683,
        92.41329484819634,
        81.87307530779817,
        63.76281516217733
    ],
    "index": 3,
    "threshold": 2,
    "weight2": 0,
    "weight1": 1,
    "heterogeneity": 0.7,
    "lambda": 50,
    "times": [
        61.665255,
        24.113438,
        23.170114,
        17.4267,
        28.23592,
        39.668186,
        21.900348,
        19.759463,
        21.004412,
        18.059022,
        18.713387,
        17.220022,
        14.418031,
        21.59158,
        18.500168,
        18.757819,
        18.515676,
        20.774241,
        10.890482,
        14.660495,
        17.606286,
        14.239548,
        17.450584,
        17.807652,
        21.48948,
        17.931524,
        17.377828,
        16.340558,
        17.600454,
        17.278752,
        61.636701,
        21.240995,
        16.363731,
        21.889979,
        15.952702,
        13.205012,
        12.442846,
        16.078417,
        15.715288,
        15.606274,
        11.230749,
        10.671563,
        13.319617,
        10.33879,
        10.283908
    ],
    "capacityMultiplier": 0.5,
    "strictness": 1.2,
    "runTime": 890,
    "beta": 40
}