{
    "seed": 1,
    "scores": [
        267.10928267776944,
        250.57939385561076,
        285.9392014282246,
        269.40931260606595,
        285.6917293317691,
        240.75883292004693,
        285.69172933176907,
        302.2216181539277,
        240.75883292004693,
        221.92891416959176,
        285.6917293317691,
        285.69172933176907,
        240.75883292004693,
        221.92891416959174,
        285.6917293317691,
        285.6917293317691,
        285.69172933176907,
        240.75883292004693,
        240.75883292004693,
        285.69172933176907,
        240.7588329200469,
        240.7588329200469,
        240.75883292004693,
        240.75883292004693,
        240.7588329200469,
        285.6917293317691,
        285.6917293317691,
        285.69172933176907,
        240.75883292004693,
        240.75883292004693,
        205.6464974438886,
        221.92891416959174,
        240.75883292004693,
        240.7588329200469,
        205.6464974438886,
        176.9960177578696,
        158.88575761224874,
        176.9960177578696,
        145.6358904699755,
        176.9960177578696,
        95.1229424500714,
        95.1229424500714,
        92.41329484819634,
        81.87307530779817,
        44.93289641172217
    ],
    "index": 9,
    "threshold": 2,
    "weight2": 0,
    "weight1": 1,
    "heterogeneity": 0.7,
    "lambda": 50,
    "times": [
        56.751932,
        26.590167,
        30.01956,
        24.240915,
        23.918612,
        24.951514,
        52.784555,
        25.308871,
        19.430019,
        14.746342,
        18.786867,
        21.587343,
        18.00226,
        17.371571,
        22.704091,
        23.077098,
        21.184851,
        22.102987,
        14.530529,
        18.767501,
        20.42542,
        18.235016,
        18.504338,
        22.330523,
        21.051602,
        22.916819,
        19.4147,
        18.948339,
        21.773051,
        39.913639,
        21.491955,
        20.240976,
        19.523805,
        20.359949,
        19.402729,
        14.99116,
        18.490022,
        17.988364,
        13.006469,
        15.705796,
        12.734841,
        11.921571,
        11.38123,
        10.526722,
        9.716317
    ],
    "capacityMultiplier": 0.5,
    "strictness": 1.2,
    "runTime": 957,
    "beta": 40
}