{
    "seed": 1,
    "scores": [
        314.3422090177881,
        285.69172933176907,
        314.3422090177881,
        285.6917293317691,
        285.6917293317691,
        285.6917293317691,
        314.3422090177881,
        302.22161815392775,
        285.6917293317691,
        257.28872174220555,
        302.2216181539277,
        285.69172933176907,
        314.3422090177881,
        302.2216181539277,
        285.6917293317691,
        285.6917293317691,
        257.28872174220555,
        302.2216181539278,
        240.75883292004693,
        240.75883292004693,
        240.75883292004693,
        240.75883292004693,
        257.28872174220555,
        285.6917293317691,
        193.52590658002825,
        240.7588329200469,
        240.75883292004693,
        240.75883292004693,
        257.28872174220555,
        285.6917293317691,
        285.69172933176907,
        187.53623729826776,
        257.28872174220555,
        158.88575761224874,
        187.53623729826776,
        176.9960177578696,
        111.65283127223006,
        98.40296412995683,
        140.05583886179357,
        145.6358904699755,
        61.46278523388082,
        63.76281516217733,
        44.93289641172217,
        95.1229424500714,
        81.87307530779817
    ],
    "index": 35,
    "threshold": 2,
    "weight2": 0,
    "weight1": 1,
    "heterogeneity": 0.7,
    "lambda": 50,
    "times": [
        56.350222,
        27.66341,
        30.698814,
        23.188644,
        21.89229,
        33.593768,
        22.890607,
        25.00017,
        21.249007,
        19.465593,
        23.20838,
        19.033345,
        23.260418,
        23.599752,
        17.964105,
        19.200367,
        21.068419,
        22.56617,
        18.509426,
        17.912389,
        14.761528,
        18.610134,
        17.612559,
        17.63481,
        17.546735,
        18.017345,
        17.780683,
        17.429617,
        35.457442,
        18.470061,
        22.953504,
        16.571953,
        20.792374,
        15.015292,
        19.209634,
        14.791344,
        15.455175,
        15.360057,
        15.234332,
        12.976291,
        11.303413,
        8.74486,
        8.774605,
        8.534727,
        8.651986
    ],
    "capacityMultiplier": 0.5,
    "strictness": 1.2,
    "runTime": 896,
    "beta": 40
}