{
    "seed": 1,
    "scores": [
        285.6917293317691,
        314.3422090177881,
        285.6917293317691,
        285.69172933176907,
        285.6917293317691,
        285.6917293317691,
        285.6917293317691,
        240.75883292004693,
        285.6917293317691,
        285.69172933176907,
        285.69172933176907,
        240.75883292004693,
        285.69172933176907,
        221.92891416959176,
        240.75883292004693,
        240.75883292004693,
        285.6917293317691,
        285.6917293317691,
        240.75883292004693,
        240.75883292004693,
        240.75883292004693,
        240.7588329200469,
        257.28872174220555,
        285.6917293317691,
        193.52590658002825,
        285.69172933176907,
        240.75883292004693,
        240.75883292004693,
        257.28872174220555,
        240.7588329200469,
        240.75883292004693,
        205.64649744388862,
        221.92891416959174,
        203.8186540239709,
        240.75883292004693,
        176.9960177578696,
        111.65283127223006,
        140.05583886179357,
        61.46278523388082,
        92.41329484819634,
        16.529888822158654,
        63.76281516217733,
        44.93289641172217,
        95.1229424500714,
        81.87307530779817
    ],
    "index": 15,
    "threshold": 2,
    "weight2": 0,
    "weight1": 1,
    "heterogeneity": 0.7,
    "lambda": 50,
    "times": [
        57.023841,
        33.377291,
        29.763642,
        23.218329,
        21.934588,
        31.69783,
        18.717681,
        19.175387,
        22.845501,
        22.038593,
        21.960245,
        18.707713,
        21.871911,
        22.744183,
        16.696299,
        18.502408,
        22.949477,
        22.915172,
        22.761114,
        18.920991,
        15.109442,
        21.723463,
        20.702083,
        18.486668,
        17.784766,
        18.21423,
        20.809583,
        32.896622,
        19.851813,
        15.253391,
        19.528417,
        17.357707,
        18.015758,
        15.911371,
        20.658672,
        13.103009,
        13.475686,
        13.608805,
        11.321106,
        11.112466,
        8.995866,
        8.957245,
        8.812253,
        8.621847,
        9.140196
    ],
    "capacityMultiplier": 0.5,
    "strictness": 1.2,
    "runTime": 887,
    "beta": 40
}