{
    "seed": 1,
    "scores": [
        302.22161815392775,
        240.75883292004693,
        285.6917293317691,
        285.6917293317691,
        314.3422090177881,
        267.10928267776944,
        240.75883292004693,
        285.6917293317691,
        250.57939385561076,
        240.75883292004693,
        285.69172933176907,
        240.7588329200469,
        285.6917293317691,
        285.69172933176907,
        285.69172933176907,
        221.92891416959174,
        285.6917293317691,
        285.69172933176907,
        285.6917293317691,
        269.4093126060659,
        285.69172933176907,
        285.6917293317691,
        285.6917293317691,
        240.75883292004693,
        285.6917293317691,
        257.28872174220555,
        285.69172933176907,
        240.75883292004693,
        240.75883292004693,
        240.75883292004693,
        155.45645140553935,
        240.75883292004693,
        203.8186540239709,
        240.75883292004693,
        162.16577929213415,
        240.7588329200469,
        110.52355499381719,
        126.80597171952034,
        143.33586054167898,
        145.6358904699755,
        95.1229424500714,
        63.76281516217733,
        63.76281516217733,
        95.1229424500714,
        0
    ],
    "index": 18,
    "threshold": 2,
    "weight2": 0,
    "weight1": 1,
    "heterogeneity": 0.7,
    "lambda": 50,
    "times": [
        64.407862,
        21.179491,
        24.173272,
        22.854992,
        30.523532,
        37.92883,
        14.618165,
        24.386491,
        20.387006,
        15.203311,
        23.575261,
        14.501286,
        18.567977,
        18.331865,
        18.476516,
        25.404619,
        18.567987,
        22.869017,
        17.962052,
        18.585159,
        17.252251,
        18.36673,
        22.733864,
        18.43611,
        21.388303,
        18.276581,
        21.902205,
        21.827676,
        23.695166,
        22.893213,
        21.470266,
        18.447761,
        17.655948,
        16.928945,
        16.887207,
        17.501478,
        13.081064,
        12.990996,
        14.149527,
        13.667383,
        8.382489,
        11.056209,
        10.421631,
        10.379812,
        12.323414
    ],
    "capacityMultiplier": 0.5,
    "strictness": 1.2,
    "runTime": 894,
    "beta": 40
}