{
    "seed": 1,
    "scores": [
        269.4093126060659,
        302.2216181539278,
        314.34220901778804,
        285.69172933176907,
        285.6917293317691,
        205.64649744388862,
        285.6917293317691,
        285.69172933176907,
        269.40931260606595,
        240.75883292004693,
        285.69172933176907,
        257.28872174220555,
        285.6917293317691,
        285.6917293317691,
        285.6917293317691,
        240.75883292004693,
        285.6917293317691,
        285.69172933176907,
        240.75883292004693,
        240.75883292004693,
        257.28872174220555,
        240.75883292004693,
        240.75883292004693,
        240.75883292004693,
        240.75883292004693,
        240.75883292004693,
        285.6917293317691,
        240.7588329200469,
        240.7588329200469,
        111.65283127223006,
        240.7588329200469,
        240.75883292004693,
        240.75883292004693,
        221.92891416959176,
        145.6358904699755,
        205.64649744388862,
        176.9960177578696,
        174.28637015599452,
        158.88575761224874,
        126.80597171952034,
        73.58337609774118,
        44.93289641172217,
        123.77342213609042,
        63.76281516217733,
        95.1229424500714
    ],
    "index": 22,
    "threshold": 2,
    "weight2": 0,
    "weight1": 1,
    "heterogeneity": 0.7,
    "lambda": 50,
    "times": [
        56.083873,
        33.527762,
        28.861264,
        25.491501,
        22.097262,
        22.941832,
        18.666596,
        19.873312,
        18.440803,
        15.876326,
        19.484556,
        21.654343,
        18.340275,
        18.086731,
        17.984129,
        17.420755,
        17.975213,
        21.882911,
        17.986283,
        14.902665,
        17.817808,
        15.177038,
        14.774645,
        21.467895,
        14.275081,
        17.90467,
        18.344162,
        18.087812,
        16.596353,
        17.778594,
        27.235954,
        21.148908,
        25.106911,
        20.427378,
        13.349179,
        19.227795,
        18.165268,
        14.416195,
        11.049147,
        11.524938,
        11.464924,
        8.941435,
        10.966903,
        8.561123,
        8.43105
    ],
    "capacityMultiplier": 0.5,
    "strictness": 1.2,
    "runTime": 849,
    "beta": 40
}