{
    "seed": 1,
    "scores": [
        302.22161815392775,
        240.7588329200469,
        285.6917293317691,
        285.69172933176907,
        285.69172933176907,
        221.92891416959176,
        285.69172933176907,
        285.69172933176907,
        285.6917293317691,
        269.4093126060659,
        285.6917293317691,
        285.6917293317691,
        257.28872174220555,
        314.3422090177881,
        285.69172933176907,
        269.4093126060659,
        285.69172933176907,
        285.6917293317691,
        240.75883292004693,
        240.75883292004693,
        285.6917293317691,
        240.75883292004693,
        240.75883292004693,
        285.69172933176907,
        232.4691337099899,
        240.75883292004693,
        269.40931260606595,
        205.64649744388862,
        176.9960177578696,
        240.75883292004693,
        240.75883292004693,
        240.75883292004693,
        193.52590658002822,
        205.64649744388862,
        176.9960177578696,
        221.92891416959176,
        145.6358904699755,
        193.52590658002822,
        108.6957115738995,
        98.40296412995683,
        126.80597171952034,
        95.1229424500714,
        110.52355499381719,
        28.650479686019015,
        16.529888822158654
    ],
    "index": 26,
    "threshold": 2,
    "weight2": 0,
    "weight1": 1,
    "heterogeneity": 0.7,
    "lambda": 50,
    "times": [
        57.114727,
        20.450662,
        23.802769,
        22.177646,
        29.33238,
        17.745102,
        37.411942,
        20.409155,
        20.189785,
        20.033073,
        20.493673,
        19.339017,
        22.575689,
        25.76429,
        24.594958,
        23.992343,
        20.005321,
        24.033981,
        15.328802,
        15.563951,
        18.851377,
        14.997132,
        15.362465,
        22.386065,
        22.176554,
        18.8691,
        22.536906,
        24.502596,
        16.351681,
        16.076727,
        31.124665,
        27.149175,
        25.144483,
        19.204867,
        16.843189,
        20.521554,
        19.719658,
        14.835692,
        14.508902,
        12.441082,
        11.724715,
        9.152443,
        11.761453,
        9.410174,
        9.651695
    ],
    "capacityMultiplier": 0.5,
    "strictness": 1.2,
    "runTime": 925,
    "beta": 40
}