{
    "seed": 1,
    "scores": [
        314.3422090177881,
        257.28872174220555,
        240.75883292004693,
        257.28872174220555,
        314.3422090177881,
        314.3422090177881,
        269.40931260606595,
        285.69172933176907,
        250.57939385561076,
        285.6917293317691,
        285.6917293317691,
        269.40931260606595,
        285.6917293317691,
        285.69172933176907,
        285.6917293317691,
        285.69172933176907,
        285.69172933176907,
        240.75883292004693,
        240.75883292004693,
        285.6917293317691,
        285.69172933176907,
        257.28872174220555,
        176.9960177578696,
        240.7588329200469,
        240.75883292004693,
        187.53623729826776,
        240.75883292004693,
        221.92891416959174,
        221.92891416959176,
        269.4093126060659,
        176.9960177578696,
        221.92891416959176,
        145.6358904699755,
        240.75883292004693,
        221.92891416959176,
        193.52590658002822,
        145.6358904699755,
        158.88575761224874,
        108.6957115738995,
        145.6358904699755,
        44.93289641172217,
        63.76281516217733,
        44.93289641172217,
        0,
        0
    ],
    "index": 17,
    "threshold": 2,
    "weight2": 0,
    "weight1": 1,
    "heterogeneity": 0.7,
    "lambda": 50,
    "times": [
        58.493323,
        30.252332,
        22.065416,
        27.317469,
        26.437398,
        49.593066,
        19.146663,
        24.615922,
        20.374092,
        23.474753,
        19.312632,
        19.434279,
        19.220932,
        23.05986,
        23.538011,
        22.838687,
        24.25054,
        19.428589,
        15.039434,
        18.752298,
        22.242716,
        18.541895,
        14.151198,
        14.840934,
        18.810055,
        19.078575,
        24.756223,
        20.185089,
        19.884679,
        31.937935,
        21.066102,
        18.948423,
        14.031534,
        17.147895,
        17.721625,
        20.267222,
        13.903897,
        16.256764,
        14.316085,
        14.038948,
        9.29884,
        11.575034,
        11.128942,
        13.137427,
        9.012856
    ],
    "capacityMultiplier": 0.5,
    "strictness": 1.2,
    "runTime": 933,
    "beta": 40
}