{
    "seed": 1,
    "scores": [
        314.3422090177881,
        240.75883292004693,
        314.3422090177881,
        285.6917293317691,
        285.6917293317691,
        285.6917293317691,
        285.6917293317691,
        285.6917293317691,
        285.6917293317691,
        257.28872174220555,
        285.69172933176907,
        240.75883292004693,
        285.69172933176907,
        285.6917293317691,
        285.6917293317691,
        285.6917293317691,
        285.6917293317691,
        257.28872174220555,
        269.40931260606595,
        240.75883292004693,
        240.75883292004693,
        240.75883292004693,
        257.28872174220555,
        285.6917293317691,
        193.52590658002825,
        221.92891416959176,
        285.6917293317691,
        240.75883292004693,
        257.28872174220555,
        240.75883292004693,
        285.69172933176907,
        205.64649744388862,
        193.52590658002822,
        158.88575761224874,
        168.7063185478126,
        176.9960177578696,
        111.65283127223006,
        45.180368508177665,
        44.93289641172217,
        63.76281516217733,
        16.529888822158654,
        63.76281516217733,
        44.93289641172217,
        95.1229424500714,
        81.87307530779817
    ],
    "index": 25,
    "threshold": 2,
    "weight2": 0,
    "weight1": 1,
    "heterogeneity": 0.7,
    "lambda": 50,
    "times": [
        57.834755,
        26.953421,
        30.257314,
        23.249781,
        21.890163,
        35.889919,
        20.156715,
        21.468993,
        22.563014,
        23.70838,
        23.037674,
        18.956715,
        23.809149,
        22.801,
        19.368267,
        19.604129,
        23.460706,
        22.556672,
        20.08453,
        19.280262,
        15.57591,
        19.267488,
        19.671264,
        18.748415,
        18.379264,
        20.312576,
        24.637862,
        17.572,
        20.311264,
        31.686581,
        23.984307,
        18.728819,
        20.886291,
        15.651792,
        17.546392,
        13.746732,
        16.180824,
        11.770318,
        9.415345,
        9.146501,
        9.354801,
        9.054248,
        9.019092,
        8.906111,
        9.297694
    ],
    "capacityMultiplier": 0.5,
    "strictness": 1.2,
    "runTime": 906,
    "beta": 40
}