{
    "seed": 1,
    "scores": [
        267.10928267776944,
        250.57939385561076,
        285.9392014282246,
        269.40931260606595,
        285.69172933176907,
        285.9392014282246,
        267.10928267776944,
        302.2216181539277,
        285.69172933176907,
        302.2216181539277,
        285.6917293317691,
        285.6917293317691,
        285.69172933176907,
        221.92891416959174,
        314.34220901778815,
        285.6917293317691,
        285.6917293317691,
        302.2216181539277,
        269.4093126060659,
        285.6917293317691,
        269.4093126060659,
        257.28872174220555,
        240.75883292004693,
        285.69172933176907,
        269.4093126060659,
        269.4093126060659,
        240.75883292004693,
        240.7588329200469,
        250.57939385561076,
        240.75883292004693,
        240.7588329200469,
        240.75883292004693,
        240.75883292004693,
        240.75883292004693,
        221.92891416959174,
        176.9960177578696,
        158.88575761224874,
        240.7588329200469,
        158.88575761224874,
        145.6358904699755,
        140.05583886179357,
        45.180368508177665,
        63.76281516217733,
        44.93289641172217,
        44.93289641172217
    ],
    "index": 39,
    "threshold": 2,
    "weight2": 0,
    "weight1": 1,
    "heterogeneity": 0.7,
    "lambda": 50,
    "times": [
        56.963196,
        26.850688,
        29.223758,
        22.08573,
        22.290673,
        38.711655,
        22.429412,
        23.961563,
        18.847233,
        24.114839,
        19.105576,
        23.186445,
        17.853297,
        14.621913,
        24.129447,
        21.977268,
        23.395987,
        28.43149,
        18.082635,
        18.654694,
        18.559566,
        17.78529,
        17.157718,
        21.480611,
        18.553274,
        21.610462,
        17.655588,
        26.77177,
        24.487745,
        22.003627,
        21.243808,
        17.302578,
        16.871544,
        19.358758,
        18.823328,
        15.001522,
        15.110796,
        21.553436,
        13.12564,
        10.775711,
        11.802448,
        11.265195,
        10.487623,
        8.497597,
        8.406367
    ],
    "capacityMultiplier": 0.5,
    "strictness": 1.2,
    "runTime": 920,
    "beta": 40
}