{
    "seed": 1,
    "scores": [
        302.22161815392775,
        240.7588329200469,
        285.6917293317691,
        285.69172933176907,
        285.6917293317691,
        238.4588029917504,
        285.6917293317691,
        314.3422090177881,
        285.6917293317691,
        269.4093126060659,
        285.6917293317691,
        285.6917293317691,
        257.28872174220555,
        314.3422090177881,
        302.2216181539277,
        269.4093126060659,
        285.69172933176907,
        269.4093126060659,
        240.75883292004693,
        240.75883292004693,
        285.6917293317691,
        240.75883292004693,
        240.75883292004693,
        285.6917293317691,
        250.57939385561076,
        240.75883292004693,
        269.40931260606595,
        269.4093126060659,
        285.69172933176907,
        240.75883292004693,
        240.75883292004693,
        240.75883292004693,
        190.5687868816977,
        269.40931260606595,
        221.92891416959176,
        221.92891416959176,
        190.5687868816977,
        240.7588329200469,
        92.41329484819634,
        98.40296412995683,
        176.9960177578696,
        95.1229424500714,
        0,
        0,
        0
    ],
    "index": 36,
    "threshold": 2,
    "weight2": 0,
    "weight1": 1,
    "heterogeneity": 0.7,
    "lambda": 50,
    "times": [
        58.337697,
        20.475013,
        24.083921,
        22.726847,
        29.826291,
        21.903681,
        34.198954,
        24.145887,
        17.938899,
        19.839156,
        17.701025,
        18.035129,
        21.172015,
        24.068232,
        23.057605,
        22.395849,
        18.578843,
        21.511649,
        14.001318,
        14.749855,
        17.603072,
        13.85186,
        14.672161,
        22.466702,
        17.879448,
        17.538512,
        22.093265,
        22.070762,
        17.053806,
        33.532169,
        18.596276,
        25.3527,
        17.802705,
        18.190088,
        13.845978,
        19.491848,
        17.016918,
        16.441474,
        14.095834,
        13.047919,
        12.839609,
        10.143427,
        10.79353,
        6.829529,
        6.86163
    ],
    "capacityMultiplier": 0.5,
    "strictness": 1.2,
    "runTime": 888,
    "beta": 40
}