{
    "seed": 1,
    "scores": [
        250.57939385561076,
        222.17638626604725,
        257.28872174220555,
        269.40931260606595,
        314.3422090177881,
        250.57939385561076,
        240.75883292004693,
        302.2216181539277,
        250.57939385561076,
        250.57939385561076,
        285.6917293317691,
        285.69172933176907,
        285.69172933176907,
        221.92891416959176,
        285.6917293317691,
        285.69172933176907,
        314.3422090177881,
        240.7588329200469,
        240.75883292004693,
        285.6917293317691,
        240.75883292004693,
        257.28872174220555,
        240.7588329200469,
        240.75883292004693,
        240.7588329200469,
        221.92891416959176,
        240.75883292004693,
        240.75883292004693,
        240.75883292004693,
        240.75883292004693,
        240.75883292004693,
        176.9960177578696,
        240.75883292004693,
        240.7588329200469,
        221.92891416959176,
        240.7588329200469,
        162.16577929213415,
        110.52355499381719,
        158.88575761224874,
        145.6358904699755,
        111.65283127223006,
        92.41329484819634,
        108.6957115738995,
        95.1229424500714,
        81.87307530779817
    ],
    "index": 4,
    "threshold": 2,
    "weight2": 0,
    "weight1": 1,
    "heterogeneity": 0.7,
    "lambda": 50,
    "times": [
        51.804841,
        27.143083,
        24.529951,
        22.554327,
        26.687845,
        35.58716,
        17.62781,
        23.288706,
        23.968774,
        18.785379,
        18.640128,
        21.146051,
        18.335781,
        16.292961,
        21.610367,
        22.277471,
        22.267532,
        21.531219,
        14.339398,
        18.454983,
        16.399771,
        17.72374,
        14.13072,
        19.121336,
        16.493485,
        20.665465,
        16.936111,
        17.617642,
        21.582404,
        34.092732,
        21.037669,
        17.433779,
        16.974042,
        20.216979,
        19.875412,
        16.237809,
        15.845808,
        14.861733,
        13.292807,
        11.11691,
        12.82748,
        12.299004,
        13.281887,
        11.935927,
        12.060699
    ],
    "capacityMultiplier": 0.5,
    "strictness": 1.2,
    "runTime": 891,
    "beta": 40
}