{
    "seed": 1,
    "scores": [
        302.22161815392775,
        240.75883292004693,
        285.6917293317691,
        285.69172933176907,
        285.6917293317691,
        238.4588029917504,
        285.69172933176907,
        285.69172933176907,
        285.6917293317691,
        269.4093126060659,
        240.75883292004693,
        285.6917293317691,
        257.28872174220555,
        285.6917293317691,
        285.69172933176907,
        269.4093126060659,
        285.69172933176907,
        269.4093126060659,
        240.75883292004693,
        240.75883292004693,
        221.92891416959176,
        240.75883292004693,
        176.9960177578696,
        285.6917293317691,
        285.69172933176907,
        240.75883292004693,
        285.6917293317691,
        269.4093126060659,
        240.75883292004693,
        240.75883292004693,
        193.52590658002822,
        240.75883292004693,
        162.16577929213418,
        207.09867570385634,
        240.75883292004693,
        221.92891416959176,
        145.6358904699755,
        176.9960177578696,
        92.41329484819634,
        98.40296412995683,
        81.87307530779817,
        95.1229424500714,
        110.52355499381719,
        28.650479686019015,
        44.93289641172217
    ],
    "index": 16,
    "threshold": 2,
    "weight2": 0,
    "weight1": 1,
    "heterogeneity": 0.7,
    "lambda": 50,
    "times": [
        57.684618,
        21.06753,
        23.958518,
        22.939572,
        30.034684,
        22.631916,
        34.21799,
        21.182815,
        21.349558,
        22.325202,
        18.692417,
        20.706735,
        22.966623,
        26.36484,
        26.34918,
        25.689336,
        21.935133,
        23.437554,
        15.552173,
        16.502951,
        19.526708,
        15.749422,
        15.016911,
        24.929054,
        24.434939,
        19.810849,
        29.335807,
        23.84214,
        17.24527,
        17.625801,
        31.8074,
        28.291143,
        22.781055,
        23.556647,
        18.224882,
        18.719658,
        18.206658,
        12.437656,
        12.591144,
        12.418341,
        11.609087,
        11.76604,
        12.370722,
        9.760568,
        12.181227
    ],
    "capacityMultiplier": 0.5,
    "strictness": 1.2,
    "runTime": 959,
    "beta": 40
}