{
    "seed": 1,
    "scores": [
        314.3422090177881,
        257.28872174220555,
        285.69172933176907,
        285.6917293317691,
        285.6917293317691,
        314.3422090177881,
        240.75883292004693,
        240.75883292004693,
        285.6917293317691,
        240.75883292004693,
        285.6917293317691,
        285.6917293317691,
        285.69172933176907,
        285.6917293317691,
        240.75883292004693,
        285.6917293317691,
        285.6917293317691,
        285.6917293317691,
        240.75883292004693,
        240.75883292004693,
        240.75883292004693,
        240.75883292004693,
        240.75883292004693,
        238.45880299175042,
        240.75883292004693,
        240.75883292004693,
        285.69172933176907,
        240.75883292004693,
        158.88575761224874,
        193.52590658002825,
        240.75883292004693,
        240.75883292004693,
        176.9960177578696,
        190.5687868816977,
        240.75883292004693,
        205.64649744388862,
        175.4156464344074,
        110.52355499381719,
        203.8186540239709,
        145.6358904699755,
        45.180368508177665,
        63.76281516217733,
        95.1229424500714,
        95.1229424500714,
        95.1229424500714
    ],
    "index": 20,
    "threshold": 2,
    "weight2": 0,
    "weight1": 1,
    "heterogeneity": 0.7,
    "lambda": 50,
    "times": [
        57.031299,
        26.880964,
        25.214685,
        26.598094,
        21.289015,
        51.781471,
        15.087325,
        20.08945,
        21.255512,
        17.835861,
        20.123072,
        22.251217,
        18.617854,
        18.195253,
        16.529915,
        18.197959,
        18.554626,
        17.694356,
        18.351747,
        14.863266,
        18.781852,
        14.78037,
        14.189715,
        22.784104,
        14.751817,
        16.423697,
        18.051294,
        17.518877,
        15.575428,
        19.611234,
        24.880599,
        14.629067,
        15.980106,
        15.119435,
        20.581301,
        14.360253,
        13.682806,
        13.493311,
        13.972158,
        13.373597,
        11.172857,
        10.819054,
        10.179006,
        10.267953,
        10.24519
    ],
    "capacityMultiplier": 0.5,
    "strictness": 1.2,
    "runTime": 851,
    "beta": 40
}