{
    "seed": 1,
    "scores": [
        302.22161815392775,
        240.75883292004693,
        285.6917293317691,
        285.6917293317691,
        267.10928267776944,
        285.69172933176907,
        240.75883292004693,
        285.6917293317691,
        285.69172933176907,
        269.4093126060659,
        314.3422090177881,
        240.7588329200469,
        285.69172933176907,
        285.69172933176907,
        285.69172933176907,
        250.57939385561076,
        285.6917293317691,
        285.69172933176907,
        285.6917293317691,
        269.4093126060659,
        176.9960177578696,
        285.6917293317691,
        285.6917293317691,
        240.75883292004693,
        285.6917293317691,
        257.28872174220555,
        240.7588329200469,
        221.92891416959176,
        240.75883292004693,
        240.7588329200469,
        240.75883292004693,
        240.75883292004693,
        240.7588329200469,
        240.75883292004693,
        175.4156464344074,
        176.9960177578696,
        123.77342213609042,
        126.80597171952034,
        80.29270398433599,
        28.650479686019015,
        111.65283127223006,
        80.29270398433599,
        63.76281516217733,
        176.9960177578696,
        81.87307530779817
    ],
    "index": 28,
    "threshold": 2,
    "weight2": 0,
    "weight1": 1,
    "heterogeneity": 0.7,
    "lambda": 50,
    "times": [
        64.139973,
        21.062051,
        23.842739,
        23.321025,
        31.902013,
        57.852884,
        14.747432,
        22.943762,
        26.254228,
        18.048389,
        23.384334,
        14.249252,
        17.890805,
        22.057048,
        18.817684,
        21.986916,
        18.215061,
        22.698965,
        17.927664,
        18.725723,
        15.675272,
        18.168894,
        18.873368,
        17.638654,
        21.019431,
        20.67547,
        24.522537,
        23.753372,
        27.753865,
        20.092303,
        22.756913,
        17.107674,
        19.821266,
        13.932,
        21.986616,
        16.248171,
        18.393783,
        13.332151,
        13.172494,
        10.347834,
        10.820385,
        11.412941,
        10.832519,
        11.288008,
        10.604833
    ],
    "capacityMultiplier": 0.5,
    "strictness": 1.2,
    "runTime": 930,
    "beta": 40
}