{
    "seed": 1,
    "scores": [
        250.5793938556108,
        250.57939385561076,
        269.4093126060659,
        269.40931260606595,
        285.69172933176907,
        240.75883292004693,
        285.69172933176907,
        285.69172933176907,
        285.69172933176907,
        221.92891416959176,
        285.6917293317691,
        285.69172933176907,
        240.75883292004693,
        221.92891416959174,
        285.6917293317691,
        285.6917293317691,
        285.6917293317691,
        269.4093126060659,
        240.75883292004693,
        285.6917293317691,
        269.4093126060659,
        240.7588329200469,
        240.75883292004693,
        250.57939385561076,
        240.75883292004693,
        250.57939385561076,
        240.75883292004693,
        240.7588329200469,
        285.69172933176907,
        240.75883292004693,
        240.7588329200469,
        205.6464974438886,
        240.75883292004693,
        240.7588329200469,
        203.8186540239709,
        176.9960177578696,
        158.88575761224874,
        176.9960177578696,
        108.6957115738995,
        145.6358904699755,
        140.05583886179357,
        16.529888822158654,
        63.76281516217733,
        0,
        0
    ],
    "index": 19,
    "threshold": 2,
    "weight2": 0,
    "weight1": 1,
    "heterogeneity": 0.7,
    "lambda": 50,
    "times": [
        55.245088,
        26.50319,
        28.096393,
        23.586275,
        23.102041,
        24.331496,
        30.018862,
        22.634769,
        17.707612,
        14.281236,
        19.25485,
        21.593896,
        17.452406,
        17.056126,
        22.740206,
        22.069013,
        22.313159,
        22.952191,
        14.252764,
        18.431183,
        17.90507,
        17.944113,
        14.818289,
        18.0167,
        14.763838,
        21.407999,
        17.33142,
        17.265096,
        25.202712,
        29.301723,
        18.908944,
        19.562855,
        18.057174,
        16.615163,
        16.697126,
        12.94887,
        12.992932,
        16.055077,
        13.328107,
        13.014472,
        11.236423,
        10.133063,
        10.702616,
        13.450946,
        8.994027
    ],
    "capacityMultiplier": 0.5,
    "strictness": 1.2,
    "runTime": 870,
    "beta": 40
}