{
    "seed": 1,
    "scores": [
        314.34220901778804,
        302.2216181539278,
        314.3422090177881,
        302.2216181539277,
        285.6917293317691,
        205.64649744388862,
        285.6917293317691,
        314.3422090177881,
        269.40931260606595,
        240.75883292004693,
        285.6917293317691,
        302.2216181539277,
        285.6917293317691,
        285.6917293317691,
        285.6917293317691,
        269.40931260606595,
        285.6917293317691,
        285.69172933176907,
        222.17638626604725,
        240.75883292004693,
        257.28872174220555,
        240.75883292004693,
        240.75883292004693,
        302.22161815392775,
        269.4093126060659,
        240.7588329200469,
        285.6917293317691,
        285.69172933176907,
        240.7588329200469,
        257.28872174220555,
        190.5687868816977,
        269.4093126060659,
        203.8186540239709,
        221.92891416959176,
        190.56878688169766,
        205.64649744388862,
        187.53623729826774,
        155.45645140553935,
        203.8186540239709,
        126.80597171952034,
        123.77342213609042,
        73.58337609774118,
        95.1229424500714,
        63.76281516217733,
        0
    ],
    "index": 32,
    "threshold": 2,
    "weight2": 0,
    "weight1": 1,
    "heterogeneity": 0.7,
    "lambda": 50,
    "times": [
        59.482789,
        34.428297,
        29.263061,
        27.084938,
        21.013187,
        49.959703,
        19.332219,
        25.408868,
        19.512989,
        16.249376,
        20.403482,
        24.64903,
        19.840644,
        21.611722,
        18.946494,
        17.184623,
        17.472163,
        21.227941,
        17.988113,
        14.652725,
        18.387083,
        14.550894,
        14.620104,
        27.388898,
        17.317593,
        16.726843,
        17.383106,
        17.467334,
        19.124769,
        35.584891,
        15.439634,
        22.829361,
        20.906878,
        20.182627,
        17.243794,
        15.053558,
        17.419044,
        15.130713,
        14.589166,
        11.458162,
        13.134361,
        10.955156,
        8.435001,
        8.768097,
        11.054583
    ],
    "capacityMultiplier": 0.5,
    "strictness": 1.2,
    "runTime": 917,
    "beta": 40
}