{
    "seed": 1,
    "scores": [
        314.34220901778815,
        240.75883292004693,
        285.6917293317691,
        285.69172933176907,
        285.6917293317691,
        285.6917293317691,
        285.6917293317691,
        240.75883292004693,
        285.6917293317691,
        257.28872174220555,
        285.69172933176907,
        240.75883292004693,
        285.69172933176907,
        257.28872174220555,
        240.75883292004693,
        285.6917293317691,
        285.6917293317691,
        302.2216181539278,
        240.75883292004693,
        240.75883292004693,
        240.75883292004693,
        240.7588329200469,
        257.28872174220555,
        285.6917293317691,
        257.28872174220555,
        285.69172933176907,
        285.69172933176907,
        221.92891416959174,
        240.7588329200469,
        240.7588329200469,
        240.7588329200469,
        187.53623729826776,
        193.52590658002822,
        240.75883292004693,
        187.53623729826774,
        176.9960177578696,
        80.29270398433599,
        98.40296412995683,
        145.6358904699755,
        158.88575761224874,
        16.529888822158654,
        63.76281516217733,
        61.46278523388082,
        95.1229424500714,
        81.87307530779817
    ],
    "index": 5,
    "threshold": 2,
    "weight2": 0,
    "weight1": 1,
    "heterogeneity": 0.7,
    "lambda": 50,
    "times": [
        57.488786,
        27.618698,
        29.44431,
        23.096764,
        22.000249,
        33.476306,
        18.822764,
        19.090096,
        21.986734,
        23.374816,
        22.142556,
        18.500701,
        22.673541,
        21.416646,
        17.428592,
        21.165746,
        22.030677,
        22.922057,
        18.995639,
        18.047502,
        14.970536,
        18.579499,
        18.235464,
        18.205578,
        19.07646,
        18.973848,
        18.105701,
        16.586995,
        31.684217,
        18.921389,
        21.597034,
        20.379442,
        19.521995,
        16.4511,
        23.034167,
        15.140884,
        15.540724,
        15.515547,
        16.327859,
        13.788881,
        10.523832,
        10.305042,
        11.412948,
        8.704843,
        8.819959
    ],
    "capacityMultiplier": 0.5,
    "strictness": 1.2,
    "runTime": 902,
    "beta": 40
}