{
    "seed": 1,
    "scores": [
        302.22161815392775,
        240.7588329200469,
        285.6917293317691,
        285.6917293317691,
        302.22161815392775,
        221.92891416959176,
        285.69172933176907,
        285.69172933176907,
        285.6917293317691,
        269.4093126060659,
        240.75883292004693,
        240.75883292004693,
        240.75883292004693,
        285.6917293317691,
        285.69172933176907,
        269.4093126060659,
        285.69172933176907,
        269.4093126060659,
        240.75883292004693,
        240.7588329200469,
        285.6917293317691,
        176.9960177578696,
        205.6464974438886,
        269.4093126060659,
        221.92891416959174,
        240.75883292004693,
        240.75883292004693,
        240.7588329200469,
        240.75883292004693,
        240.75883292004693,
        176.9960177578696,
        240.75883292004693,
        162.16577929213418,
        240.75883292004693,
        240.75883292004693,
        221.92891416959174,
        145.6358904699755,
        176.9960177578696,
        203.8186540239709,
        126.80597171952034,
        126.80597171952034,
        123.77342213609042,
        176.9960177578696,
        28.650479686019015,
        16.529888822158654
    ],
    "index": 6,
    "threshold": 2,
    "weight2": 0,
    "weight1": 1,
    "heterogeneity": 0.7,
    "lambda": 50,
    "times": [
        57.278504,
        20.573772,
        23.594731,
        24.222383,
        34.142469,
        16.980705,
        27.276312,
        20.546391,
        20.432238,
        20.713513,
        17.54066,
        15.109793,
        20.231383,
        24.91757,
        24.729639,
        24.994414,
        19.961469,
        22.851804,
        14.895503,
        15.133708,
        19.413436,
        13.716553,
        17.666836,
        22.459362,
        17.992905,
        18.777419,
        24.731212,
        30.046974,
        15.61698,
        14.295774,
        15.851047,
        48.565149,
        22.011967,
        23.720997,
        17.626711,
        23.254395,
        22.6838,
        19.859529,
        21.234966,
        19.920011,
        11.667067,
        13.318349,
        14.454119,
        9.444379,
        9.5789
    ],
    "capacityMultiplier": 0.5,
    "strictness": 1.2,
    "runTime": 954,
    "beta": 40
}