{
    "seed": 1,
    "scores": [
        314.3422090177881,
        314.3422090177881,
        314.34220901778815,
        302.22161815392775,
        314.34220901778815,
        314.3422090177881,
        314.3422090177881,
        314.34220901778815,
        314.34220901778815,
        285.9392014282246,
        302.2216181539277,
        285.6917293317691,
        240.75883292004693,
        269.4093126060659,
        269.4093126060659,
        285.69172933176907,
        269.4093126060659,
        285.69172933176907,
        250.57939385561076,
        257.28872174220555,
        285.69172933176907,
        269.4093126060659,
        285.69172933176907,
        240.7588329200469,
        221.92891416959174,
        240.75883292004693,
        240.75883292004693,
        190.5687868816977,
        193.52590658002822,
        240.75883292004693,
        221.92891416959176,
        190.5687868816977,
        123.77342213609042,
        145.6358904699755,
        190.56878688169766,
        158.88575761224874,
        98.40296412995683,
        63.76281516217733,
        81.87307530779817,
        95.1229424500714,
        63.76281516217733,
        81.87307530779817,
        16.529888822158654,
        16.529888822158654,
        63.76281516217733
    ],
    "index": 3,
    "threshold": 2,
    "weight2": 0,
    "weight1": 1,
    "heterogeneity": 0.7,
    "lambda": 50,
    "times": [
        47.044205,
        39.758748,
        37.147328,
        45.876713,
        33.639021,
        31.650465,
        31.623153,
        32.997572,
        31.489734,
        31.395868,
        31.7233,
        31.075179,
        30.76511,
        30.548254,
        29.223699,
        28.484386,
        28.255088,
        35.451999,
        29.670314,
        28.989461,
        26.829655,
        26.670006,
        27.192983,
        26.355679,
        24.928611,
        24.79409,
        23.620476,
        22.454267,
        22.114352,
        21.931099,
        20.714154,
        16.80078,
        13.389064,
        14.13069,
        14.506242,
        9.368099,
        9.439101,
        7.194205,
        7.146908,
        7.20705,
        7.154091,
        22.599698,
        7.641762,
        7.623889,
        7.624841
    ],
    "capacityMultiplier": 0.5,
    "strictness": 1.2,
    "runTime": 1086,
    "beta": 40
}