{
    "seed": 1,
    "scores": [
        285.9392014282246,
        302.2216181539277,
        314.3422090177881,
        314.34220901778815,
        314.3422090177881,
        285.9392014282246,
        302.22161815392775,
        302.2216181539277,
        314.34220901778804,
        314.34220901778815,
        314.34220901778815,
        314.34220901778815,
        285.69172933176907,
        285.69172933176907,
        285.6917293317691,
        285.6917293317691,
        285.6917293317691,
        285.6917293317691,
        285.9392014282246,
        285.6917293317691,
        240.7588329200469,
        257.28872174220555,
        269.4093126060659,
        250.57939385561076,
        240.7588329200469,
        240.7588329200469,
        203.8186540239709,
        205.64649744388862,
        187.53623729826776,
        221.92891416959174,
        205.6464974438886,
        203.8186540239709,
        174.28637015599452,
        145.6358904699755,
        126.80597171952034,
        176.9960177578696,
        145.6358904699755,
        81.87307530779817,
        63.76281516217733,
        81.87307530779817,
        44.93289641172217,
        28.650479686019015,
        28.650479686019015,
        44.93289641172217,
        44.93289641172217
    ],
    "index": 29,
    "threshold": 2,
    "weight2": 0,
    "weight1": 1,
    "heterogeneity": 0.7,
    "lambda": 50,
    "times": [
        45.464882,
        39.398704,
        36.732498,
        50.789972,
        30.980348,
        29.920902,
        30.34082,
        29.824031,
        30.096101,
        29.640617,
        29.65807,
        29.79678,
        29.110014,
        27.553095,
        27.666117,
        26.535648,
        26.857933,
        26.870295,
        47.364051,
        27.481691,
        25.609854,
        25.596559,
        25.07426,
        24.906686,
        24.735786,
        23.27592,
        22.754172,
        21.135418,
        20.392366,
        17.267039,
        16.945897,
        17.108773,
        14.261937,
        11.201061,
        11.005775,
        11.363696,
        9.3059,
        7.148787,
        7.130272,
        7.092652,
        6.978548,
        7.050653,
        19.038298,
        7.212757,
        7.17722
    ],
    "capacityMultiplier": 0.5,
    "strictness": 1.2,
    "runTime": 1042,
    "beta": 40
}