{
    "seed": 1,
    "scores": [
        330.8720978399467,
        330.8720978399468,
        330.8720978399468,
        330.8720978399467,
        330.8720978399467,
        330.8720978399467,
        314.3422090177881,
        285.9392014282246,
        314.34220901778815,
        302.22161815392775,
        285.6917293317691,
        285.6917293317691,
        285.69172933176907,
        285.6917293317691,
        285.6917293317691,
        285.6917293317691,
        285.6917293317691,
        285.6917293317691,
        285.69172933176907,
        285.6917293317691,
        269.4093126060659,
        257.28872174220555,
        257.28872174220555,
        238.45880299175042,
        269.40931260606595,
        250.57939385561076,
        220.34854284612956,
        238.45880299175042,
        240.75883292004693,
        240.7588329200469,
        240.75883292004693,
        205.64649744388862,
        240.7588329200469,
        203.8186540239709,
        137.3461912599185,
        45.180368508177665,
        123.77342213609042,
        73.58337609774118,
        111.65283127223006,
        73.58337609774118,
        28.650479686019015,
        44.93289641172217,
        95.1229424500714,
        0,
        0
    ],
    "index": 40,
    "threshold": 2,
    "weight2": 0,
    "weight1": 1,
    "heterogeneity": 0.7,
    "lambda": 50,
    "times": [
        47.284635,
        39.892699,
        37.365626,
        49.351929,
        34.359978,
        33.56361,
        33.349199,
        33.289678,
        28.457207,
        27.857826,
        27.688429,
        27.679002,
        27.91349,
        27.883564,
        27.895346,
        27.569176,
        27.702646,
        27.491812,
        46.373031,
        31.282807,
        29.363269,
        28.166432,
        27.762177,
        26.021935,
        25.718979,
        20.786319,
        20.137507,
        20.275995,
        19.581568,
        18.885848,
        18.777906,
        18.577601,
        17.736249,
        14.812204,
        14.688433,
        9.412822,
        9.43284,
        9.335688,
        9.448429,
        24.262797,
        7.846585,
        7.705962,
        7.712444,
        8.738372,
        5.478509
    ],
    "capacityMultiplier": 0.5,
    "strictness": 1.2,
    "runTime": 1085,
    "beta": 40
}