{
    "seed": 1,
    "scores": [
        314.34220901778815,
        314.34220901778815,
        314.34220901778815,
        314.34220901778815,
        314.34220901778815,
        314.34220901778815,
        314.34220901778815,
        285.69172933176907,
        285.6917293317691,
        285.69172933176907,
        285.69172933176907,
        285.6917293317691,
        285.6917293317691,
        285.6917293317691,
        269.40931260606595,
        250.57939385561076,
        285.69172933176907,
        269.4093126060659,
        285.6917293317691,
        285.69172933176907,
        250.5793938556108,
        221.92891416959174,
        240.75883292004693,
        240.75883292004693,
        240.75883292004693,
        221.92891416959174,
        240.75883292004693,
        240.7588329200469,
        240.75883292004693,
        240.75883292004693,
        205.64649744388862,
        156.58572768395223,
        174.28637015599452,
        108.943183670355,
        176.9960177578696,
        140.05583886179357,
        126.80597171952034,
        158.88575761224874,
        28.650479686019015,
        16.529888822158654,
        81.87307530779817,
        95.1229424500714,
        81.87307530779817,
        28.650479686019015,
        0
    ],
    "index": 16,
    "threshold": 2,
    "weight2": 0,
    "weight1": 1,
    "heterogeneity": 0.7,
    "lambda": 50,
    "times": [
        46.889669,
        41.061059,
        38.38744,
        44.838988,
        34.703979,
        33.173512,
        34.262823,
        32.121771,
        31.98742,
        31.747951,
        32.083569,
        31.784639,
        31.733914,
        31.454361,
        31.906959,
        37.082666,
        37.582241,
        52.949282,
        30.950346,
        28.761155,
        26.893426,
        26.377388,
        26.695916,
        26.529885,
        26.767229,
        26.820719,
        26.074272,
        25.207517,
        24.924186,
        20.289743,
        16.967679,
        16.070037,
        16.527094,
        12.283824,
        11.409766,
        11.524171,
        11.458458,
        9.555593,
        7.237811,
        37.252534,
        7.713982,
        7.791588,
        7.689787,
        7.573098,
        10.334622
    ],
    "capacityMultiplier": 0.5,
    "strictness": 1.2,
    "runTime": 1163,
    "beta": 40
}