{
    "seed": 1,
    "scores": [
        314.3422090177881,
        314.3422090177881,
        314.3422090177881,
        302.22161815392775,
        314.34220901778815,
        285.9392014282246,
        302.22161815392775,
        314.3422090177881,
        285.9392014282246,
        285.69172933176907,
        302.22161815392775,
        285.6917293317691,
        285.69172933176907,
        267.10928267776944,
        285.6917293317691,
        285.6917293317691,
        285.6917293317691,
        240.7588329200469,
        269.4093126060659,
        285.6917293317691,
        285.69172933176907,
        269.4093126060659,
        240.75883292004693,
        250.57939385561076,
        240.7588329200469,
        240.7588329200469,
        240.75883292004693,
        240.7588329200469,
        240.75883292004693,
        240.75883292004693,
        193.52590658002822,
        193.52590658002825,
        158.88575761224874,
        162.16577929213418,
        155.45645140553935,
        176.9960177578696,
        145.6358904699755,
        98.40296412995683,
        63.76281516217733,
        81.87307530779817,
        44.93289641172217,
        28.650479686019015,
        28.650479686019015,
        44.93289641172217,
        44.93289641172217
    ],
    "index": 9,
    "threshold": 2,
    "weight2": 0,
    "weight1": 1,
    "heterogeneity": 0.7,
    "lambda": 50,
    "times": [
        44.888053,
        38.780586,
        35.83485,
        43.472303,
        30.680735,
        28.839895,
        28.929665,
        30.710962,
        28.970882,
        28.113711,
        27.488506,
        27.707066,
        27.376476,
        27.481613,
        26.752934,
        26.546616,
        33.052301,
        34.18496,
        45.769389,
        29.12417,
        28.458909,
        24.750441,
        24.722218,
        25.618212,
        26.079718,
        24.579489,
        22.681002,
        21.779087,
        22.915082,
        22.417036,
        17.55052,
        16.87956,
        13.595047,
        13.83565,
        13.779064,
        11.076675,
        11.072708,
        9.180301,
        6.997289,
        6.982371,
        7.008891,
        7.004994,
        14.1654,
        6.980949,
        7.011626
    ],
    "capacityMultiplier": 0.5,
    "strictness": 1.2,
    "runTime": 1051,
    "beta": 40
}