{
    "seed": 1,
    "scores": [
        314.3422090177881,
        314.34220901778815,
        302.22161815392775,
        314.3422090177881,
        314.34220901778804,
        314.3422090177881,
        314.3422090177881,
        285.9392014282246,
        314.34220901778815,
        314.34220901778815,
        285.9392014282246,
        285.6917293317691,
        285.69172933176907,
        285.6917293317691,
        269.4093126060659,
        257.28872174220555,
        269.4093126060659,
        285.6917293317691,
        240.75883292004693,
        257.28872174220555,
        240.75883292004693,
        240.75883292004693,
        285.69172933176907,
        221.92891416959176,
        240.75883292004693,
        240.75883292004693,
        240.75883292004693,
        221.92891416959176,
        203.8186540239709,
        205.64649744388862,
        240.75883292004693,
        240.75883292004693,
        203.8186540239709,
        240.75883292004693,
        240.75883292004693,
        176.9960177578696,
        123.77342213609042,
        73.58337609774118,
        140.05583886179357,
        108.6957115738995,
        45.180368508177665,
        44.93289641172217,
        95.1229424500714,
        63.76281516217733,
        95.1229424500714
    ],
    "index": 10,
    "threshold": 2,
    "weight2": 0,
    "weight1": 1,
    "heterogeneity": 0.7,
    "lambda": 50,
    "times": [
        43.929338,
        38.281643,
        35.660909,
        70.082854,
        31.229193,
        28.850171,
        28.683831,
        29.940457,
        28.706543,
        29.081804,
        28.648324,
        28.097966,
        27.022087,
        26.995277,
        26.70175,
        26.844736,
        26.242862,
        26.446513,
        52.340033,
        28.011726,
        26.029825,
        24.453932,
        24.77909,
        24.301217,
        22.759779,
        22.550639,
        22.630257,
        21.578613,
        22.088926,
        21.475611,
        20.428476,
        19.15048,
        19.227473,
        20.069125,
        19.657576,
        13.842938,
        11.510233,
        11.58905,
        16.294406,
        11.603557,
        9.45775,
        7.246962,
        7.129583,
        7.101591,
        7.17091
    ],
    "capacityMultiplier": 0.5,
    "strictness": 1.2,
    "runTime": 1095,
    "beta": 40
}