{
    "seed": 1,
    "scores": [
        302.22161815392775,
        314.34220901778815,
        314.34220901778815,
        314.34220901778815,
        314.3422090177881,
        302.2216181539277,
        285.9392014282246,
        314.34220901778815,
        314.3422090177881,
        314.3422090177881,
        314.3422090177881,
        302.2216181539277,
        314.3422090177881,
        285.9392014282246,
        257.28872174220555,
        220.34854284612956,
        285.6917293317691,
        285.69172933176907,
        285.6917293317691,
        269.4093126060659,
        238.4588029917504,
        240.75883292004693,
        240.75883292004693,
        240.75883292004693,
        240.75883292004693,
        240.75883292004693,
        240.7588329200469,
        240.75883292004693,
        240.75883292004693,
        240.7588329200469,
        221.92891416959174,
        240.75883292004693,
        221.92891416959174,
        240.75883292004693,
        158.88575761224874,
        158.88575761224874,
        110.52355499381719,
        44.93289641172217,
        16.529888822158654,
        28.650479686019015,
        95.1229424500714,
        16.529888822158654,
        63.76281516217733,
        81.87307530779817,
        28.650479686019015
    ],
    "index": 28,
    "threshold": 2,
    "weight2": 0,
    "weight1": 1,
    "heterogeneity": 0.7,
    "lambda": 50,
    "times": [
        44.868558,
        39.06232,
        37.170322,
        45.267474,
        31.121219,
        29.957954,
        29.850593,
        31.161365,
        29.73647,
        29.619572,
        29.6725,
        29.562725,
        28.976238,
        29.075845,
        27.028886,
        25.655298,
        26.306807,
        25.56037,
        44.077219,
        25.647924,
        24.989523,
        23.792544,
        23.967982,
        23.940391,
        24.319961,
        23.846986,
        22.349957,
        22.490209,
        23.050206,
        21.768108,
        21.487864,
        21.314901,
        19.883494,
        19.622596,
        16.374672,
        11.584113,
        9.310412,
        7.047189,
        7.072576,
        7.138519,
        21.062128,
        7.825073,
        7.870728,
        7.879565,
        7.816247
    ],
    "capacityMultiplier": 0.5,
    "strictness": 1.2,
    "runTime": 1067,
    "beta": 40
}