{
    "seed": 1,
    "scores": [
        330.8720978399467,
        330.8720978399468,
        330.8720978399468,
        330.8720978399468,
        330.8720978399468,
        330.8720978399467,
        314.3422090177881,
        285.9392014282246,
        314.34220901778815,
        302.22161815392775,
        269.4093126060659,
        285.69172933176907,
        285.6917293317691,
        285.6917293317691,
        285.6917293317691,
        285.6917293317691,
        285.6917293317691,
        285.69172933176907,
        269.4093126060659,
        257.28872174220555,
        269.40931260606595,
        269.4093126060659,
        285.6917293317691,
        220.34854284612956,
        269.4093126060659,
        219.21926656771672,
        285.6917293317691,
        285.69172933176907,
        190.5687868816977,
        175.4156464344074,
        174.28637015599452,
        190.5687868816977,
        168.7063185478126,
        140.05583886179357,
        92.41329484819634,
        123.77342213609042,
        123.77342213609042,
        73.58337609774118,
        140.05583886179357,
        73.58337609774118,
        28.650479686019015,
        44.93289641172217,
        95.1229424500714,
        63.76281516217733,
        95.1229424500714
    ],
    "index": 32,
    "threshold": 2,
    "weight2": 0,
    "weight1": 1,
    "heterogeneity": 0.7,
    "lambda": 50,
    "times": [
        46.177963,
        40.884783,
        38.628822,
        52.901283,
        32.464056,
        31.707694,
        29.251369,
        30.358155,
        28.967949,
        28.612587,
        28.407654,
        28.338956,
        28.428042,
        28.063231,
        28.238799,
        28.355106,
        28.345668,
        28.469189,
        37.71169,
        28.905142,
        27.625363,
        26.912684,
        26.334685,
        20.97437,
        21.048568,
        21.073234,
        21.342778,
        21.211622,
        19.360587,
        19.376347,
        18.800462,
        15.13519,
        15.226611,
        11.6633,
        11.708855,
        11.772223,
        11.770881,
        11.678688,
        11.806477,
        9.667264,
        7.538851,
        7.442722,
        7.393811,
        7.496131,
        10.596388
    ],
    "capacityMultiplier": 0.5,
    "strictness": 1.2,
    "runTime": 1048,
    "beta": 40
}