{
    "seed": 1,
    "scores": [
        314.3422090177881,
        314.34220901778815,
        314.3422090177881,
        314.34220901778815,
        285.9392014282246,
        314.3422090177881,
        314.3422090177881,
        314.34220901778804,
        314.34220901778815,
        302.22161815392775,
        302.22161815392775,
        302.22161815392775,
        285.69172933176907,
        285.9392014282246,
        285.9392014282246,
        285.6917293317691,
        285.9392014282246,
        250.5793938556108,
        285.69172933176907,
        240.75883292004693,
        285.69172933176907,
        250.57939385561076,
        257.28872174220555,
        203.8186540239709,
        240.75883292004693,
        240.75883292004693,
        240.75883292004693,
        240.75883292004693,
        203.8186540239709,
        205.6464974438886,
        240.75883292004693,
        145.6358904699755,
        140.05583886179357,
        140.05583886179357,
        80.29270398433599,
        45.180368508177665,
        123.77342213609042,
        28.650479686019015,
        95.1229424500714,
        44.93289641172217,
        28.650479686019015,
        44.93289641172217,
        95.1229424500714,
        63.76281516217733,
        95.1229424500714
    ],
    "index": 30,
    "threshold": 2,
    "weight2": 0,
    "weight1": 1,
    "heterogeneity": 0.7,
    "lambda": 50,
    "times": [
        46.394935,
        39.272851,
        36.740171,
        43.174804,
        32.804346,
        31.28483,
        31.382284,
        33.644464,
        31.224547,
        31.563063,
        31.415095,
        31.278138,
        30.42269,
        30.929353,
        28.642474,
        27.528131,
        28.217386,
        35.748618,
        30.328243,
        28.435676,
        26.643689,
        26.63372,
        26.594386,
        24.7768,
        24.571665,
        24.901435,
        23.650534,
        23.930049,
        18.995807,
        18.697055,
        15.158746,
        9.485304,
        9.40843,
        9.204417,
        9.194548,
        9.203045,
        9.207513,
        6.99787,
        7.011566,
        6.984906,
        6.988102,
        6.981439,
        6.981229,
        6.958146,
        14.934124
    ],
    "capacityMultiplier": 0.5,
    "strictness": 1.2,
    "runTime": 1034,
    "beta": 40
}