{
    "seed": 1,
    "scores": [
        330.8720978399468,
        330.8720978399468,
        330.8720978399467,
        330.8720978399467,
        330.8720978399467,
        330.8720978399467,
        285.69172933176907,
        302.22161815392775,
        302.22161815392775,
        285.6917293317691,
        285.6917293317691,
        285.6917293317691,
        285.69172933176907,
        285.6917293317691,
        285.6917293317691,
        285.6917293317691,
        250.57939385561076,
        269.4093126060659,
        285.69172933176907,
        285.6917293317691,
        285.69172933176907,
        269.4093126060659,
        269.4093126060659,
        250.57939385561076,
        207.09867570385632,
        250.57939385561076,
        269.40931260606595,
        269.4093126060659,
        168.7063185478126,
        203.8186540239709,
        174.28637015599452,
        221.92891416959174,
        187.53623729826774,
        145.6358904699755,
        126.80597171952034,
        145.6358904699755,
        158.88575761224874,
        145.6358904699755,
        63.76281516217733,
        81.87307530779817,
        44.93289641172217,
        28.650479686019015,
        28.650479686019015,
        44.93289641172217,
        44.93289641172217
    ],
    "index": 39,
    "threshold": 2,
    "weight2": 0,
    "weight1": 1,
    "heterogeneity": 0.7,
    "lambda": 50,
    "times": [
        46.316987,
        39.581708,
        36.985407,
        43.758045,
        32.118101,
        30.75575,
        28.473604,
        29.300156,
        28.839116,
        27.754353,
        27.663594,
        27.824144,
        27.749174,
        27.614673,
        27.411715,
        27.326365,
        27.131822,
        27.112487,
        43.333985,
        27.676519,
        27.526308,
        25.316878,
        25.522231,
        24.429343,
        23.276513,
        22.930539,
        23.106897,
        23.08691,
        21.753805,
        18.264067,
        14.693289,
        14.724657,
        14.551054,
        13.404756,
        13.346748,
        11.326671,
        11.252392,
        9.38497,
        7.133211,
        7.088117,
        7.253726,
        7.137419,
        7.146617,
        7.129294,
        23.626517
    ],
    "capacityMultiplier": 0.5,
    "strictness": 1.2,
    "runTime": 1039,
    "beta": 40
}