{
    "seed": 1,
    "scores": [
        330.8720978399468,
        330.8720978399467,
        330.8720978399467,
        330.8720978399468,
        330.8720978399468,
        330.8720978399468,
        285.9392014282246,
        302.2216181539277,
        285.69172933176907,
        314.3422090177881,
        285.6917293317691,
        285.6917293317691,
        285.6917293317691,
        285.6917293317691,
        285.6917293317691,
        285.69172933176907,
        285.69172933176907,
        285.69172933176907,
        285.69172933176907,
        285.6917293317691,
        285.69172933176907,
        257.28872174220555,
        269.4093126060659,
        269.4093126060659,
        269.40931260606595,
        269.40931260606595,
        232.46913370998993,
        250.57939385561076,
        250.5793938556108,
        240.7588329200469,
        205.64649744388862,
        205.64649744388862,
        175.4156464344074,
        176.9960177578696,
        140.05583886179357,
        126.80597171952034,
        158.88575761224874,
        126.80597171952034,
        63.76281516217733,
        81.87307530779817,
        44.93289641172217,
        28.650479686019015,
        28.650479686019015,
        44.93289641172217,
        44.93289641172217
    ],
    "index": 37,
    "threshold": 2,
    "weight2": 0,
    "weight1": 1,
    "heterogeneity": 0.7,
    "lambda": 50,
    "times": [
        46.561444,
        41.354719,
        38.701899,
        46.67145,
        32.49964,
        31.460302,
        29.655541,
        28.663372,
        28.723123,
        28.527337,
        27.958311,
        28.25189,
        28.108773,
        28.250499,
        28.00066,
        28.231472,
        28.161031,
        26.832421,
        39.823521,
        29.285047,
        28.105727,
        25.490908,
        25.1932,
        24.467301,
        24.659551,
        24.741895,
        24.711138,
        24.67001,
        23.198343,
        19.233375,
        17.629208,
        18.237098,
        17.337853,
        13.334102,
        13.34341,
        13.462182,
        11.596376,
        9.39389,
        7.28611,
        7.236258,
        7.27511,
        11.415838,
        7.15784,
        7.113428,
        7.238131
    ],
    "capacityMultiplier": 0.5,
    "strictness": 1.2,
    "runTime": 1059,
    "beta": 40
}