{
    "seed": 1,
    "scores": [
        314.34220901778815,
        314.34220901778815,
        302.2216181539277,
        314.3422090177881,
        314.34220901778815,
        314.34220901778815,
        314.34220901778815,
        269.4093126060659,
        285.6917293317691,
        285.69172933176907,
        285.69172933176907,
        285.69172933176907,
        285.69172933176907,
        285.6917293317691,
        285.69172933176907,
        285.69172933176907,
        285.6917293317691,
        257.28872174220555,
        240.75883292004693,
        285.69172933176907,
        285.69172933176907,
        240.75883292004693,
        240.75883292004693,
        269.40931260606595,
        250.5793938556108,
        221.92891416959176,
        240.7588329200469,
        221.92891416959174,
        193.52590658002825,
        240.7588329200469,
        190.5687868816977,
        174.28637015599452,
        111.65283127223006,
        158.88575761224874,
        92.41329484819634,
        123.77342213609042,
        45.180368508177665,
        61.46278523388082,
        61.46278523388082,
        92.41329484819634,
        16.529888822158654,
        63.76281516217733,
        44.93289641172217,
        95.1229424500714,
        0
    ],
    "index": 15,
    "threshold": 2,
    "weight2": 0,
    "weight1": 1,
    "heterogeneity": 0.7,
    "lambda": 50,
    "times": [
        46.27138,
        41.072766,
        38.804527,
        46.916796,
        32.541925,
        31.058975,
        32.794037,
        30.114329,
        30.312329,
        30.319684,
        30.331615,
        30.641494,
        29.20473,
        28.930748,
        28.888289,
        28.807287,
        28.974479,
        43.834487,
        30.472539,
        29.935385,
        27.137547,
        26.449542,
        25.873486,
        26.520164,
        26.019749,
        23.46778,
        23.104592,
        19.165111,
        15.941798,
        15.559503,
        12.429164,
        12.067919,
        11.419037,
        9.357885,
        11.423035,
        11.239652,
        9.471548,
        9.330464,
        9.378845,
        9.378714,
        7.237784,
        7.210313,
        16.946696,
        7.140933,
        9.558451
    ],
    "capacityMultiplier": 0.5,
    "strictness": 1.2,
    "runTime": 1053,
    "beta": 40
}