{
    "seed": 1,
    "scores": [
        302.22161815392775,
        314.34220901778815,
        314.34220901778815,
        314.34220901778815,
        302.22161815392775,
        302.22161815392775,
        302.2216181539277,
        302.22161815392775,
        314.34220901778815,
        314.3422090177881,
        314.3422090177881,
        285.69172933176907,
        314.34220901778804,
        302.22161815392775,
        314.34220901778815,
        269.4093126060659,
        285.69172933176907,
        269.4093126060659,
        240.7588329200469,
        240.75883292004693,
        222.17638626604727,
        240.7588329200469,
        240.75883292004693,
        220.34854284612956,
        269.4093126060659,
        240.7588329200469,
        285.6917293317691,
        221.92891416959176,
        174.28637015599452,
        125.22560039605816,
        137.34619125991853,
        145.6358904699755,
        140.05583886179357,
        140.05583886179357,
        80.29270398433599,
        45.180368508177665,
        123.77342213609042,
        28.650479686019015,
        95.1229424500714,
        44.93289641172217,
        28.650479686019015,
        44.93289641172217,
        95.1229424500714,
        63.76281516217733,
        95.1229424500714
    ],
    "index": 22,
    "threshold": 2,
    "weight2": 0,
    "weight1": 1,
    "heterogeneity": 0.7,
    "lambda": 50,
    "times": [
        45.1552,
        39.021867,
        36.481014,
        76.731118,
        30.925531,
        30.223047,
        30.670314,
        31.784068,
        30.21395,
        30.366225,
        30.32622,
        29.572239,
        29.281185,
        29.180317,
        29.197448,
        32.662501,
        34.802844,
        41.672595,
        25.580382,
        25.229475,
        25.467701,
        25.428127,
        25.417809,
        24.625676,
        24.164623,
        24.318762,
        20.120589,
        15.624118,
        12.833007,
        12.537734,
        12.426746,
        9.503858,
        9.463123,
        9.555325,
        9.426043,
        9.585221,
        9.465387,
        7.197624,
        7.183859,
        7.166606,
        7.153192,
        7.04558,
        7.080294,
        7.042123,
        7.160745
    ],
    "capacityMultiplier": 0.5,
    "strictness": 1.2,
    "runTime": 1026,
    "beta": 40
}