{
    "seed": 1,
    "scores": [
        314.34220901778804,
        314.34220901778815,
        314.3422090177881,
        314.34220901778815,
        314.3422090177881,
        302.22161815392775,
        302.22161815392775,
        314.3422090177881,
        302.22161815392775,
        302.22161815392775,
        269.4093126060659,
        285.69172933176907,
        314.3422090177881,
        285.69172933176907,
        285.6917293317691,
        269.40931260606595,
        257.28872174220555,
        257.28872174220555,
        250.57939385561076,
        285.69172933176907,
        285.6917293317691,
        250.57939385561076,
        232.46913370998993,
        240.75883292004693,
        240.75883292004693,
        174.28637015599452,
        203.8186540239709,
        221.92891416959176,
        162.16577929213418,
        203.8186540239709,
        145.6358904699755,
        221.92891416959174,
        187.53623729826774,
        145.6358904699755,
        190.56878688169766,
        123.77342213609042,
        111.65283127223006,
        45.180368508177665,
        140.05583886179357,
        44.93289641172217,
        28.650479686019015,
        44.93289641172217,
        95.1229424500714,
        63.76281516217733,
        95.1229424500714
    ],
    "index": 2,
    "threshold": 2,
    "weight2": 0,
    "weight1": 1,
    "heterogeneity": 0.7,
    "lambda": 50,
    "times": [
        46.154259,
        40.015595,
        37.436872,
        55.416395,
        34.001465,
        32.477715,
        36.628249,
        30.071544,
        29.377576,
        28.208157,
        28.201986,
        27.710147,
        27.891034,
        27.320878,
        27.324886,
        27.319736,
        32.144221,
        35.174921,
        50.503294,
        30.798203,
        28.841402,
        27.835721,
        23.56386,
        23.311338,
        19.031201,
        18.184758,
        18.335429,
        18.297718,
        17.728774,
        17.904684,
        14.664583,
        14.857223,
        14.391491,
        14.237463,
        14.760893,
        9.63872,
        9.901121,
        10.131503,
        10.234114,
        7.211861,
        7.081397,
        7.12582,
        7.169862,
        7.160235,
        7.13662
    ],
    "capacityMultiplier": 0.5,
    "strictness": 1.2,
    "runTime": 1053,
    "beta": 40
}