{
    "seed": 1,
    "scores": [
        330.8720978399468,
        330.87209783994683,
        330.8720978399467,
        330.87209783994683,
        330.8720978399467,
        330.8720978399468,
        285.9392014282246,
        285.69172933176907,
        302.22161815392775,
        314.3422090177881,
        285.69172933176907,
        285.6917293317691,
        285.6917293317691,
        285.6917293317691,
        285.69172933176907,
        269.4093126060659,
        285.69172933176907,
        285.69172933176907,
        285.6917293317691,
        285.69172933176907,
        285.6917293317691,
        285.6917293317691,
        250.57939385561076,
        285.69172933176907,
        232.4691337099899,
        204.06612612042642,
        205.64649744388862,
        222.17638626604725,
        250.57939385561076,
        285.69172933176907,
        221.92891416959174,
        175.4156464344074,
        126.80597171952034,
        92.41329484819634,
        176.9960177578696,
        140.05583886179357,
        126.80597171952034,
        111.65283127223006,
        28.650479686019015,
        16.529888822158654,
        81.87307530779817,
        95.1229424500714,
        81.87307530779817,
        28.650479686019015,
        16.529888822158654
    ],
    "index": 36,
    "threshold": 2,
    "weight2": 0,
    "weight1": 1,
    "heterogeneity": 0.7,
    "lambda": 50,
    "times": [
        45.995995,
        40.383979,
        38.312348,
        44.493317,
        32.48009,
        31.582543,
        29.332169,
        29.39214,
        28.399776,
        28.533646,
        28.388325,
        27.971896,
        28.422238,
        28.204962,
        28.628773,
        28.231231,
        26.617846,
        26.65217,
        32.003299,
        28.671623,
        28.20946,
        26.626553,
        21.533907,
        20.104897,
        20.591977,
        20.341249,
        19.724055,
        20.216876,
        20.077045,
        20.472043,
        18.975637,
        17.492355,
        13.444882,
        11.569999,
        11.413527,
        11.435418,
        11.507182,
        9.384154,
        7.110346,
        7.076272,
        7.283941,
        7.099866,
        7.140933,
        7.137697,
        7.228697
    ],
    "capacityMultiplier": 0.5,
    "strictness": 1.2,
    "runTime": 1005,
    "beta": 40
}