{
    "seed": 1,
    "scores": [
        314.34220901778815,
        314.34220901778815,
        314.34220901778815,
        302.2216181539277,
        314.3422090177881,
        314.3422090177881,
        314.34220901778815,
        285.69172933176907,
        285.69172933176907,
        285.6917293317691,
        285.6917293317691,
        285.6917293317691,
        285.6917293317691,
        285.69172933176907,
        285.6917293317691,
        285.69172933176907,
        302.2216181539277,
        269.40931260606595,
        285.69172933176907,
        285.6917293317691,
        285.69172933176907,
        240.75883292004693,
        240.7588329200469,
        250.5793938556108,
        240.75883292004693,
        203.8186540239709,
        240.7588329200469,
        240.75883292004693,
        221.92891416959176,
        190.56878688169766,
        168.7063185478126,
        221.92891416959176,
        174.28637015599452,
        110.52355499381719,
        140.05583886179357,
        126.80597171952034,
        108.6957115738995,
        176.9960177578696,
        63.76281516217733,
        81.87307530779817,
        44.93289641172217,
        28.650479686019015,
        28.650479686019015,
        44.93289641172217,
        44.93289641172217
    ],
    "index": 17,
    "threshold": 2,
    "weight2": 0,
    "weight1": 1,
    "heterogeneity": 0.7,
    "lambda": 50,
    "times": [
        45.905862,
        40.580032,
        38.388559,
        55.493803,
        32.034243,
        31.029741,
        32.706855,
        30.720786,
        30.415197,
        30.416139,
        30.138912,
        30.554416,
        29.990175,
        29.794661,
        29.873779,
        34.725927,
        35.547507,
        54.208699,
        29.760488,
        27.825092,
        25.845805,
        25.072725,
        25.270614,
        24.638606,
        24.068384,
        24.00144,
        24.027949,
        24.123426,
        18.804258,
        18.762861,
        18.708439,
        17.331404,
        14.951782,
        9.32998,
        11.34875,
        11.352096,
        9.338355,
        9.295837,
        7.127837,
        7.077994,
        13.842405,
        7.390147,
        7.293546,
        7.226842,
        7.282536
    ],
    "capacityMultiplier": 0.5,
    "strictness": 1.2,
    "runTime": 1093,
    "beta": 40
}