{
    "seed": 1,
    "scores": [
        285.69172933176907,
        302.2216181539277,
        314.34220901778815,
        314.34220901778815,
        314.3422090177881,
        285.6917293317691,
        302.2216181539277,
        302.2216181539277,
        314.34220901778804,
        302.22161815392775,
        302.22161815392775,
        314.3422090177881,
        285.9392014282246,
        285.6917293317691,
        285.6917293317691,
        285.69172933176907,
        285.69172933176907,
        285.69172933176907,
        285.9392014282246,
        302.2216181539277,
        285.69172933176907,
        250.5793938556108,
        257.28872174220555,
        250.57939385561076,
        240.7588329200469,
        250.5793938556108,
        240.7588329200469,
        250.57939385561076,
        221.92891416959174,
        126.80597171952034,
        123.77342213609042,
        176.9960177578696,
        158.88575761224874,
        126.80597171952034,
        108.6957115738995,
        110.52355499381719,
        158.88575761224874,
        81.87307530779817,
        63.76281516217733,
        81.87307530779817,
        44.93289641172217,
        28.650479686019015,
        28.650479686019015,
        44.93289641172217,
        44.93289641172217
    ],
    "index": 24,
    "threshold": 2,
    "weight2": 0,
    "weight1": 1,
    "heterogeneity": 0.7,
    "lambda": 50,
    "times": [
        45.668602,
        39.350749,
        37.484697,
        43.262669,
        31.312797,
        30.269495,
        31.931125,
        30.147887,
        30.189545,
        30.258654,
        29.947692,
        30.424565,
        29.635578,
        29.821857,
        29.645968,
        28.202557,
        28.555778,
        34.14102,
        30.414406,
        30.323686,
        27.374427,
        27.693815,
        25.721974,
        25.839305,
        24.125768,
        24.384933,
        21.577649,
        21.812619,
        18.136691,
        13.426706,
        13.538966,
        11.53711,
        11.471597,
        11.584589,
        9.28208,
        9.30353,
        9.491061,
        7.301393,
        7.328424,
        7.275275,
        7.276958,
        7.281075,
        7.276688,
        7.14449,
        10.7356
    ],
    "capacityMultiplier": 0.5,
    "strictness": 1.2,
    "runTime": 1018,
    "beta": 40
}