{
    "seed": 1,
    "scores": [
        330.8720978399467,
        330.8720978399468,
        330.87209783994683,
        330.8720978399467,
        330.8720978399468,
        330.8720978399468,
        302.2216181539277,
        314.34220901778815,
        302.22161815392775,
        285.9392014282246,
        285.6917293317691,
        285.6917293317691,
        269.4093126060659,
        269.4093126060659,
        285.6917293317691,
        285.69172933176907,
        285.6917293317691,
        285.69172933176907,
        285.6917293317691,
        269.40931260606595,
        285.69172933176907,
        285.69172933176907,
        222.17638626604725,
        250.57939385561076,
        222.17638626604725,
        240.75883292004693,
        269.4093126060659,
        269.4093126060659,
        238.4588029917504,
        187.53623729826776,
        175.4156464344074,
        221.92891416959176,
        205.64649744388862,
        175.4156464344074,
        176.9960177578696,
        158.88575761224874,
        81.87307530779817,
        63.76281516217733,
        81.87307530779817,
        95.1229424500714,
        63.76281516217733,
        81.87307530779817,
        16.529888822158654,
        16.529888822158654,
        63.76281516217733
    ],
    "index": 33,
    "threshold": 2,
    "weight2": 0,
    "weight1": 1,
    "heterogeneity": 0.7,
    "lambda": 50,
    "times": [
        46.493108,
        40.345095,
        37.838023,
        53.692625,
        35.047982,
        33.894637,
        31.976926,
        30.903831,
        30.82297,
        30.529592,
        29.957062,
        29.969726,
        30.390162,
        30.401382,
        30.10547,
        32.166349,
        38.6983,
        35.530723,
        38.980477,
        28.813036,
        27.653771,
        26.893371,
        26.923858,
        26.949535,
        25.526037,
        24.884007,
        25.316847,
        25.242888,
        24.872266,
        23.862389,
        23.073005,
        23.705296,
        19.255524,
        17.349776,
        11.484992,
        9.256269,
        7.162327,
        7.229943,
        7.149053,
        12.029909,
        7.668113,
        7.707706,
        7.689983,
        7.643326,
        7.523592
    ],
    "capacityMultiplier": 0.5,
    "strictness": 1.2,
    "runTime": 1130,
    "beta": 40
}