{
    "seed": 1,
    "scores": [
        314.3422090177881,
        314.3422090177881,
        314.34220901778815,
        314.34220901778815,
        314.34220901778815,
        314.3422090177881,
        314.3422090177881,
        285.6917293317691,
        285.6917293317691,
        269.4093126060659,
        285.6917293317691,
        285.6917293317691,
        269.4093126060659,
        269.4093126060659,
        285.69172933176907,
        285.69172933176907,
        285.9392014282246,
        240.75883292004693,
        250.57939385561076,
        285.6917293317691,
        269.4093126060659,
        240.75883292004693,
        240.7588329200469,
        240.7588329200469,
        240.75883292004693,
        190.5687868816977,
        221.92891416959174,
        190.5687868816977,
        190.5687868816977,
        187.53623729826776,
        143.33586054167898,
        190.5687868816977,
        168.7063185478126,
        158.88575761224874,
        145.6358904699755,
        158.88575761224874,
        98.40296412995683,
        80.29270398433599,
        126.80597171952034,
        158.88575761224874,
        63.76281516217733,
        81.87307530779817,
        16.529888822158654,
        16.529888822158654,
        0
    ],
    "index": 13,
    "threshold": 2,
    "weight2": 0,
    "weight1": 1,
    "heterogeneity": 0.7,
    "lambda": 50,
    "times": [
        46.004063,
        40.175756,
        37.27384,
        47.010595,
        31.436176,
        30.286356,
        30.30962,
        30.29914,
        29.338995,
        28.93012,
        28.082666,
        27.982068,
        27.488385,
        27.784869,
        25.916035,
        25.738823,
        26.413956,
        24.954216,
        35.00049,
        27.157526,
        26.59295,
        24.258135,
        23.818473,
        23.846185,
        20.30309,
        15.99187,
        15.808036,
        15.93881,
        15.955783,
        14.982343,
        14.989957,
        14.450398,
        13.971242,
        11.528525,
        11.253781,
        11.069146,
        9.291081,
        9.251166,
        9.070489,
        9.139578,
        6.99614,
        7.066352,
        7.033421,
        6.978637,
        9.314145
    ],
    "capacityMultiplier": 0.5,
    "strictness": 1.2,
    "runTime": 976,
    "beta": 40
}