{
    "seed": 1,
    "scores": [
        314.3422090177881,
        314.3422090177881,
        302.22161815392775,
        314.3422090177881,
        314.3422090177881,
        302.22161815392775,
        285.9392014282246,
        267.1092826777694,
        302.2216181539277,
        314.34220901778815,
        314.3422090177881,
        285.6917293317691,
        285.69172933176907,
        285.69172933176907,
        285.69172933176907,
        269.40931260606595,
        285.69172933176907,
        285.6917293317691,
        285.6917293317691,
        285.6917293317691,
        269.4093126060659,
        240.75883292004693,
        285.69172933176907,
        285.6917293317691,
        257.28872174220555,
        240.7588329200469,
        221.92891416959176,
        193.52590658002822,
        205.6464974438886,
        203.8186540239709,
        175.4156464344074,
        240.75883292004693,
        205.6464974438886,
        190.5687868816977,
        158.88575761224874,
        110.52355499381719,
        158.88575761224874,
        28.650479686019015,
        140.05583886179357,
        44.93289641172217,
        28.650479686019015,
        44.93289641172217,
        95.1229424500714,
        63.76281516217733,
        95.1229424500714
    ],
    "index": 1,
    "threshold": 2,
    "weight2": 0,
    "weight1": 1,
    "heterogeneity": 0.7,
    "lambda": 50,
    "times": [
        45.358979,
        40.121561,
        37.280898,
        40.655788,
        31.505426,
        29.627089,
        29.670862,
        30.696235,
        29.823526,
        29.871275,
        29.719262,
        28.905502,
        28.024809,
        27.969835,
        27.908562,
        27.804808,
        27.563436,
        27.576291,
        35.363829,
        29.862258,
        27.596118,
        27.143723,
        25.900102,
        26.422527,
        24.633136,
        22.945706,
        21.854108,
        21.457618,
        21.050959,
        20.554563,
        19.662847,
        19.613235,
        16.508819,
        14.609243,
        14.218403,
        11.185793,
        11.133545,
        8.742331,
        19.273752,
        7.351845,
        7.267006,
        7.332799,
        7.270603,
        7.161269,
        7.168333
    ],
    "capacityMultiplier": 0.5,
    "strictness": 1.2,
    "runTime": 1053,
    "beta": 40
}