{
    "seed": 1,
    "scores": [
        330.8720978399468,
        330.8720978399467,
        330.8720978399468,
        330.8720978399467,
        330.8720978399468,
        330.8720978399468,
        302.22161815392775,
        314.3422090177881,
        285.6917293317691,
        285.6917293317691,
        285.69172933176907,
        285.69172933176907,
        285.6917293317691,
        285.69172933176907,
        285.69172933176907,
        285.69172933176907,
        285.6917293317691,
        285.69172933176907,
        285.6917293317691,
        269.4093126060659,
        285.6917293317691,
        285.6917293317691,
        285.6917293317691,
        257.28872174220555,
        285.6917293317691,
        257.28872174220555,
        240.7588329200469,
        240.75883292004693,
        285.69172933176907,
        240.75883292004693,
        240.75883292004693,
        203.8186540239709,
        190.56878688169766,
        240.75883292004693,
        156.58572768395223,
        80.29270398433599,
        110.52355499381719,
        108.6957115738995,
        16.529888822158654,
        28.650479686019015,
        95.1229424500714,
        16.529888822158654,
        63.76281516217733,
        81.87307530779817,
        28.650479686019015
    ],
    "index": 38,
    "threshold": 2,
    "weight2": 0,
    "weight1": 1,
    "heterogeneity": 0.7,
    "lambda": 50,
    "times": [
        45.681074,
        40.051908,
        37.718813,
        54.334944,
        31.526878,
        30.60507,
        29.785044,
        28.315276,
        27.758288,
        27.60428,
        27.295255,
        27.726569,
        27.655295,
        27.701442,
        27.832786,
        26.507328,
        26.505564,
        26.03122,
        41.51814,
        28.309314,
        26.632771,
        25.218246,
        25.158595,
        25.086461,
        25.018263,
        25.030817,
        24.730227,
        24.698839,
        24.72658,
        23.031983,
        22.2307,
        17.911115,
        17.971577,
        18.328913,
        14.661401,
        9.423313,
        9.410029,
        17.615434,
        7.122217,
        7.178442,
        7.197397,
        7.094215,
        7.17735,
        7.063388,
        7.148146
    ],
    "capacityMultiplier": 0.5,
    "strictness": 1.2,
    "runTime": 1067,
    "beta": 40
}