{
    "seed": 1,
    "scores": [
        330.8720978399468,
        330.8720978399467,
        330.8720978399467,
        330.8720978399468,
        330.8720978399467,
        330.8720978399468,
        314.3422090177881,
        285.9392014282246,
        314.34220901778815,
        314.34220901778815,
        285.6917293317691,
        285.6917293317691,
        285.69172933176907,
        285.69172933176907,
        285.69172933176907,
        285.6917293317691,
        285.6917293317691,
        285.6917293317691,
        285.6917293317691,
        285.6917293317691,
        269.4093126060659,
        285.69172933176907,
        285.69172933176907,
        257.28872174220555,
        285.69172933176907,
        269.4093126060659,
        240.7588329200469,
        240.75883292004693,
        285.69172933176907,
        220.34854284612956,
        203.8186540239709,
        221.92891416959174,
        175.4156464344074,
        203.8186540239709,
        108.6957115738995,
        110.52355499381719,
        123.77342213609042,
        73.58337609774118,
        95.1229424500714,
        44.93289641172217,
        28.650479686019015,
        44.93289641172217,
        95.1229424500714,
        63.76281516217733,
        95.1229424500714
    ],
    "index": 31,
    "threshold": 2,
    "weight2": 0,
    "weight1": 1,
    "heterogeneity": 0.7,
    "lambda": 50,
    "times": [
        47.370624,
        40.130485,
        37.747845,
        45.622149,
        34.465316,
        33.01072,
        32.064453,
        30.521302,
        29.075712,
        28.17969,
        27.748253,
        27.926717,
        27.554992,
        27.731893,
        28.055908,
        27.893044,
        27.697679,
        27.672813,
        41.549875,
        29.821996,
        28.236786,
        27.592733,
        27.740028,
        25.58798,
        24.890046,
        24.774331,
        24.720801,
        24.835605,
        24.21175,
        23.171207,
        22.253142,
        18.794995,
        17.374573,
        16.882053,
        11.35385,
        11.330497,
        9.381418,
        15.547692,
        7.639635,
        7.668228,
        7.618476,
        7.56744,
        7.536913,
        7.691482,
        7.645697
    ],
    "capacityMultiplier": 0.5,
    "strictness": 1.2,
    "runTime": 1083,
    "beta": 40
}