{
    "seed": 1,
    "scores": [
        330.8720978399467,
        330.8720978399468,
        330.8720978399467,
        330.8720978399467,
        330.8720978399467,
        330.8720978399467,
        314.34220901778815,
        302.2216181539277,
        314.3422090177881,
        285.6917293317691,
        285.6917293317691,
        285.69172933176907,
        285.69172933176907,
        285.6917293317691,
        285.6917293317691,
        285.69172933176907,
        285.69172933176907,
        285.6917293317691,
        285.6917293317691,
        285.6917293317691,
        285.69172933176907,
        232.46913370998993,
        257.28872174220555,
        250.57939385561076,
        207.09867570385634,
        250.5793938556108,
        285.69172933176907,
        285.6917293317691,
        204.06612612042642,
        221.92891416959176,
        205.64649744388862,
        221.92891416959174,
        187.53623729826774,
        190.5687868816977,
        221.92891416959176,
        145.6358904699755,
        158.88575761224874,
        110.52355499381719,
        63.76281516217733,
        81.87307530779817,
        44.93289641172217,
        28.650479686019015,
        28.650479686019015,
        44.93289641172217,
        44.93289641172217
    ],
    "index": 34,
    "threshold": 2,
    "weight2": 0,
    "weight1": 1,
    "heterogeneity": 0.7,
    "lambda": 50,
    "times": [
        47.137984,
        41.24751,
        38.186747,
        45.530648,
        31.972399,
        30.862242,
        30.454691,
        28.076374,
        28.151585,
        27.751296,
        27.41596,
        27.869768,
        27.548006,
        27.725217,
        27.644487,
        27.573995,
        27.388949,
        27.694289,
        43.295148,
        28.011172,
        26.967431,
        25.376947,
        20.965399,
        20.421792,
        20.340851,
        20.049777,
        20.02495,
        20.006796,
        20.05702,
        18.515408,
        18.174671,
        17.727615,
        17.75691,
        17.997048,
        14.792106,
        11.414702,
        9.341065,
        9.404844,
        7.272568,
        7.211313,
        7.149778,
        7.205762,
        14.700064,
        7.155439,
        7.240237
    ],
    "capacityMultiplier": 0.5,
    "strictness": 1.2,
    "runTime": 1028,
    "beta": 40
}