{
    "seed": 1,
    "scores": [
        330.8720978399467,
        330.8720978399468,
        330.8720978399468,
        330.8720978399467,
        330.8720978399467,
        330.8720978399467,
        314.3422090177881,
        285.9392014282246,
        314.34220901778815,
        285.69172933176907,
        285.69172933176907,
        285.69172933176907,
        285.69172933176907,
        285.6917293317691,
        285.6917293317691,
        285.6917293317691,
        285.6917293317691,
        285.6917293317691,
        285.6917293317691,
        238.4588029917504,
        269.4093126060659,
        232.46913370998993,
        257.28872174220555,
        285.6917293317691,
        238.45880299175042,
        221.92891416959176,
        257.28872174220555,
        257.28872174220555,
        222.17638626604725,
        285.6917293317691,
        221.92891416959174,
        205.64649744388862,
        175.4156464344074,
        175.4156464344074,
        73.58337609774118,
        176.9960177578696,
        80.29270398433599,
        98.40296412995683,
        44.93289641172217,
        63.76281516217733,
        16.529888822158654,
        63.76281516217733,
        44.93289641172217,
        95.1229424500714,
        81.87307530779817
    ],
    "index": 35,
    "threshold": 2,
    "weight2": 0,
    "weight1": 1,
    "heterogeneity": 0.7,
    "lambda": 50,
    "times": [
        46.451292,
        40.01918,
        37.238454,
        44.473018,
        32.165327,
        31.226789,
        29.817993,
        28.664763,
        27.938453,
        27.919969,
        27.775338,
        28.032309,
        27.443627,
        27.725155,
        27.991553,
        27.847914,
        28.051906,
        26.694415,
        46.402701,
        27.533826,
        26.050269,
        25.090272,
        24.805889,
        24.73153,
        24.774591,
        24.246362,
        23.63165,
        23.670163,
        22.414933,
        22.234725,
        21.081727,
        17.907886,
        17.945415,
        14.949357,
        11.388681,
        9.423642,
        9.439662,
        9.466432,
        7.212122,
        7.144987,
        18.189502,
        7.223754,
        7.315075,
        7.245134,
        7.281952
    ],
    "capacityMultiplier": 0.5,
    "strictness": 1.2,
    "runTime": 1056,
    "beta": 40
}