{
    "seed": 1,
    "scores": [
        302.22161815392775,
        314.34220901778815,
        314.34220901778815,
        314.34220901778815,
        302.22161815392775,
        302.22161815392775,
        302.22161815392775,
        302.22161815392775,
        314.34220901778815,
        285.69172933176907,
        285.9392014282246,
        314.34220901778815,
        285.9392014282246,
        285.69172933176907,
        285.69172933176907,
        285.6917293317691,
        285.69172933176907,
        285.6917293317691,
        285.6917293317691,
        250.57939385561076,
        250.5793938556108,
        257.28872174220555,
        285.69172933176907,
        240.75883292004693,
        240.75883292004693,
        221.92891416959174,
        240.75883292004693,
        205.6464974438886,
        240.75883292004693,
        221.92891416959176,
        176.9960177578696,
        145.6358904699755,
        126.80597171952034,
        123.77342213609042,
        176.9960177578696,
        140.05583886179357,
        126.80597171952034,
        111.65283127223006,
        73.58337609774118,
        16.529888822158654,
        81.87307530779817,
        95.1229424500714,
        81.87307530779817,
        28.650479686019015,
        16.529888822158654
    ],
    "index": 26,
    "threshold": 2,
    "weight2": 0,
    "weight1": 1,
    "heterogeneity": 0.7,
    "lambda": 50,
    "times": [
        45.625058,
        39.328376,
        37.58194,
        42.600277,
        31.587141,
        30.097574,
        30.65364,
        31.672911,
        30.126528,
        29.933758,
        29.063585,
        29.099001,
        28.294872,
        28.411089,
        28.189205,
        28.028915,
        28.426196,
        27.448604,
        35.901506,
        30.023515,
        27.251215,
        27.507032,
        26.822396,
        25.976128,
        26.109828,
        24.654935,
        23.26873,
        22.334026,
        21.892142,
        20.309421,
        16.602579,
        16.561372,
        13.612323,
        13.46565,
        13.538265,
        13.354192,
        13.623685,
        9.364903,
        9.541472,
        10.695354,
        7.221306,
        7.192001,
        7.161844,
        7.202941,
        7.165081
    ],
    "capacityMultiplier": 0.5,
    "strictness": 1.2,
    "runTime": 1054,
    "beta": 40
}