{
    "seed": 1,
    "scores": [
        314.3422090177881,
        314.34220901778815,
        314.34220901778815,
        314.34220901778815,
        314.34220901778815,
        302.2216181539277,
        302.22161815392775,
        314.3422090177881,
        302.22161815392775,
        302.2216181539277,
        285.9392014282246,
        285.6917293317691,
        285.6917293317691,
        285.6917293317691,
        285.69172933176907,
        269.4093126060659,
        285.69172933176907,
        269.4093126060659,
        285.6917293317691,
        240.7588329200469,
        222.17638626604727,
        221.92891416959174,
        240.75883292004693,
        240.75883292004693,
        240.75883292004693,
        240.75883292004693,
        240.75883292004693,
        240.7588329200469,
        221.92891416959174,
        240.75883292004693,
        240.75883292004693,
        205.6464974438886,
        162.16577929213418,
        176.9960177578696,
        176.9960177578696,
        176.9960177578696,
        145.6358904699755,
        140.05583886179357,
        45.180368508177665,
        16.529888822158654,
        81.87307530779817,
        95.1229424500714,
        81.87307530779817,
        28.650479686019015,
        16.529888822158654
    ],
    "index": 6,
    "threshold": 2,
    "weight2": 0,
    "weight1": 1,
    "heterogeneity": 0.7,
    "lambda": 50,
    "times": [
        45.791055,
        39.481327,
        37.396553,
        67.04862,
        32.594489,
        29.921141,
        30.377306,
        30.951351,
        30.263653,
        30.090138,
        29.984851,
        29.446583,
        29.570204,
        29.353619,
        28.648167,
        28.544744,
        27.653865,
        27.268102,
        44.694502,
        29.053747,
        27.962323,
        26.383175,
        26.52464,
        26.391731,
        26.596765,
        26.450191,
        26.079817,
        24.66154,
        22.763305,
        22.283827,
        21.390083,
        21.445757,
        17.292098,
        16.943064,
        17.045245,
        16.431756,
        19.403002,
        10.236603,
        9.581636,
        7.367289,
        7.402915,
        7.432942,
        7.520175,
        7.261961,
        7.27706
    ],
    "capacityMultiplier": 0.5,
    "strictness": 1.2,
    "runTime": 1128,
    "beta": 40
}