{
    "seed": 1,
    "scores": [
        314.34220901778815,
        314.3422090177881,
        302.22161815392775,
        314.3422090177881,
        314.34220901778815,
        314.34220901778815,
        314.34220901778815,
        269.4093126060659,
        285.6917293317691,
        285.6917293317691,
        285.6917293317691,
        285.6917293317691,
        285.69172933176907,
        285.69172933176907,
        285.69172933176907,
        240.75883292004693,
        285.69172933176907,
        285.6917293317691,
        257.28872174220555,
        257.28872174220555,
        285.6917293317691,
        240.75883292004693,
        240.75883292004693,
        285.6917293317691,
        257.28872174220555,
        240.75883292004693,
        240.7588329200469,
        240.75883292004693,
        240.75883292004693,
        240.7588329200469,
        187.53623729826774,
        190.5687868816977,
        205.6464974438886,
        140.05583886179357,
        145.6358904699755,
        92.41329484819634,
        176.9960177578696,
        73.58337609774118,
        111.65283127223006,
        73.58337609774118,
        28.650479686019015,
        44.93289641172217,
        95.1229424500714,
        0,
        0
    ],
    "index": 11,
    "threshold": 2,
    "weight2": 0,
    "weight1": 1,
    "heterogeneity": 0.7,
    "lambda": 50,
    "times": [
        46.605922,
        40.076294,
        37.313678,
        45.320593,
        32.24145,
        30.846546,
        31.819102,
        30.197415,
        29.903216,
        28.300233,
        28.17525,
        28.513301,
        27.783178,
        27.750066,
        28.015783,
        27.078002,
        27.777698,
        27.615695,
        47.803046,
        30.136962,
        28.281959,
        25.928847,
        25.94615,
        26.278249,
        25.203874,
        23.691842,
        23.844146,
        23.679429,
        22.364875,
        21.883987,
        17.021943,
        15.229106,
        14.638754,
        11.501488,
        11.67422,
        11.49707,
        11.637893,
        9.439479,
        9.565795,
        9.477309,
        7.312429,
        21.552128,
        7.29179,
        9.677003,
        6.470317
    ],
    "capacityMultiplier": 0.5,
    "strictness": 1.2,
    "runTime": 1074,
    "beta": 40
}