{
    "seed": 1,
    "scores": [
        302.2216181539277,
        314.3422090177881,
        314.34220901778815,
        314.3422090177881,
        302.2216181539277,
        302.2216181539277,
        285.9392014282246,
        314.3422090177881,
        314.34220901778815,
        314.34220901778815,
        314.34220901778804,
        302.2216181539277,
        302.2216181539277,
        314.3422090177881,
        285.9392014282246,
        269.4093126060659,
        285.69172933176907,
        285.6917293317691,
        285.6917293317691,
        285.6917293317691,
        285.6917293317691,
        285.69172933176907,
        285.69172933176907,
        257.28872174220555,
        221.92891416959176,
        240.75883292004693,
        240.7588329200469,
        221.92891416959174,
        145.6358904699755,
        156.58572768395223,
        174.28637015599452,
        205.64649744388862,
        158.88575761224874,
        145.6358904699755,
        108.6957115738995,
        110.52355499381719,
        158.88575761224874,
        28.650479686019015,
        95.1229424500714,
        44.93289641172217,
        28.650479686019015,
        44.93289641172217,
        95.1229424500714,
        63.76281516217733,
        95.1229424500714
    ],
    "index": 21,
    "threshold": 2,
    "weight2": 0,
    "weight1": 1,
    "heterogeneity": 0.7,
    "lambda": 50,
    "times": [
        45.18801,
        39.126283,
        36.456098,
        43.808003,
        31.016523,
        29.972104,
        29.971262,
        31.109717,
        29.444869,
        29.568359,
        29.699114,
        30.051812,
        29.250867,
        29.760859,
        29.473963,
        28.716069,
        28.023586,
        35.907854,
        29.564934,
        29.710916,
        27.923739,
        26.125753,
        25.677196,
        25.464739,
        24.07244,
        23.596501,
        18.643224,
        17.279688,
        16.914116,
        14.824756,
        14.675817,
        14.560913,
        14.062583,
        14.21647,
        9.411851,
        9.431537,
        9.41667,
        7.196395,
        7.073886,
        7.201905,
        7.16139,
        7.192527,
        7.187959,
        16.79278,
        7.117587
    ],
    "capacityMultiplier": 0.5,
    "strictness": 1.2,
    "runTime": 1019,
    "beta": 40
}