{
    "seed": 1,
    "scores": [
        314.3422090177881,
        314.34220901778815,
        314.3422090177881,
        314.34220901778815,
        314.3422090177881,
        314.34220901778815,
        314.3422090177881,
        285.69172933176907,
        285.6917293317691,
        285.6917293317691,
        269.4093126060659,
        285.69172933176907,
        285.6917293317691,
        285.6917293317691,
        285.6917293317691,
        269.4093126060659,
        285.9392014282246,
        257.28872174220555,
        240.7588329200469,
        285.69172933176907,
        250.5793938556108,
        240.7588329200469,
        232.46913370998993,
        285.69172933176907,
        257.28872174220555,
        190.5687868816977,
        240.75883292004693,
        240.7588329200469,
        190.5687868816977,
        156.58572768395223,
        174.28637015599452,
        174.28637015599452,
        123.77342213609042,
        108.6957115738995,
        145.6358904699755,
        123.77342213609042,
        111.65283127223006,
        45.180368508177665,
        140.05583886179357,
        108.6957115738995,
        28.650479686019015,
        44.93289641172217,
        95.1229424500714,
        63.76281516217733,
        95.1229424500714
    ],
    "index": 12,
    "threshold": 2,
    "weight2": 0,
    "weight1": 1,
    "heterogeneity": 0.7,
    "lambda": 50,
    "times": [
        46.910718,
        40.36363,
        38.084843,
        43.243108,
        32.248423,
        31.142457,
        32.142565,
        30.317546,
        28.666883,
        28.236038,
        28.564072,
        28.446902,
        28.046584,
        27.908797,
        28.107448,
        27.869794,
        28.422446,
        52.482755,
        30.839601,
        28.545336,
        26.380573,
        26.364152,
        25.203354,
        26.620591,
        20.905226,
        20.422034,
        20.60772,
        20.419599,
        19.707919,
        17.906164,
        17.790569,
        14.45023,
        11.766147,
        9.625008,
        11.416273,
        11.27547,
        9.322192,
        9.308426,
        9.33764,
        9.175187,
        7.05112,
        7.0943,
        7.096244,
        11.965979,
        7.07798
    ],
    "capacityMultiplier": 0.5,
    "strictness": 1.2,
    "runTime": 1038,
    "beta": 40
}