{
    "seed": 1,
    "scores": [
        314.34220901778815,
        285.9392014282246,
        314.3422090177881,
        314.3422090177881,
        302.22161815392775,
        314.34220901778815,
        314.3422090177881,
        314.34220901778804,
        314.34220901778815,
        285.9392014282246,
        285.69172933176907,
        285.69172933176907,
        285.69172933176907,
        285.9392014282246,
        285.9392014282246,
        285.69172933176907,
        285.9392014282246,
        269.40931260606595,
        285.6917293317691,
        240.75883292004693,
        269.4093126060659,
        285.69172933176907,
        257.28872174220555,
        285.6917293317691,
        221.92891416959176,
        240.75883292004693,
        240.75883292004693,
        240.75883292004693,
        240.7588329200469,
        158.88575761224874,
        145.6358904699755,
        140.05583886179357,
        111.65283127223006,
        145.6358904699755,
        92.41329484819634,
        176.9960177578696,
        80.29270398433599,
        16.529888822158654,
        44.93289641172217,
        63.76281516217733,
        16.529888822158654,
        63.76281516217733,
        44.93289641172217,
        95.1229424500714,
        81.87307530779817
    ],
    "index": 25,
    "threshold": 2,
    "weight2": 0,
    "weight1": 1,
    "heterogeneity": 0.7,
    "lambda": 50,
    "times": [
        44.721442,
        38.779659,
        36.024265,
        43.380163,
        30.563903,
        29.210742,
        29.164276,
        30.374599,
        28.753477,
        29.099223,
        29.02811,
        29.113491,
        28.391961,
        28.604899,
        28.36999,
        27.624896,
        28.531021,
        27.983617,
        43.722082,
        26.881707,
        26.671684,
        26.093632,
        24.756582,
        24.669589,
        24.206042,
        24.471949,
        22.396407,
        21.981582,
        21.158132,
        16.269899,
        13.8052,
        13.930234,
        11.349637,
        11.234422,
        11.208573,
        9.243038,
        9.280837,
        7.182904,
        7.268885,
        7.152928,
        6.953866,
        7.130717,
        7.125216,
        14.979246,
        8.155974
    ],
    "capacityMultiplier": 0.5,
    "strictness": 1.2,
    "runTime": 1017,
    "beta": 40
}