{
    "seed": 1,
    "scores": [
        314.3422090177881,
        314.3422090177881,
        302.22161815392775,
        314.3422090177881,
        314.34220901778815,
        314.3422090177881,
        314.3422090177881,
        269.4093126060659,
        285.6917293317691,
        285.6917293317691,
        285.6917293317691,
        285.6917293317691,
        285.69172933176907,
        285.6917293317691,
        285.69172933176907,
        285.6917293317691,
        285.6917293317691,
        238.45880299175042,
        240.75883292004693,
        285.69172933176907,
        285.69172933176907,
        240.75883292004693,
        257.28872174220555,
        250.5793938556108,
        257.28872174220555,
        240.75883292004693,
        240.75883292004693,
        221.92891416959176,
        240.75883292004693,
        193.52590658002825,
        240.75883292004693,
        205.64649744388862,
        193.52590658002825,
        190.56878688169766,
        108.6957115738995,
        176.9960177578696,
        158.88575761224874,
        110.52355499381719,
        158.88575761224874,
        126.80597171952034,
        28.650479686019015,
        44.93289641172217,
        95.1229424500714,
        0,
        0
    ],
    "index": 20,
    "threshold": 2,
    "weight2": 0,
    "weight1": 1,
    "heterogeneity": 0.7,
    "lambda": 50,
    "times": [
        46.477149,
        40.428344,
        37.963141,
        44.625326,
        32.107578,
        30.803884,
        30.511445,
        30.945469,
        29.478268,
        29.860364,
        29.800371,
        30.171026,
        29.660129,
        29.808807,
        29.416882,
        27.782186,
        27.686887,
        27.54969,
        48.918919,
        31.306977,
        27.755476,
        24.676211,
        24.791958,
        24.808359,
        24.559522,
        24.309954,
        23.700942,
        19.57315,
        19.205099,
        17.772202,
        17.456049,
        17.524437,
        17.448245,
        12.46031,
        11.705914,
        11.78848,
        9.633347,
        9.479759,
        9.477876,
        9.429585,
        21.644585,
        7.296415,
        7.166341,
        9.582713,
        6.466147
    ],
    "capacityMultiplier": 0.5,
    "strictness": 1.2,
    "runTime": 1075,
    "beta": 40
}