{
    "seed": 1,
    "scores": [
        314.3422090177881,
        314.34220901778815,
        302.22161815392775,
        314.34220901778815,
        314.3422090177881,
        302.22161815392775,
        285.9392014282246,
        302.2216181539277,
        302.2216181539277,
        314.3422090177881,
        314.3422090177881,
        285.69172933176907,
        257.28872174220555,
        250.57939385561076,
        240.75883292004693,
        285.6917293317691,
        285.6917293317691,
        269.4093126060659,
        285.6917293317691,
        257.28872174220555,
        240.75883292004693,
        240.75883292004693,
        240.75883292004693,
        240.75883292004693,
        240.75883292004693,
        240.75883292004693,
        240.7588329200469,
        240.75883292004693,
        240.75883292004693,
        240.7588329200469,
        240.75883292004693,
        240.75883292004693,
        203.8186540239709,
        240.75883292004693,
        158.88575761224874,
        158.88575761224874,
        176.9960177578696,
        140.05583886179357,
        176.9960177578696,
        73.58337609774118,
        95.1229424500714,
        16.529888822158654,
        63.76281516217733,
        81.87307530779817,
        28.650479686019015
    ],
    "index": 8,
    "threshold": 2,
    "weight2": 0,
    "weight1": 1,
    "heterogeneity": 0.7,
    "lambda": 50,
    "times": [
        44.794737,
        39.725306,
        37.231372,
        45.694583,
        32.120665,
        30.18626,
        30.222438,
        30.574999,
        29.901937,
        29.757286,
        30.227377,
        28.918575,
        28.455707,
        27.976569,
        27.932767,
        27.993651,
        27.037219,
        27.084978,
        48.239412,
        26.79778,
        26.907495,
        26.373635,
        26.154224,
        26.080005,
        26.702,
        26.484052,
        26.308533,
        23.778773,
        22.17118,
        22.033061,
        21.663809,
        20.62443,
        20.999143,
        20.818906,
        17.412091,
        17.682738,
        28.147109,
        16.021064,
        13.479691,
        10.503504,
        8.012566,
        7.956531,
        7.13952,
        7.15557,
        7.190626
    ],
    "capacityMultiplier": 0.5,
    "strictness": 1.2,
    "runTime": 1128,
    "beta": 40
}