{
    "seed": 1,
    "scores": [
        314.3422090177881,
        302.22161815392775,
        314.34220901778815,
        314.3422090177881,
        314.34220901778804,
        314.3422090177881,
        314.34220901778815,
        314.34220901778815,
        302.22161815392775,
        314.34220901778804,
        314.3422090177881,
        314.3422090177881,
        314.3422090177881,
        269.4093126060659,
        302.2216181539277,
        269.40931260606595,
        285.69172933176907,
        285.6917293317691,
        250.57939385561076,
        269.40931260606595,
        285.69172933176907,
        285.69172933176907,
        240.7588329200469,
        221.92891416959174,
        250.57939385561076,
        240.75883292004693,
        221.92891416959174,
        221.92891416959174,
        221.92891416959174,
        187.53623729826774,
        156.58572768395223,
        221.92891416959174,
        187.53623729826774,
        80.29270398433599,
        176.9960177578696,
        108.6957115738995,
        126.80597171952034,
        63.76281516217733,
        81.87307530779817,
        95.1229424500714,
        63.76281516217733,
        81.87307530779817,
        16.529888822158654,
        16.529888822158654,
        63.76281516217733
    ],
    "index": 23,
    "threshold": 2,
    "weight2": 0,
    "weight1": 1,
    "heterogeneity": 0.7,
    "lambda": 50,
    "times": [
        46.505158,
        39.434322,
        36.884206,
        43.764665,
        33.682593,
        32.306961,
        32.44524,
        34.139897,
        34.606138,
        29.95715,
        29.947632,
        30.12864,
        30.032761,
        29.525022,
        28.610633,
        28.10091,
        27.741839,
        27.810277,
        35.755426,
        30.23015,
        26.670317,
        26.267914,
        26.1372,
        26.091034,
        24.768221,
        22.756782,
        22.130642,
        22.356353,
        20.78121,
        20.253874,
        19.946029,
        17.008629,
        16.979955,
        11.462734,
        9.442888,
        9.3149,
        9.420567,
        7.154582,
        7.225224,
        7.156656,
        7.166204,
        7.125668,
        7.193384,
        15.648497,
        7.872524
    ],
    "capacityMultiplier": 0.5,
    "strictness": 1.2,
    "runTime": 1060,
    "beta": 40
}