{
    "seed": 1,
    "scores": [
        314.34220901778815,
        314.34220901778815,
        314.34220901778815,
        302.22161815392775,
        314.3422090177881,
        314.3422090177881,
        314.34220901778815,
        314.34220901778804,
        314.3422090177881,
        314.3422090177881,
        314.3422090177881,
        285.6917293317691,
        285.6917293317691,
        285.69172933176907,
        285.6917293317691,
        285.69172933176907,
        285.69172933176907,
        285.69172933176907,
        285.69172933176907,
        285.6917293317691,
        285.69172933176907,
        285.69172933176907,
        285.69172933176907,
        240.7588329200469,
        190.5687868816977,
        285.6917293317691,
        240.7588329200469,
        240.75883292004693,
        203.8186540239709,
        203.8186540239709,
        240.75883292004693,
        221.92891416959176,
        240.75883292004693,
        193.52590658002825,
        176.9960177578696,
        145.6358904699755,
        158.88575761224874,
        81.87307530779817,
        63.76281516217733,
        81.87307530779817,
        44.93289641172217,
        28.650479686019015,
        28.650479686019015,
        44.93289641172217,
        44.93289641172217
    ],
    "index": 7,
    "threshold": 2,
    "weight2": 0,
    "weight1": 1,
    "heterogeneity": 0.7,
    "lambda": 50,
    "times": [
        45.479991,
        39.884588,
        37.658395,
        43.488828,
        31.905206,
        30.123664,
        30.189367,
        31.060666,
        30.032283,
        29.843991,
        30.123995,
        29.98244,
        29.765014,
        29.651771,
        29.13221,
        29.205317,
        27.282591,
        43.038877,
        29.124506,
        29.069563,
        26.842738,
        25.51753,
        25.653134,
        25.289483,
        23.537227,
        23.894575,
        23.507521,
        24.147608,
        21.284344,
        20.694711,
        20.439003,
        17.540523,
        17.358401,
        16.83919,
        16.550651,
        11.985404,
        9.585376,
        7.240611,
        12.746968,
        7.334997,
        7.331701,
        7.343964,
        7.484316,
        7.354213,
        7.541894
    ],
    "capacityMultiplier": 0.5,
    "strictness": 1.2,
    "runTime": 1071,
    "beta": 40
}