{
    "seed": 1,
    "scores": [
        314.34220901778815,
        314.3422090177881,
        314.3422090177881,
        314.34220901778815,
        314.3422090177881,
        314.3422090177881,
        314.3422090177881,
        285.69172933176907,
        285.69172933176907,
        285.6917293317691,
        285.6917293317691,
        285.6917293317691,
        285.69172933176907,
        285.6917293317691,
        285.6917293317691,
        285.6917293317691,
        302.2216181539277,
        240.7588329200469,
        269.4093126060659,
        285.9392014282246,
        240.7588329200469,
        257.28872174220555,
        269.4093126060659,
        250.57939385561076,
        240.7588329200469,
        250.57939385561076,
        203.8186540239709,
        221.92891416959174,
        240.75883292004693,
        221.92891416959176,
        205.64649744388862,
        193.52590658002822,
        158.88575761224874,
        145.6358904699755,
        108.6957115738995,
        176.9960177578696,
        80.29270398433599,
        98.40296412995683,
        108.6957115738995,
        81.87307530779817,
        44.93289641172217,
        28.650479686019015,
        28.650479686019015,
        44.93289641172217,
        44.93289641172217
    ],
    "index": 19,
    "threshold": 2,
    "weight2": 0,
    "weight1": 1,
    "heterogeneity": 0.7,
    "lambda": 50,
    "times": [
        48.267972,
        41.94781,
        39.607075,
        49.948643,
        32.394095,
        31.435383,
        32.282756,
        30.740143,
        30.546091,
        30.229839,
        30.10177,
        30.271327,
        29.722521,
        29.954104,
        28.290454,
        28.180399,
        28.581639,
        44.772259,
        30.28957,
        30.17125,
        26.791082,
        26.924762,
        24.242539,
        24.356923,
        22.901973,
        22.968458,
        22.245427,
        22.502718,
        21.402481,
        17.268525,
        17.318718,
        16.940532,
        13.439638,
        9.560759,
        11.639434,
        9.553575,
        9.507509,
        9.445694,
        9.43312,
        7.178727,
        17.610224,
        7.181873,
        7.226496,
        7.139153,
        7.2605
    ],
    "capacityMultiplier": 0.5,
    "strictness": 1.2,
    "runTime": 1069,
    "beta": 40
}