{
    "seed": 1,
    "scores": [
        314.3422090177881,
        314.34220901778815,
        314.34220901778815,
        302.22161815392775,
        314.3422090177881,
        314.34220901778815,
        314.34220901778815,
        285.69172933176907,
        285.69172933176907,
        285.6917293317691,
        285.6917293317691,
        285.69172933176907,
        257.28872174220555,
        269.4093126060659,
        257.28872174220555,
        285.69172933176907,
        269.4093126060659,
        240.7588329200469,
        269.40931260606595,
        250.5793938556108,
        285.6917293317691,
        221.92891416959176,
        240.7588329200469,
        240.75883292004693,
        190.5687868816977,
        221.92891416959176,
        240.75883292004693,
        240.75883292004693,
        168.7063185478126,
        221.92891416959176,
        205.64649744388862,
        221.92891416959174,
        187.53623729826774,
        174.28637015599452,
        221.92891416959176,
        240.7588329200469,
        158.88575761224874,
        98.40296412995683,
        108.6957115738995,
        145.6358904699755,
        44.93289641172217,
        28.650479686019015,
        28.650479686019015,
        44.93289641172217,
        44.93289641172217
    ],
    "index": 14,
    "threshold": 2,
    "weight2": 0,
    "weight1": 1,
    "heterogeneity": 0.7,
    "lambda": 50,
    "times": [
        46.424692,
        40.466167,
        37.902136,
        58.847438,
        31.106044,
        30.941836,
        31.004163,
        30.012066,
        30.07832,
        29.819625,
        29.718796,
        29.953426,
        28.163605,
        28.164246,
        28.186548,
        27.513668,
        27.862792,
        27.526823,
        41.839658,
        29.53405,
        27.216031,
        26.095914,
        25.279957,
        25.617449,
        20.881312,
        20.870241,
        20.369664,
        20.05737,
        19.836776,
        19.353322,
        19.177552,
        18.280653,
        18.984531,
        17.425211,
        17.526512,
        14.634517,
        14.00559,
        9.728492,
        9.804265,
        14.081522,
        7.065207,
        7.0993,
        7.085945,
        7.065909,
        7.116312
    ],
    "capacityMultiplier": 0.5,
    "strictness": 1.2,
    "runTime": 1079,
    "beta": 40
}