{
    "seed": 1,
    "scores": [
        314.34220901778815,
        314.3422090177881,
        302.2216181539277,
        285.6917293317691,
        314.34220901778815,
        314.34220901778815,
        314.3422090177881,
        285.9392014282246,
        314.34220901778815,
        314.3422090177881,
        314.3422090177881,
        269.4093126060659,
        285.69172933176907,
        285.6917293317691,
        285.69172933176907,
        285.6917293317691,
        285.6917293317691,
        285.6917293317691,
        285.69172933176907,
        285.69172933176907,
        269.4093126060659,
        240.75883292004693,
        240.75883292004693,
        285.6917293317691,
        221.92891416959176,
        240.75883292004693,
        257.28872174220555,
        257.28872174220555,
        240.7588329200469,
        221.92891416959174,
        155.45645140553935,
        187.53623729826776,
        111.65283127223006,
        158.88575761224874,
        92.41329484819634,
        176.9960177578696,
        45.180368508177665,
        16.529888822158654,
        44.93289641172217,
        63.76281516217733,
        16.529888822158654,
        63.76281516217733,
        44.93289641172217,
        95.1229424500714,
        81.87307530779817
    ],
    "index": 5,
    "threshold": 2,
    "weight2": 0,
    "weight1": 1,
    "heterogeneity": 0.7,
    "lambda": 50,
    "times": [
        45.642239,
        39.860218,
        36.671432,
        44.818093,
        31.652794,
        28.992452,
        29.067021,
        30.361345,
        29.177667,
        29.546556,
        29.512573,
        28.635076,
        28.303508,
        28.272901,
        27.864349,
        27.581522,
        27.541807,
        27.266003,
        36.967895,
        29.135129,
        28.490637,
        26.427831,
        24.730124,
        25.460988,
        24.842815,
        25.286131,
        24.198474,
        24.311544,
        19.685537,
        17.366423,
        13.940034,
        13.848353,
        13.206797,
        13.257421,
        13.265516,
        11.300112,
        9.353322,
        7.074352,
        7.145615,
        7.034978,
        7.121649,
        7.137289,
        7.046049,
        14.587973,
        7.00408
    ],
    "capacityMultiplier": 0.5,
    "strictness": 1.2,
    "runTime": 1030,
    "beta": 40
}