{
    "seed": 1,
    "scores": [
        314.34220901778804,
        302.22161815392775,
        314.34220901778815,
        314.3422090177881,
        285.9392014282246,
        314.3422090177881,
        314.34220901778815,
        302.2216181539277,
        302.22161815392775,
        314.34220901778804,
        314.3422090177881,
        314.34220901778815,
        285.9392014282246,
        285.6917293317691,
        285.6917293317691,
        240.75883292004693,
        285.69172933176907,
        269.40931260606595,
        285.69172933176907,
        285.6917293317691,
        250.57939385561076,
        257.28872174220555,
        269.4093126060659,
        240.7588329200469,
        240.75883292004693,
        240.75883292004693,
        240.7588329200469,
        221.92891416959174,
        221.92891416959176,
        203.8186540239709,
        174.28637015599452,
        221.92891416959176,
        187.53623729826776,
        240.75883292004693,
        190.5687868816977,
        110.52355499381719,
        158.88575761224874,
        81.87307530779817,
        63.76281516217733,
        81.87307530779817,
        44.93289641172217,
        28.650479686019015,
        28.650479686019015,
        44.93289641172217,
        44.93289641172217
    ],
    "index": 27,
    "threshold": 2,
    "weight2": 0,
    "weight1": 1,
    "heterogeneity": 0.7,
    "lambda": 50,
    "times": [
        45.233922,
        39.812438,
        37.213279,
        42.74491,
        30.996235,
        30.1608,
        30.002735,
        31.423585,
        29.8078,
        29.782482,
        29.702322,
        29.857693,
        29.249734,
        28.112464,
        28.006636,
        26.332841,
        27.041247,
        26.512257,
        41.305134,
        29.451883,
        26.998166,
        26.151441,
        25.865044,
        25.609025,
        25.561927,
        25.619455,
        24.179918,
        22.447534,
        22.762574,
        17.647944,
        17.664605,
        17.326151,
        17.084569,
        16.993328,
        12.203437,
        9.4237,
        9.408001,
        7.082044,
        7.146706,
        10.931554,
        7.14917,
        7.217709,
        7.104367,
        7.27205,
        7.157857
    ],
    "capacityMultiplier": 0.5,
    "strictness": 1.2,
    "runTime": 1046,
    "beta": 40
}