{
    "seed": 1,
    "scores": [
        314.3422090177881,
        314.34220901778815,
        314.34220901778815,
        302.22161815392775,
        314.3422090177881,
        285.6917293317691,
        302.22161815392775,
        314.3422090177881,
        267.1092826777694,
        314.34220901778804,
        314.34220901778815,
        285.69172933176907,
        285.69172933176907,
        269.4093126060659,
        257.28872174220555,
        285.69172933176907,
        285.69172933176907,
        240.7588329200469,
        269.40931260606595,
        285.6917293317691,
        240.7588329200469,
        269.40931260606595,
        240.7588329200469,
        240.75883292004693,
        190.5687868816977,
        221.92891416959176,
        240.75883292004693,
        240.75883292004693,
        187.53623729826776,
        193.52590658002822,
        240.75883292004693,
        176.9960177578696,
        158.88575761224874,
        162.16577929213418,
        155.45645140553935,
        240.7588329200469,
        158.88575761224874,
        176.9960177578696,
        145.6358904699755,
        176.9960177578696,
        61.46278523388082,
        92.41329484819634,
        28.650479686019015,
        44.93289641172217,
        44.93289641172217
    ],
    "index": 4,
    "threshold": 2,
    "weight2": 0,
    "weight1": 1,
    "heterogeneity": 0.7,
    "lambda": 50,
    "times": [
        45.494818,
        39.800398,
        37.36351,
        44.872414,
        31.610771,
        30.126445,
        30.498491,
        30.94677,
        31.57817,
        31.92589,
        31.759299,
        30.148015,
        30.178492,
        29.981734,
        29.570054,
        31.350414,
        37.422331,
        37.06398,
        55.13612,
        30.949945,
        29.066993,
        27.483061,
        26.876476,
        29.614057,
        23.313804,
        23.281553,
        23.085005,
        23.191584,
        22.387,
        20.280039,
        20.345653,
        18.549402,
        18.889319,
        19.081739,
        18.161046,
        17.030752,
        16.700204,
        14.199708,
        18.900129,
        12.782857,
        10.576521,
        10.422583,
        7.990845,
        7.83357,
        7.882763
    ],
    "capacityMultiplier": 0.5,
    "strictness": 1.2,
    "runTime": 1165,
    "beta": 40
}