{
    "seed": 1,
    "scores": [
        314.3422090177881,
        314.34220901778815,
        314.3422090177881,
        314.34220901778815,
        314.3422090177881,
        314.3422090177881,
        314.34220901778804,
        285.6917293317691,
        285.6917293317691,
        285.6917293317691,
        285.69172933176907,
        285.69172933176907,
        285.6917293317691,
        285.69172933176907,
        285.69172933176907,
        285.6917293317691,
        302.2216181539277,
        285.69172933176907,
        285.6917293317691,
        302.2216181539277,
        240.75883292004693,
        285.6917293317691,
        285.6917293317691,
        257.28872174220555,
        285.6917293317691,
        221.92891416959176,
        240.7588329200469,
        221.92891416959174,
        240.75883292004693,
        145.6358904699755,
        140.05583886179357,
        240.75883292004693,
        203.8186540239709,
        123.77342213609042,
        98.40296412995683,
        98.40296412995683,
        110.52355499381719,
        108.6957115738995,
        98.40296412995683,
        28.650479686019015,
        95.1229424500714,
        16.529888822158654,
        63.76281516217733,
        81.87307530779817,
        28.650479686019015
    ],
    "index": 18,
    "threshold": 2,
    "weight2": 0,
    "weight1": 1,
    "heterogeneity": 0.7,
    "lambda": 50,
    "times": [
        46.668172,
        39.876347,
        37.512169,
        42.925483,
        31.727171,
        30.421858,
        30.994545,
        31.367671,
        29.629881,
        29.568186,
        29.548469,
        29.566844,
        29.336864,
        29.358785,
        29.584446,
        29.154454,
        28.699406,
        45.670251,
        29.954847,
        29.328198,
        26.518308,
        26.471041,
        26.64244,
        25.292072,
        25.243391,
        23.161799,
        23.027289,
        22.162486,
        18.173909,
        16.772917,
        16.791662,
        16.857404,
        17.170958,
        11.271127,
        11.450673,
        11.331019,
        9.435114,
        9.472193,
        16.427282,
        7.20775,
        7.216036,
        7.20767,
        7.182624,
        7.12125,
        7.133262
    ],
    "capacityMultiplier": 0.5,
    "strictness": 1.2,
    "runTime": 1057,
    "beta": 40
}