{
    "seed": 1,
    "scores": [
        221.92891416959174,
        176.9960177578696,
        240.75883292004693,
        240.75883292004693,
        240.75883292004693,
        250.57939385561076,
        240.75883292004693,
        176.9960177578696,
        285.69172933176907,
        221.92891416959176,
        203.8186540239709,
        221.92891416959176,
        176.9960177578696,
        176.9960177578696,
        285.69172933176907,
        285.69172933176907,
        240.7588329200469,
        240.7588329200469,
        240.75883292004693,
        240.75883292004693,
        240.75883292004693,
        176.9960177578696,
        176.9960177578696,
        240.75883292004693,
        240.75883292004693,
        221.92891416959176,
        240.75883292004693,
        240.75883292004693,
        176.9960177578696,
        240.75883292004693,
        176.9960177578696,
        193.52590658002822,
        158.88575761224874,
        176.9960177578696,
        221.92891416959176,
        240.75883292004693,
        158.88575761224874,
        176.9960177578696,
        145.6358904699755,
        145.6358904699755,
        140.05583886179357,
        92.41329484819634,
        108.6957115738995,
        95.1229424500714,
        126.80597171952034
    ],
    "index": 14,
    "threshold": 2,
    "weight2": 0,
    "weight1": 1,
    "heterogeneity": 0.7,
    "lambda": 50,
    "times": [
        32.797775,
        10.015628,
        8.604898,
        8.139696,
        6.873186,
        7.398359,
        7.989756,
        6.73635,
        7.100762,
        6.187743,
        5.933246,
        6.350267,
        5.810096,
        5.697194,
        7.674295,
        6.537558,
        6.316394,
        5.957572,
        6.048742,
        5.727832,
        6.867355,
        5.899484,
        5.168585,
        5.969534,
        6.514695,
        5.905906,
        17.633819,
        5.79638,
        5.391082,
        5.60954,
        5.170428,
        4.89886,
        4.804594,
        5.003386,
        6.655148,
        5.49706,
        5.41146,
        4.736416,
        4.817718,
        5.047118,
        5.057818,
        5.018765,
        4.942823,
        4.87743,
        5.00588
    ],
    "capacityMultiplier": 0.5,
    "strictness": 1.2,
    "runTime": 311,
    "beta": 40
}