{
    "seed": 1,
    "scores": [
        176.9960177578696,
        240.75883292004693,
        285.69172933176907,
        285.6917293317691,
        240.75883292004693,
        176.9960177578696,
        176.9960177578696,
        240.75883292004693,
        240.75883292004693,
        176.9960177578696,
        285.69172933176907,
        221.92891416959176,
        240.7588329200469,
        269.40931260606595,
        240.75883292004693,
        240.75883292004693,
        221.92891416959176,
        221.92891416959176,
        240.75883292004693,
        240.75883292004693,
        240.75883292004693,
        240.75883292004693,
        240.75883292004693,
        221.92891416959176,
        240.75883292004693,
        240.75883292004693,
        240.75883292004693,
        240.75883292004693,
        285.6917293317691,
        240.7588329200469,
        240.75883292004693,
        240.75883292004693,
        176.9960177578696,
        240.75883292004693,
        240.75883292004693,
        123.77342213609042,
        95.1229424500714,
        123.77342213609042,
        176.9960177578696,
        190.56878688169766,
        110.52355499381719,
        158.88575761224874,
        140.05583886179357,
        95.1229424500714,
        95.1229424500714
    ],
    "index": 10,
    "threshold": 2,
    "weight2": 0,
    "weight1": 1,
    "heterogeneity": 0.7,
    "lambda": 50,
    "times": [
        33.5762,
        10.042786,
        8.811454,
        9.586182,
        6.550665,
        6.748674,
        5.868167,
        7.41986,
        6.957385,
        5.659998,
        7.628139,
        6.399321,
        6.905047,
        6.920636,
        6.478319,
        5.458701,
        6.087628,
        5.957695,
        6.350379,
        5.919854,
        6.193757,
        6.129415,
        5.450837,
        5.89633,
        5.308821,
        5.867937,
        5.878767,
        28.01125,
        5.818434,
        4.982701,
        5.401725,
        4.717946,
        4.280447,
        5.188677,
        4.890268,
        4.692599,
        5.513363,
        5.179128,
        4.478668,
        4.857587,
        4.504116,
        4.625032,
        4.29773,
        4.331793,
        4.291778
    ],
    "capacityMultiplier": 0.5,
    "strictness": 1.2,
    "runTime": 316,
    "beta": 40
}