{
    "seed": 1,
    "scores": [
        221.92891416959176,
        240.7588329200469,
        221.92891416959174,
        285.69172933176907,
        240.75883292004693,
        176.9960177578696,
        269.4093126060659,
        257.28872174220555,
        240.75883292004693,
        240.75883292004693,
        221.92891416959176,
        240.75883292004693,
        221.92891416959176,
        240.75883292004693,
        240.75883292004693,
        240.75883292004693,
        240.75883292004693,
        240.75883292004693,
        240.7588329200469,
        240.75883292004693,
        240.75883292004693,
        240.75883292004693,
        240.75883292004693,
        240.75883292004693,
        221.92891416959176,
        176.9960177578696,
        240.7588329200469,
        221.92891416959176,
        240.75883292004693,
        285.6917293317691,
        269.4093126060659,
        176.9960177578696,
        240.75883292004693,
        158.88575761224874,
        158.88575761224874,
        176.9960177578696,
        176.9960177578696,
        176.9960177578696,
        176.9960177578696,
        158.88575761224874,
        145.6358904699755,
        108.6957115738995,
        140.05583886179357,
        63.76281516217733,
        95.1229424500714
    ],
    "index": 31,
    "threshold": 2,
    "weight2": 0,
    "weight1": 1,
    "heterogeneity": 0.7,
    "lambda": 50,
    "times": [
        34.023664,
        9.821414,
        8.09794,
        9.313978,
        6.896771,
        6.462601,
        7.329407,
        7.944003,
        7.171763,
        6.77854,
        6.681479,
        6.963234,
        6.235637,
        6.387481,
        6.816821,
        5.951528,
        6.650571,
        6.471938,
        6.178962,
        5.685311,
        6.461198,
        6.135882,
        6.331816,
        6.062756,
        5.517759,
        5.569676,
        43.005392,
        5.453229,
        5.383669,
        6.860704,
        5.920219,
        4.415072,
        5.123884,
        5.70018,
        5.532526,
        4.916828,
        4.382332,
        4.851616,
        4.267387,
        4.551026,
        4.543683,
        4.97139,
        4.431042,
        4.016109,
        4.375349
    ],
    "capacityMultiplier": 0.5,
    "strictness": 1.2,
    "runTime": 336,
    "beta": 40
}