{
    "seed": 1,
    "scores": [
        221.92891416959176,
        240.7588329200469,
        285.6917293317691,
        285.69172933176907,
        240.75883292004693,
        176.9960177578696,
        285.69172933176907,
        240.75883292004693,
        240.75883292004693,
        176.9960177578696,
        240.75883292004693,
        176.9960177578696,
        240.75883292004693,
        176.9960177578696,
        240.75883292004693,
        240.75883292004693,
        176.9960177578696,
        221.92891416959176,
        240.75883292004693,
        176.9960177578696,
        176.9960177578696,
        240.75883292004693,
        240.75883292004693,
        285.6917293317691,
        240.75883292004693,
        240.7588329200469,
        240.75883292004693,
        221.92891416959176,
        285.69172933176907,
        240.75883292004693,
        176.9960177578696,
        176.9960177578696,
        203.8186540239709,
        240.75883292004693,
        176.9960177578696,
        176.9960177578696,
        176.9960177578696,
        110.52355499381719,
        176.9960177578696,
        176.9960177578696,
        108.6957115738995,
        126.80597171952034,
        176.9960177578696,
        63.76281516217733,
        95.1229424500714
    ],
    "index": 2,
    "threshold": 2,
    "weight2": 0,
    "weight1": 1,
    "heterogeneity": 0.7,
    "lambda": 50,
    "times": [
        33.456831,
        10.057754,
        8.477119,
        8.748166,
        7.021357,
        7.11391,
        6.579731,
        6.901584,
        6.955504,
        5.554044,
        7.447403,
        6.086519,
        6.404714,
        5.548774,
        5.704515,
        5.955495,
        5.292294,
        6.125583,
        6.214249,
        5.228776,
        5.611963,
        5.907394,
        6.269712,
        7.346215,
        5.209068,
        5.5252,
        5.796227,
        5.891084,
        37.266624,
        5.338982,
        4.645676,
        4.496828,
        4.819721,
        4.994808,
        4.564324,
        4.724703,
        4.332129,
        6.028591,
        4.148056,
        6.451873,
        4.582227,
        4.595472,
        4.337169,
        3.924417,
        4.08614
    ],
    "capacityMultiplier": 0.5,
    "strictness": 1.2,
    "runTime": 321,
    "beta": 40
}