{
    "seed": 1,
    "scores": [
        221.92891416959174,
        176.9960177578696,
        240.75883292004693,
        240.75883292004693,
        240.75883292004693,
        250.57939385561076,
        176.9960177578696,
        176.9960177578696,
        285.69172933176907,
        240.75883292004693,
        203.8186540239709,
        221.92891416959176,
        176.9960177578696,
        240.75883292004693,
        240.75883292004693,
        285.69172933176907,
        240.7588329200469,
        240.7588329200469,
        257.28872174220555,
        221.92891416959176,
        240.75883292004693,
        240.75883292004693,
        176.9960177578696,
        250.57939385561076,
        240.75883292004693,
        221.92891416959176,
        240.75883292004693,
        221.92891416959174,
        176.9960177578696,
        221.92891416959176,
        176.9960177578696,
        240.75883292004693,
        158.88575761224874,
        176.9960177578696,
        168.7063185478126,
        176.9960177578696,
        158.88575761224874,
        126.80597171952034,
        190.5687868816977,
        240.75883292004693,
        158.88575761224874,
        92.41329484819634,
        63.76281516217733,
        176.9960177578696,
        126.80597171952034
    ],
    "index": 24,
    "threshold": 2,
    "weight2": 0,
    "weight1": 1,
    "heterogeneity": 0.7,
    "lambda": 50,
    "times": [
        33.119152,
        10.279415,
        9.251644,
        8.236615,
        7.529161,
        7.487023,
        7.12204,
        6.547245,
        7.312717,
        6.328746,
        6.109386,
        6.308238,
        5.537146,
        5.981858,
        7.228299,
        6.721602,
        6.263193,
        5.725799,
        5.922176,
        5.612377,
        6.249889,
        5.981327,
        4.905174,
        6.091453,
        6.176882,
        5.96192,
        43.217389,
        5.137479,
        5.07427,
        5.444433,
        4.874747,
        4.888222,
        4.476061,
        4.658212,
        5.022834,
        4.741037,
        6.286237,
        4.412983,
        5.117651,
        4.846033,
        4.55531,
        4.586809,
        4.11702,
        4.761054,
        4.638215
    ],
    "capacityMultiplier": 0.5,
    "strictness": 1.2,
    "runTime": 330,
    "beta": 40
}