{
    "seed": 1,
    "scores": [
        285.69172933176907,
        240.75883292004693,
        240.75883292004693,
        221.92891416959176,
        221.92891416959174,
        285.69172933176907,
        240.75883292004693,
        285.6917293317691,
        203.8186540239709,
        240.75883292004693,
        221.92891416959176,
        176.9960177578696,
        285.69172933176907,
        240.75883292004693,
        240.75883292004693,
        285.69172933176907,
        240.75883292004693,
        221.92891416959176,
        221.92891416959176,
        176.9960177578696,
        203.8186540239709,
        203.8186540239709,
        203.8186540239709,
        240.75883292004693,
        221.92891416959174,
        176.9960177578696,
        221.92891416959176,
        221.92891416959176,
        269.4093126060659,
        240.75883292004693,
        176.9960177578696,
        240.75883292004693,
        221.92891416959176,
        240.75883292004693,
        158.88575761224874,
        176.9960177578696,
        176.9960177578696,
        126.80597171952034,
        108.6957115738995,
        110.52355499381719,
        95.1229424500714,
        80.29270398433599,
        63.76281516217733,
        95.1229424500714,
        110.52355499381719
    ],
    "index": 28,
    "threshold": 2,
    "weight2": 0,
    "weight1": 1,
    "heterogeneity": 0.7,
    "lambda": 50,
    "times": [
        36.259703,
        9.773033,
        9.201003,
        8.939103,
        7.883909,
        8.000757,
        7.642958,
        8.011027,
        6.25399,
        7.296681,
        6.891943,
        5.583154,
        7.289678,
        6.797517,
        7.290418,
        7.32339,
        6.468461,
        6.053164,
        5.999633,
        5.777408,
        5.802445,
        6.277744,
        6.250984,
        5.99761,
        5.526699,
        5.934001,
        18.418567,
        5.86951,
        6.486865,
        5.925184,
        4.927498,
        5.883757,
        5.609034,
        5.450587,
        5.07803,
        5.368573,
        4.645741,
        4.732463,
        4.911749,
        4.973134,
        4.624741,
        4.962233,
        4.14227,
        4.81641,
        5.1367
    ],
    "capacityMultiplier": 0.5,
    "strictness": 1.2,
    "runTime": 322,
    "beta": 40
}