{
    "seed": 1,
    "scores": [
        285.69172933176907,
        240.75883292004693,
        240.75883292004693,
        285.69172933176907,
        285.6917293317691,
        221.92891416959176,
        257.28872174220555,
        240.75883292004693,
        221.92891416959176,
        240.7588329200469,
        176.9960177578696,
        240.75883292004693,
        240.75883292004693,
        285.6917293317691,
        240.75883292004693,
        240.75883292004693,
        285.69172933176907,
        269.4093126060659,
        176.9960177578696,
        240.75883292004693,
        240.75883292004693,
        240.75883292004693,
        240.75883292004693,
        240.7588329200469,
        240.75883292004693,
        240.75883292004693,
        203.8186540239709,
        176.9960177578696,
        240.75883292004693,
        176.9960177578696,
        95.1229424500714,
        240.75883292004693,
        145.6358904699755,
        176.9960177578696,
        187.53623729826774,
        221.92891416959176,
        145.6358904699755,
        176.9960177578696,
        145.6358904699755,
        176.9960177578696,
        126.80597171952034,
        158.88575761224874,
        126.80597171952034,
        28.650479686019015,
        16.529888822158654
    ],
    "index": 16,
    "threshold": 2,
    "weight2": 0,
    "weight1": 1,
    "heterogeneity": 0.7,
    "lambda": 50,
    "times": [
        35.548344,
        9.106962,
        8.227379,
        7.837872,
        9.263674,
        7.001951,
        7.720213,
        7.669047,
        7.099002,
        6.569704,
        5.456026,
        6.170098,
        6.605411,
        7.861957,
        6.789245,
        6.365513,
        7.512836,
        7.167681,
        5.276851,
        6.970824,
        6.069882,
        5.790069,
        6.12813,
        5.600415,
        6.223739,
        5.938737,
        16.660553,
        5.79611,
        5.456216,
        5.061339,
        5.000485,
        5.932134,
        5.079713,
        6.8031,
        5.451217,
        6.847363,
        4.871985,
        4.809188,
        5.043746,
        5.133333,
        4.705515,
        4.589137,
        4.687461,
        3.986051,
        3.977816
    ],
    "capacityMultiplier": 0.5,
    "strictness": 1.2,
    "runTime": 317,
    "beta": 40
}