{
    "seed": 1,
    "scores": [
        221.92891416959176,
        240.75883292004693,
        285.6917293317691,
        285.6917293317691,
        285.6917293317691,
        221.92891416959176,
        269.4093126060659,
        240.75883292004693,
        285.6917293317691,
        240.75883292004693,
        240.75883292004693,
        240.75883292004693,
        176.9960177578696,
        221.92891416959176,
        240.75883292004693,
        221.92891416959176,
        240.75883292004693,
        240.75883292004693,
        240.75883292004693,
        285.69172933176907,
        240.75883292004693,
        240.75883292004693,
        176.9960177578696,
        240.75883292004693,
        176.9960177578696,
        240.75883292004693,
        176.9960177578696,
        240.75883292004693,
        176.9960177578696,
        240.75883292004693,
        176.9960177578696,
        221.92891416959176,
        176.9960177578696,
        158.88575761224874,
        158.88575761224874,
        158.88575761224874,
        95.1229424500714,
        45.180368508177665,
        140.05583886179357,
        63.76281516217733,
        16.529888822158654,
        63.76281516217733,
        44.93289641172217,
        95.1229424500714,
        81.87307530779817
    ],
    "index": 25,
    "threshold": 2,
    "weight2": 0,
    "weight1": 1,
    "heterogeneity": 0.7,
    "lambda": 50,
    "times": [
        33.273054,
        10.251822,
        9.557653,
        8.469359,
        8.733362,
        6.589102,
        7.03165,
        6.381905,
        7.028054,
        6.511557,
        6.779428,
        7.072235,
        6.1652,
        6.032581,
        6.092473,
        6.590344,
        6.697535,
        6.413314,
        6.717512,
        6.700501,
        5.776723,
        6.760913,
        5.530983,
        6.226164,
        5.562292,
        6.847686,
        13.951611,
        6.223769,
        5.048922,
        4.813391,
        4.498142,
        5.178714,
        4.874045,
        4.489396,
        4.591276,
        4.380572,
        5.328525,
        5.420577,
        4.60917,
        4.109215,
        3.587779,
        4.025508,
        3.880126,
        4.215764,
        4.173785
    ],
    "capacityMultiplier": 0.5,
    "strictness": 1.2,
    "runTime": 303,
    "beta": 40
}