{
    "seed": 1,
    "scores": [
        240.75883292004693,
        240.75883292004693,
        240.75883292004693,
        176.9960177578696,
        269.4093126060659,
        221.92891416959174,
        240.75883292004693,
        240.75883292004693,
        240.75883292004693,
        240.75883292004693,
        240.75883292004693,
        240.75883292004693,
        221.92891416959174,
        240.75883292004693,
        221.92891416959176,
        176.9960177578696,
        221.92891416959176,
        240.75883292004693,
        176.9960177578696,
        240.75883292004693,
        176.9960177578696,
        240.75883292004693,
        176.9960177578696,
        221.92891416959174,
        176.9960177578696,
        240.75883292004693,
        205.6464974438886,
        240.75883292004693,
        221.92891416959176,
        158.88575761224874,
        95.1229424500714,
        240.75883292004693,
        158.88575761224874,
        221.92891416959174,
        176.9960177578696,
        176.9960177578696,
        176.9960177578696,
        145.6358904699755,
        193.52590658002822,
        176.9960177578696,
        158.88575761224874,
        110.52355499381719,
        80.29270398433599,
        98.40296412995683,
        108.6957115738995
    ],
    "index": 23,
    "threshold": 2,
    "weight2": 0,
    "weight1": 1,
    "heterogeneity": 0.7,
    "lambda": 50,
    "times": [
        34.227337,
        8.862264,
        8.365357,
        7.009155,
        7.350192,
        7.635454,
        7.347967,
        7.04365,
        6.943422,
        6.478825,
        6.824189,
        6.697844,
        5.893142,
        6.56207,
        6.541181,
        6.175299,
        6.563493,
        6.466782,
        5.393569,
        6.105588,
        5.054376,
        5.990724,
        5.764612,
        5.765834,
        5.684072,
        5.675906,
        5.314401,
        6.509382,
        23.823425,
        5.342353,
        4.980338,
        5.627135,
        4.823094,
        5.331282,
        5.208022,
        4.666853,
        4.538182,
        4.748805,
        5.879907,
        4.500832,
        4.64955,
        4.70296,
        4.885099,
        4.78859,
        4.643839
    ],
    "capacityMultiplier": 0.5,
    "strictness": 1.2,
    "runTime": 313,
    "beta": 40
}