{
    "seed": 1,
    "scores": [
        221.92891416959176,
        240.7588329200469,
        221.92891416959174,
        285.69172933176907,
        240.75883292004693,
        176.9960177578696,
        240.75883292004693,
        240.75883292004693,
        221.92891416959176,
        240.7588329200469,
        221.92891416959176,
        240.75883292004693,
        240.7588329200469,
        240.75883292004693,
        221.92891416959174,
        240.75883292004693,
        240.75883292004693,
        240.75883292004693,
        176.9960177578696,
        240.75883292004693,
        240.75883292004693,
        240.75883292004693,
        285.69172933176907,
        240.75883292004693,
        240.75883292004693,
        176.9960177578696,
        240.7588329200469,
        240.75883292004693,
        240.75883292004693,
        285.6917293317691,
        240.75883292004693,
        240.75883292004693,
        176.9960177578696,
        240.75883292004693,
        240.7588329200469,
        176.9960177578696,
        176.9960177578696,
        176.9960177578696,
        176.9960177578696,
        158.88575761224874,
        145.6358904699755,
        145.6358904699755,
        140.05583886179357,
        63.76281516217733,
        95.1229424500714
    ],
    "index": 1,
    "threshold": 2,
    "weight2": 0,
    "weight1": 1,
    "heterogeneity": 0.7,
    "lambda": 50,
    "times": [
        33.478008,
        10.142205,
        7.91701,
        9.922214,
        7.0626,
        6.617477,
        6.617057,
        8.102797,
        6.756297,
        6.012454,
        6.567454,
        7.101864,
        6.142628,
        5.950068,
        5.810126,
        6.328286,
        6.474791,
        6.6669,
        5.597108,
        5.575587,
        6.115848,
        6.232576,
        5.965026,
        5.978431,
        5.396521,
        5.232044,
        6.29817,
        30.940127,
        5.205394,
        6.829254,
        5.812591,
        4.774818,
        4.320527,
        6.651581,
        4.912165,
        5.710609,
        4.325657,
        4.473644,
        4.159436,
        4.652188,
        4.363579,
        4.685701,
        4.521614,
        3.980982,
        4.237763
    ],
    "capacityMultiplier": 0.5,
    "strictness": 1.2,
    "runTime": 320,
    "beta": 40
}