{
    "seed": 1,
    "scores": [
        221.92891416959176,
        176.9960177578696,
        240.7588329200469,
        240.75883292004693,
        240.75883292004693,
        240.75883292004693,
        285.69172933176907,
        240.75883292004693,
        240.75883292004693,
        221.92891416959176,
        240.75883292004693,
        240.75883292004693,
        221.92891416959174,
        176.9960177578696,
        176.9960177578696,
        285.6917293317691,
        285.6917293317691,
        240.75883292004693,
        240.75883292004693,
        240.75883292004693,
        240.7588329200469,
        176.9960177578696,
        240.75883292004693,
        221.92891416959174,
        269.4093126060659,
        176.9960177578696,
        240.75883292004693,
        95.1229424500714,
        240.75883292004693,
        240.75883292004693,
        176.9960177578696,
        203.8186540239709,
        240.75883292004693,
        176.9960177578696,
        203.8186540239709,
        176.9960177578696,
        158.88575761224874,
        193.52590658002822,
        158.88575761224874,
        81.87307530779817,
        140.05583886179357,
        140.05583886179357,
        92.41329484819634,
        81.87307530779817,
        44.93289641172217
    ],
    "index": 19,
    "threshold": 2,
    "weight2": 0,
    "weight1": 1,
    "heterogeneity": 0.7,
    "lambda": 50,
    "times": [
        32.985453,
        9.759664,
        8.00591,
        8.760689,
        7.280514,
        7.900913,
        7.911593,
        7.49761,
        7.561068,
        6.772145,
        6.411833,
        7.300572,
        5.936045,
        5.543131,
        6.151296,
        7.184715,
        7.583481,
        6.920623,
        6.418004,
        6.636863,
        6.528901,
        5.882484,
        5.727625,
        5.552287,
        6.941302,
        5.860954,
        21.914851,
        4.919696,
        5.600648,
        5.557998,
        5.223554,
        5.035953,
        5.792426,
        6.566271,
        5.440599,
        5.766177,
        4.749919,
        4.854325,
        4.558091,
        4.130613,
        4.829418,
        4.491577,
        5.030693,
        4.34858,
        3.84499
    ],
    "capacityMultiplier": 0.5,
    "strictness": 1.2,
    "runTime": 319,
    "beta": 40
}