{
    "seed": 1,
    "scores": [
        221.92891416959174,
        176.9960177578696,
        240.75883292004693,
        257.28872174220555,
        221.92891416959176,
        269.4093126060659,
        240.75883292004693,
        240.7588329200469,
        285.69172933176907,
        221.92891416959176,
        240.75883292004693,
        240.75883292004693,
        240.75883292004693,
        240.75883292004693,
        240.75883292004693,
        240.75883292004693,
        221.92891416959176,
        176.9960177578696,
        240.75883292004693,
        240.75883292004693,
        176.9960177578696,
        240.75883292004693,
        176.9960177578696,
        123.77342213609042,
        269.40931260606595,
        240.75883292004693,
        240.75883292004693,
        176.9960177578696,
        221.92891416959176,
        221.92891416959176,
        176.9960177578696,
        221.92891416959176,
        187.53623729826774,
        240.75883292004693,
        221.92891416959176,
        221.92891416959174,
        158.88575761224874,
        98.40296412995683,
        145.6358904699755,
        176.9960177578696,
        140.05583886179357,
        63.76281516217733,
        44.93289641172217,
        140.05583886179357,
        126.80597171952034
    ],
    "index": 27,
    "threshold": 2,
    "weight2": 0,
    "weight1": 1,
    "heterogeneity": 0.7,
    "lambda": 50,
    "times": [
        33.294891,
        10.050241,
        9.298906,
        8.797548,
        7.402841,
        7.830832,
        7.567479,
        7.764708,
        6.588458,
        6.656646,
        6.031156,
        6.464457,
        6.481088,
        7.041927,
        7.150499,
        6.769577,
        6.302334,
        5.589871,
        6.318323,
        5.921912,
        5.506645,
        5.997454,
        4.932001,
        5.035084,
        6.781609,
        5.825722,
        20.050618,
        4.820193,
        5.014856,
        5.332319,
        4.766141,
        4.820082,
        5.056734,
        5.265014,
        6.037438,
        6.657768,
        4.468204,
        4.504963,
        4.557091,
        4.593338,
        4.499492,
        4.341918,
        3.956377,
        4.844537,
        4.777914
    ],
    "capacityMultiplier": 0.5,
    "strictness": 1.2,
    "runTime": 311,
    "beta": 40
}