{
    "seed": 1,
    "scores": [
        285.69172933176907,
        240.75883292004693,
        240.75883292004693,
        221.92891416959176,
        285.69172933176907,
        285.69172933176907,
        257.28872174220555,
        285.6917293317691,
        203.8186540239709,
        240.75883292004693,
        221.92891416959176,
        176.9960177578696,
        285.6917293317691,
        240.75883292004693,
        285.69172933176907,
        285.69172933176907,
        285.69172933176907,
        240.75883292004693,
        221.92891416959176,
        176.9960177578696,
        240.75883292004693,
        240.75883292004693,
        240.75883292004693,
        240.75883292004693,
        221.92891416959174,
        176.9960177578696,
        221.92891416959176,
        221.92891416959176,
        240.75883292004693,
        240.75883292004693,
        176.9960177578696,
        285.69172933176907,
        221.92891416959176,
        240.75883292004693,
        158.88575761224874,
        176.9960177578696,
        176.9960177578696,
        140.05583886179357,
        221.92891416959176,
        158.88575761224874,
        95.1229424500714,
        80.29270398433599,
        63.76281516217733,
        81.87307530779817,
        28.650479686019015
    ],
    "index": 38,
    "threshold": 2,
    "weight2": 0,
    "weight1": 1,
    "heterogeneity": 0.7,
    "lambda": 50,
    "times": [
        35.341824,
        9.12993,
        8.803749,
        8.635113,
        8.183037,
        7.33059,
        7.562604,
        8.300066,
        6.119702,
        6.761694,
        6.65275,
        5.291942,
        6.825123,
        6.77542,
        6.966248,
        7.116008,
        6.509191,
        6.23067,
        5.771871,
        5.369346,
        5.659971,
        6.274993,
        6.407101,
        5.723249,
        5.800324,
        5.339591,
        13.112119,
        5.76071,
        5.492848,
        5.515821,
        4.748754,
        5.749078,
        5.159544,
        5.284648,
        6.883152,
        5.216851,
        4.708249,
        4.492494,
        5.226198,
        4.692209,
        4.11647,
        4.926097,
        3.976107,
        4.304312,
        3.747209
    ],
    "capacityMultiplier": 0.5,
    "strictness": 1.2,
    "runTime": 308,
    "beta": 40
}