{
    "seed": 1,
    "scores": [
        240.75883292004693,
        240.75883292004693,
        240.75883292004693,
        176.9960177578696,
        240.75883292004693,
        221.92891416959174,
        285.69172933176907,
        240.75883292004693,
        285.69172933176907,
        257.28872174220555,
        240.75883292004693,
        285.69172933176907,
        221.92891416959174,
        240.75883292004693,
        221.92891416959176,
        176.9960177578696,
        240.7588329200469,
        240.75883292004693,
        176.9960177578696,
        240.75883292004693,
        285.69172933176907,
        240.75883292004693,
        176.9960177578696,
        221.92891416959174,
        221.92891416959174,
        240.75883292004693,
        240.75883292004693,
        240.75883292004693,
        238.45880299175042,
        240.75883292004693,
        158.88575761224874,
        240.75883292004693,
        240.75883292004693,
        240.75883292004693,
        176.9960177578696,
        176.9960177578696,
        240.75883292004693,
        176.9960177578696,
        193.52590658002822,
        176.9960177578696,
        158.88575761224874,
        98.40296412995683,
        80.29270398433599,
        98.40296412995683,
        63.76281516217733
    ],
    "index": 33,
    "threshold": 2,
    "weight2": 0,
    "weight1": 1,
    "heterogeneity": 0.7,
    "lambda": 50,
    "times": [
        35.330366,
        8.796339,
        8.276499,
        7.058756,
        7.749335,
        7.52177,
        8.085773,
        7.440448,
        7.37153,
        6.629635,
        6.760248,
        6.950142,
        5.784347,
        6.298987,
        6.483441,
        6.04348,
        6.547491,
        6.137776,
        5.032453,
        6.035125,
        6.550136,
        6.248152,
        5.523921,
        6.171379,
        5.888531,
        5.725517,
        16.548739,
        5.462325,
        5.640659,
        5.302167,
        4.653056,
        5.657049,
        5.044225,
        5.265899,
        4.398119,
        7.056421,
        5.015972,
        4.507153,
        5.27181,
        4.498317,
        4.562937,
        4.463311,
        4.71472,
        4.610616,
        4.020134
    ],
    "capacityMultiplier": 0.5,
    "strictness": 1.2,
    "runTime": 309,
    "beta": 40
}