{
    "seed": 1,
    "scores": [
        285.69172933176907,
        176.9960177578696,
        240.75883292004693,
        285.69172933176907,
        285.69172933176907,
        221.92891416959176,
        240.75883292004693,
        240.75883292004693,
        221.92891416959176,
        240.7588329200469,
        221.92891416959176,
        285.6917293317691,
        240.75883292004693,
        240.75883292004693,
        240.75883292004693,
        240.75883292004693,
        240.75883292004693,
        269.4093126060659,
        176.9960177578696,
        176.9960177578696,
        221.92891416959176,
        240.75883292004693,
        240.75883292004693,
        240.7588329200469,
        240.75883292004693,
        176.9960177578696,
        158.88575761224874,
        176.9960177578696,
        176.9960177578696,
        176.9960177578696,
        158.88575761224874,
        240.75883292004693,
        176.9960177578696,
        176.9960177578696,
        140.05583886179357,
        221.92891416959176,
        190.5687868816977,
        176.9960177578696,
        92.41329484819634,
        145.6358904699755,
        126.80597171952034,
        95.1229424500714,
        81.87307530779817,
        73.58337609774118,
        16.529888822158654
    ],
    "index": 26,
    "threshold": 2,
    "weight2": 0,
    "weight1": 1,
    "heterogeneity": 0.7,
    "lambda": 50,
    "times": [
        35.876882,
        8.171478,
        8.132816,
        8.274371,
        8.256327,
        7.205865,
        8.143697,
        7.347069,
        6.94598,
        6.596859,
        6.264327,
        7.415316,
        6.939578,
        6.92971,
        6.594895,
        6.322796,
        6.836626,
        6.628457,
        5.019283,
        5.341584,
        5.725512,
        5.470354,
        6.036161,
        5.33358,
        5.675618,
        5.368645,
        11.77127,
        5.265582,
        4.647307,
        4.508238,
        4.575694,
        5.296851,
        4.606211,
        4.839777,
        4.378165,
        6.434515,
        6.365085,
        4.529508,
        4.944553,
        4.875093,
        4.405326,
        4.298747,
        4.307433,
        4.617192,
        3.741898
    ],
    "capacityMultiplier": 0.5,
    "strictness": 1.2,
    "runTime": 301,
    "beta": 40
}