{
    "seed": 1,
    "scores": [
        240.75883292004693,
        240.75883292004693,
        269.4093126060659,
        240.7588329200469,
        240.75883292004693,
        221.92891416959174,
        240.75883292004693,
        240.75883292004693,
        240.75883292004693,
        240.75883292004693,
        240.75883292004693,
        176.9960177578696,
        221.92891416959174,
        269.4093126060659,
        240.7588329200469,
        221.92891416959174,
        221.92891416959176,
        158.88575761224874,
        176.9960177578696,
        240.75883292004693,
        176.9960177578696,
        240.75883292004693,
        269.4093126060659,
        221.92891416959174,
        240.75883292004693,
        240.75883292004693,
        269.4093126060659,
        269.4093126060659,
        240.75883292004693,
        240.75883292004693,
        176.9960177578696,
        240.75883292004693,
        176.9960177578696,
        240.75883292004693,
        205.6464974438886,
        176.9960177578696,
        176.9960177578696,
        145.6358904699755,
        176.9960177578696,
        176.9960177578696,
        158.88575761224874,
        81.87307530779817,
        63.76281516217733,
        81.87307530779817,
        92.41329484819634
    ],
    "index": 3,
    "threshold": 2,
    "weight2": 0,
    "weight1": 1,
    "heterogeneity": 0.7,
    "lambda": 50,
    "times": [
        34.513722,
        8.79551,
        8.607679,
        7.251688,
        7.684035,
        7.400095,
        7.288747,
        6.766753,
        6.999697,
        6.495346,
        6.570105,
        5.484659,
        6.169677,
        6.44382,
        6.430084,
        6.316102,
        6.543997,
        5.735858,
        5.340189,
        5.885017,
        5.002228,
        5.598281,
        6.913556,
        6.192651,
        6.237294,
        5.610724,
        5.601337,
        23.103781,
        5.73151,
        5.661629,
        5.129366,
        5.539752,
        4.747112,
        5.465303,
        4.815419,
        5.995142,
        5.4797,
        4.573348,
        4.55845,
        4.605418,
        4.818796,
        4.180484,
        4.391318,
        4.466579,
        4.539053
    ],
    "capacityMultiplier": 0.5,
    "strictness": 1.2,
    "runTime": 312,
    "beta": 40
}