{
    "seed": 1,
    "scores": [
        221.92891416959176,
        240.75883292004693,
        285.6917293317691,
        285.6917293317691,
        285.6917293317691,
        221.92891416959176,
        285.6917293317691,
        257.28872174220555,
        285.6917293317691,
        240.75883292004693,
        240.75883292004693,
        240.75883292004693,
        240.7588329200469,
        240.75883292004693,
        285.6917293317691,
        240.75883292004693,
        240.75883292004693,
        240.75883292004693,
        240.75883292004693,
        240.75883292004693,
        240.75883292004693,
        240.75883292004693,
        240.75883292004693,
        240.75883292004693,
        240.75883292004693,
        240.75883292004693,
        240.75883292004693,
        240.75883292004693,
        205.6464974438886,
        221.92891416959174,
        176.9960177578696,
        176.9960177578696,
        240.75883292004693,
        158.88575761224874,
        240.75883292004693,
        240.75883292004693,
        158.88575761224874,
        176.9960177578696,
        140.05583886179357,
        145.6358904699755,
        61.46278523388082,
        63.76281516217733,
        44.93289641172217,
        95.1229424500714,
        81.87307530779817
    ],
    "index": 35,
    "threshold": 2,
    "weight2": 0,
    "weight1": 1,
    "heterogeneity": 0.7,
    "lambda": 50,
    "times": [
        32.962101,
        10.551654,
        9.586023,
        8.627815,
        9.065312,
        6.847334,
        8.365445,
        6.706982,
        7.599497,
        6.708064,
        7.077233,
        6.876448,
        6.493394,
        5.759835,
        6.569155,
        6.37334,
        6.446085,
        6.991423,
        6.455573,
        6.835411,
        6.40047,
        6.675814,
        5.948086,
        6.059634,
        5.767309,
        6.736527,
        40.062908,
        5.585079,
        5.268839,
        4.814452,
        4.46519,
        4.763967,
        5.365259,
        4.473345,
        6.815243,
        5.468672,
        5.002572,
        4.717711,
        4.692194,
        4.645536,
        4.717791,
        4.192532,
        3.84882,
        4.276968,
        4.226625
    ],
    "capacityMultiplier": 0.5,
    "strictness": 1.2,
    "runTime": 337,
    "beta": 40
}