{
    "seed": 1,
    "scores": [
        285.69172933176907,
        176.9960177578696,
        285.69172933176907,
        285.69172933176907,
        285.6917293317691,
        221.92891416959176,
        176.9960177578696,
        240.75883292004693,
        221.92891416959176,
        240.7588329200469,
        176.9960177578696,
        285.6917293317691,
        240.75883292004693,
        285.6917293317691,
        240.75883292004693,
        269.4093126060659,
        285.69172933176907,
        269.4093126060659,
        176.9960177578696,
        176.9960177578696,
        240.75883292004693,
        240.75883292004693,
        240.75883292004693,
        240.75883292004693,
        269.4093126060659,
        240.75883292004693,
        240.75883292004693,
        176.9960177578696,
        240.75883292004693,
        176.9960177578696,
        176.9960177578696,
        240.75883292004693,
        174.28637015599452,
        238.4588029917504,
        176.9960177578696,
        176.9960177578696,
        190.56878688169766,
        176.9960177578696,
        176.9960177578696,
        176.9960177578696,
        81.87307530779817,
        158.88575761224874,
        110.52355499381719,
        44.93289641172217,
        44.93289641172217
    ],
    "index": 6,
    "threshold": 2,
    "weight2": 0,
    "weight1": 1,
    "heterogeneity": 0.7,
    "lambda": 50,
    "times": [
        35.597931,
        7.977616,
        8.341135,
        8.838795,
        8.942618,
        6.961048,
        6.354937,
        7.780489,
        6.857074,
        6.571391,
        5.661201,
        7.486108,
        6.565068,
        7.715988,
        7.057338,
        6.704358,
        6.930652,
        6.721511,
        4.915218,
        5.29101,
        5.664828,
        5.810941,
        5.938639,
        6.821207,
        6.31406,
        5.664788,
        12.980629,
        4.817355,
        4.996991,
        4.51998,
        4.39188,
        5.294416,
        4.891243,
        5.078063,
        5.471838,
        5.618682,
        4.889119,
        4.359681,
        4.766781,
        4.717759,
        3.970904,
        4.290952,
        4.561037,
        3.976345,
        4.019206
    ],
    "capacityMultiplier": 0.5,
    "strictness": 1.2,
    "runTime": 303,
    "beta": 40
}