{
    "seed": 1,
    "scores": [
        176.9960177578696,
        240.7588329200469,
        285.6917293317691,
        240.75883292004693,
        240.75883292004693,
        176.9960177578696,
        240.75883292004693,
        240.75883292004693,
        240.75883292004693,
        240.75883292004693,
        240.75883292004693,
        240.75883292004693,
        158.88575761224874,
        240.75883292004693,
        240.75883292004693,
        240.75883292004693,
        240.75883292004693,
        240.75883292004693,
        240.75883292004693,
        176.9960177578696,
        176.9960177578696,
        240.75883292004693,
        240.75883292004693,
        240.75883292004693,
        240.75883292004693,
        176.9960177578696,
        240.75883292004693,
        221.92891416959176,
        221.92891416959174,
        123.77342213609042,
        176.9960177578696,
        176.9960177578696,
        221.92891416959174,
        221.92891416959176,
        145.6358904699755,
        176.9960177578696,
        158.88575761224874,
        110.52355499381719,
        176.9960177578696,
        176.9960177578696,
        137.34619125991853,
        44.93289641172217,
        123.77342213609042,
        63.76281516217733,
        95.1229424500714
    ],
    "index": 22,
    "threshold": 2,
    "weight2": 0,
    "weight1": 1,
    "heterogeneity": 0.7,
    "lambda": 50,
    "times": [
        34.4616,
        9.843293,
        8.840298,
        7.789282,
        6.957137,
        6.881346,
        7.328031,
        7.233694,
        6.503118,
        6.289629,
        7.192937,
        6.535699,
        5.45572,
        6.434099,
        5.991291,
        5.790686,
        5.93687,
        6.50394,
        6.050272,
        5.395858,
        5.528667,
        6.339051,
        5.943382,
        5.945736,
        5.578971,
        5.140611,
        5.741895,
        5.839468,
        42.824795,
        4.913947,
        4.51436,
        5.076682,
        5.543484,
        5.148967,
        4.872079,
        4.901204,
        4.702712,
        5.946848,
        4.571757,
        6.601292,
        5.215982,
        4.281625,
        4.747065,
        4.188141,
        4.38612
    ],
    "capacityMultiplier": 0.5,
    "strictness": 1.2,
    "runTime": 331,
    "beta": 40
}