{
    "seed": 1,
    "scores": [
        221.92891416959174,
        193.52590658002822,
        240.75883292004693,
        240.75883292004693,
        269.4093126060659,
        250.57939385561076,
        240.75883292004693,
        240.7588329200469,
        250.57939385561076,
        221.92891416959176,
        240.75883292004693,
        285.69172933176907,
        221.92891416959174,
        176.9960177578696,
        240.75883292004693,
        285.69172933176907,
        240.7588329200469,
        176.9960177578696,
        240.75883292004693,
        240.75883292004693,
        240.75883292004693,
        176.9960177578696,
        269.4093126060659,
        176.9960177578696,
        285.69172933176907,
        285.6917293317691,
        240.75883292004693,
        240.75883292004693,
        240.75883292004693,
        240.75883292004693,
        240.75883292004693,
        168.7063185478126,
        240.75883292004693,
        176.9960177578696,
        203.8186540239709,
        240.75883292004693,
        158.88575761224874,
        98.40296412995683,
        158.88575761224874,
        176.9960177578696,
        158.88575761224874,
        145.6358904699755,
        108.6957115738995,
        95.1229424500714,
        126.80597171952034
    ],
    "index": 4,
    "threshold": 2,
    "weight2": 0,
    "weight1": 1,
    "heterogeneity": 0.7,
    "lambda": 50,
    "times": [
        33.039894,
        10.530846,
        9.638828,
        8.126659,
        6.840143,
        7.528771,
        7.897921,
        7.153559,
        7.892882,
        6.348143,
        5.776975,
        7.240101,
        5.822219,
        5.600254,
        7.192992,
        6.808754,
        6.466594,
        5.51285,
        5.874768,
        6.177814,
        6.276699,
        5.940881,
        6.473618,
        5.008818,
        6.573204,
        6.89751,
        14.934011,
        4.730437,
        5.421349,
        5.370223,
        5.063139,
        4.916234,
        4.835133,
        5.763409,
        5.108123,
        6.034616,
        4.487854,
        4.431238,
        4.478757,
        4.531746,
        4.668842,
        4.711803,
        4.83372,
        4.56082,
        4.761375
    ],
    "capacityMultiplier": 0.5,
    "strictness": 1.2,
    "runTime": 308,
    "beta": 40
}