{
    "seed": 1,
    "scores": [
        285.69172933176907,
        240.75883292004693,
        240.75883292004693,
        221.92891416959176,
        285.69172933176907,
        285.69172933176907,
        257.28872174220555,
        285.69172933176907,
        168.7063185478126,
        240.75883292004693,
        221.92891416959176,
        176.9960177578696,
        221.92891416959176,
        240.75883292004693,
        176.9960177578696,
        250.57939385561076,
        285.6917293317691,
        221.92891416959176,
        240.75883292004693,
        176.9960177578696,
        240.75883292004693,
        240.75883292004693,
        203.8186540239709,
        240.75883292004693,
        240.75883292004693,
        176.9960177578696,
        221.92891416959176,
        221.92891416959176,
        240.75883292004693,
        240.75883292004693,
        176.9960177578696,
        285.69172933176907,
        221.92891416959176,
        158.88575761224874,
        158.88575761224874,
        176.9960177578696,
        123.77342213609042,
        126.80597171952034,
        126.80597171952034,
        158.88575761224874,
        95.1229424500714,
        92.41329484819634,
        108.6957115738995,
        81.87307530779817,
        28.650479686019015
    ],
    "index": 18,
    "threshold": 2,
    "weight2": 0,
    "weight1": 1,
    "heterogeneity": 0.7,
    "lambda": 50,
    "times": [
        34.756077,
        9.315892,
        8.722362,
        7.728212,
        8.100599,
        7.24547,
        7.677798,
        7.992436,
        5.824543,
        6.644105,
        6.788976,
        5.386172,
        5.915643,
        6.70535,
        5.528469,
        7.121338,
        5.965316,
        6.161683,
        5.682006,
        5.38479,
        6.08531,
        6.683359,
        6.230522,
        5.918268,
        5.473125,
        5.626853,
        6.624198,
        27.192111,
        6.078256,
        5.98385,
        4.908269,
        5.960156,
        5.537686,
        4.958703,
        5.041949,
        5.994159,
        6.669152,
        4.781933,
        4.998076,
        4.737118,
        4.12287,
        4.699068,
        4.588691,
        4.25634,
        3.844139
    ],
    "capacityMultiplier": 0.5,
    "strictness": 1.2,
    "runTime": 321,
    "beta": 40
}