{
    "seed": 1,
    "scores": [
        221.92891416959176,
        240.75883292004693,
        285.6917293317691,
        285.69172933176907,
        285.6917293317691,
        285.6917293317691,
        285.6917293317691,
        240.75883292004693,
        240.75883292004693,
        240.75883292004693,
        240.75883292004693,
        240.75883292004693,
        240.7588329200469,
        240.75883292004693,
        240.75883292004693,
        221.92891416959176,
        240.75883292004693,
        158.88575761224874,
        285.6917293317691,
        240.75883292004693,
        240.75883292004693,
        285.69172933176907,
        176.9960177578696,
        240.75883292004693,
        176.9960177578696,
        240.75883292004693,
        240.75883292004693,
        240.75883292004693,
        221.92891416959176,
        240.75883292004693,
        176.9960177578696,
        176.9960177578696,
        176.9960177578696,
        158.88575761224874,
        240.75883292004693,
        123.77342213609042,
        95.1229424500714,
        140.05583886179357,
        176.9960177578696,
        63.76281516217733,
        45.180368508177665,
        63.76281516217733,
        44.93289641172217,
        95.1229424500714,
        81.87307530779817
    ],
    "index": 15,
    "threshold": 2,
    "weight2": 0,
    "weight1": 1,
    "heterogeneity": 0.7,
    "lambda": 50,
    "times": [
        33.49928,
        10.350311,
        9.580862,
        8.406306,
        8.17288,
        7.149737,
        8.508858,
        6.166358,
        6.33244,
        6.550216,
        7.081399,
        6.596012,
        6.223897,
        6.416677,
        6.39168,
        6.095557,
        6.422328,
        5.70203,
        7.420273,
        6.253843,
        6.446001,
        6.812337,
        5.452163,
        6.073145,
        5.620458,
        5.927993,
        60.935655,
        5.394004,
        5.307893,
        4.964892,
        4.535269,
        4.875776,
        4.934175,
        4.485265,
        5.831523,
        6.325897,
        4.884201,
        4.705578,
        5.004696,
        4.159857,
        4.416688,
        4.152914,
        3.893228,
        4.120553,
        4.196425
    ],
    "capacityMultiplier": 0.5,
    "strictness": 1.2,
    "runTime": 352,
    "beta": 40
}