{
    "seed": 1,
    "scores": [
        221.92891416959176,
        176.9960177578696,
        240.7588329200469,
        240.75883292004693,
        240.75883292004693,
        257.28872174220555,
        221.92891416959174,
        240.75883292004693,
        240.75883292004693,
        240.75883292004693,
        240.75883292004693,
        240.75883292004693,
        221.92891416959174,
        240.75883292004693,
        176.9960177578696,
        203.8186540239709,
        285.69172933176907,
        240.75883292004693,
        240.75883292004693,
        240.75883292004693,
        240.7588329200469,
        176.9960177578696,
        240.75883292004693,
        221.92891416959174,
        269.4093126060659,
        176.9960177578696,
        240.75883292004693,
        95.1229424500714,
        240.75883292004693,
        221.92891416959176,
        176.9960177578696,
        158.88575761224874,
        269.4093126060659,
        176.9960177578696,
        221.92891416959176,
        176.9960177578696,
        158.88575761224874,
        221.92891416959176,
        158.88575761224874,
        81.87307530779817,
        140.05583886179357,
        123.77342213609042,
        63.76281516217733,
        126.80597171952034,
        44.93289641172217
    ],
    "index": 29,
    "threshold": 2,
    "weight2": 0,
    "weight1": 1,
    "heterogeneity": 0.7,
    "lambda": 50,
    "times": [
        33.493268,
        9.722195,
        8.550483,
        8.028697,
        6.792074,
        7.217541,
        7.287411,
        7.186622,
        7.173137,
        6.765765,
        6.245792,
        6.959247,
        5.70982,
        5.99828,
        5.973944,
        6.27098,
        7.328438,
        6.814487,
        6.059995,
        6.301937,
        5.92876,
        5.818313,
        5.630301,
        5.23896,
        6.723566,
        5.439985,
        20.763267,
        4.45905,
        5.247916,
        5.363242,
        4.738603,
        4.59775,
        5.619671,
        4.723695,
        5.233589,
        5.456957,
        4.507712,
        6.160854,
        4.434114,
        4.096512,
        4.73654,
        4.577612,
        4.236535,
        4.591628,
        3.721431
    ],
    "capacityMultiplier": 0.5,
    "strictness": 1.2,
    "runTime": 307,
    "beta": 40
}