{
    "seed": 1,
    "scores": [
        176.9960177578696,
        240.75883292004693,
        285.69172933176907,
        285.6917293317691,
        158.88575761224874,
        176.9960177578696,
        240.75883292004693,
        240.75883292004693,
        240.75883292004693,
        240.75883292004693,
        240.75883292004693,
        221.92891416959176,
        240.7588329200469,
        221.92891416959176,
        240.75883292004693,
        240.75883292004693,
        240.75883292004693,
        203.8186540239709,
        240.75883292004693,
        240.75883292004693,
        240.75883292004693,
        240.75883292004693,
        240.75883292004693,
        221.92891416959176,
        240.75883292004693,
        240.75883292004693,
        240.75883292004693,
        285.6917293317691,
        240.75883292004693,
        176.9960177578696,
        240.75883292004693,
        176.9960177578696,
        95.1229424500714,
        203.8186540239709,
        240.75883292004693,
        158.88575761224874,
        176.9960177578696,
        140.30331095824909,
        140.05583886179357,
        108.6957115738995,
        110.52355499381719,
        108.6957115738995,
        140.05583886179357,
        158.88575761224874,
        95.1229424500714
    ],
    "index": 30,
    "threshold": 2,
    "weight2": 0,
    "weight1": 1,
    "heterogeneity": 0.7,
    "lambda": 50,
    "times": [
        33.148389,
        9.720203,
        8.796626,
        9.212584,
        6.140527,
        6.502063,
        7.177907,
        7.699042,
        6.82134,
        6.371408,
        6.462719,
        6.361751,
        6.477678,
        6.013489,
        6.862147,
        5.496471,
        6.575691,
        5.82683,
        6.191182,
        5.685756,
        6.31849,
        6.620164,
        5.683462,
        6.208263,
        5.24451,
        5.900528,
        6.540785,
        48.791311,
        5.258677,
        4.926666,
        5.506762,
        4.279425,
        4.355938,
        5.104399,
        5.231316,
        4.734287,
        4.911257,
        6.253127,
        4.298381,
        4.769983,
        4.502563,
        4.665247,
        4.184127,
        4.39954,
        4.284895
    ],
    "capacityMultiplier": 0.5,
    "strictness": 1.2,
    "runTime": 336,
    "beta": 40
}