{
    "seed": 1,
    "scores": [
        176.9960177578696,
        240.75883292004693,
        285.69172933176907,
        285.6917293317691,
        240.75883292004693,
        176.9960177578696,
        240.75883292004693,
        240.75883292004693,
        240.75883292004693,
        240.75883292004693,
        240.75883292004693,
        221.92891416959176,
        240.7588329200469,
        240.75883292004693,
        240.75883292004693,
        240.75883292004693,
        221.92891416959176,
        240.75883292004693,
        240.75883292004693,
        240.75883292004693,
        240.75883292004693,
        240.75883292004693,
        240.75883292004693,
        221.92891416959176,
        176.9960177578696,
        240.75883292004693,
        240.75883292004693,
        240.75883292004693,
        203.8186540239709,
        176.9960177578696,
        240.75883292004693,
        176.9960177578696,
        95.1229424500714,
        203.8186540239709,
        176.9960177578696,
        176.9960177578696,
        95.1229424500714,
        123.77342213609042,
        176.9960177578696,
        145.6358904699755,
        110.52355499381719,
        108.6957115738995,
        140.05583886179357,
        95.1229424500714,
        176.9960177578696
    ],
    "index": 20,
    "threshold": 2,
    "weight2": 0,
    "weight1": 1,
    "heterogeneity": 0.7,
    "lambda": 50,
    "times": [
        33.125735,
        9.840669,
        8.727136,
        9.378505,
        7.454818,
        6.602825,
        6.777792,
        7.417468,
        6.329525,
        6.642379,
        6.441854,
        6.344742,
        6.547822,
        6.278519,
        6.515172,
        6.135,
        6.454438,
        5.762083,
        6.170747,
        6.00066,
        6.711077,
        6.741234,
        5.725284,
        5.85108,
        5.351105,
        5.98009,
        5.938092,
        6.05951,
        26.328476,
        4.866369,
        5.60509,
        4.577328,
        4.42874,
        5.277538,
        4.721217,
        4.782912,
        4.687304,
        5.393884,
        5.323373,
        4.47117,
        4.443808,
        4.732147,
        4.255055,
        4.160168,
        4.290672
    ],
    "capacityMultiplier": 0.5,
    "strictness": 1.2,
    "runTime": 315,
    "beta": 40
}