{
    "seed": 1,
    "scores": [
        221.92891416959176,
        176.9960177578696,
        240.7588329200469,
        240.75883292004693,
        285.69172933176907,
        240.75883292004693,
        285.69172933176907,
        221.92891416959174,
        240.75883292004693,
        221.92891416959176,
        240.75883292004693,
        285.69172933176907,
        176.9960177578696,
        176.9960177578696,
        240.7588329200469,
        285.6917293317691,
        285.6917293317691,
        240.75883292004693,
        240.75883292004693,
        240.75883292004693,
        240.7588329200469,
        176.9960177578696,
        269.4093126060659,
        221.92891416959174,
        269.4093126060659,
        176.9960177578696,
        240.75883292004693,
        140.05583886179357,
        240.75883292004693,
        240.75883292004693,
        176.9960177578696,
        176.9960177578696,
        240.75883292004693,
        240.75883292004693,
        221.92891416959176,
        176.9960177578696,
        158.88575761224874,
        240.75883292004693,
        158.88575761224874,
        176.9960177578696,
        176.9960177578696,
        73.58337609774118,
        63.76281516217733,
        81.87307530779817,
        44.93289641172217
    ],
    "index": 9,
    "threshold": 2,
    "weight2": 0,
    "weight1": 1,
    "heterogeneity": 0.7,
    "lambda": 50,
    "times": [
        32.990437,
        9.754466,
        8.477116,
        8.557787,
        7.346992,
        7.729819,
        7.395694,
        7.747231,
        7.213853,
        6.268485,
        5.422773,
        7.345038,
        5.417473,
        5.235382,
        6.324961,
        6.702637,
        6.947665,
        6.182164,
        5.973173,
        6.067679,
        6.043645,
        5.625623,
        5.419096,
        5.413375,
        6.471494,
        5.318257,
        5.456957,
        4.787975,
        13.551477,
        5.277141,
        4.670306,
        4.51727,
        5.395041,
        5.268204,
        5.385563,
        4.285626,
        4.411902,
        5.500308,
        4.339627,
        5.595396,
        4.816218,
        4.392846,
        4.272251,
        4.349486,
        3.696243
    ],
    "capacityMultiplier": 0.5,
    "strictness": 1.2,
    "runTime": 299,
    "beta": 40
}