{
    "seed": 1,
    "scores": [
        285.69172933176907,
        176.9960177578696,
        240.75883292004693,
        285.69172933176907,
        285.6917293317691,
        221.92891416959176,
        257.28872174220555,
        285.69172933176907,
        221.92891416959176,
        240.7588329200469,
        240.75883292004693,
        240.75883292004693,
        240.75883292004693,
        285.6917293317691,
        240.75883292004693,
        240.75883292004693,
        240.75883292004693,
        240.75883292004693,
        176.9960177578696,
        240.75883292004693,
        240.75883292004693,
        240.75883292004693,
        285.69172933176907,
        240.75883292004693,
        176.9960177578696,
        240.75883292004693,
        240.75883292004693,
        176.9960177578696,
        240.75883292004693,
        240.75883292004693,
        240.75883292004693,
        240.75883292004693,
        285.6917293317691,
        176.9960177578696,
        140.05583886179357,
        221.92891416959176,
        190.5687868816977,
        176.9960177578696,
        145.6358904699755,
        176.9960177578696,
        221.92891416959176,
        123.77342213609042,
        81.87307530779817,
        28.650479686019015,
        16.529888822158654
    ],
    "index": 36,
    "threshold": 2,
    "weight2": 0,
    "weight1": 1,
    "heterogeneity": 0.7,
    "lambda": 50,
    "times": [
        36.146615,
        8.084216,
        8.009346,
        7.662076,
        9.431775,
        7.231832,
        7.550418,
        9.089966,
        6.730314,
        6.745783,
        6.822867,
        6.205142,
        6.663609,
        7.741194,
        6.894421,
        6.313515,
        6.910682,
        6.491979,
        4.933615,
        6.55703,
        5.836233,
        5.599399,
        6.741685,
        6.293077,
        5.330167,
        5.682926,
        6.110135,
        22.166977,
        4.870276,
        4.60993,
        5.437006,
        5.313044,
        5.373446,
        4.932513,
        4.390069,
        4.804002,
        5.970093,
        5.345124,
        4.864045,
        5.194462,
        4.71205,
        4.408694,
        4.212957,
        3.887469,
        3.664422
    ],
    "capacityMultiplier": 0.5,
    "strictness": 1.2,
    "runTime": 318,
    "beta": 40
}