{
    "seed": 1,
    "scores": [
        221.92891416959176,
        240.7588329200469,
        285.6917293317691,
        240.75883292004693,
        240.75883292004693,
        176.9960177578696,
        285.69172933176907,
        314.3422090177881,
        240.75883292004693,
        240.75883292004693,
        240.75883292004693,
        240.75883292004693,
        240.75883292004693,
        240.75883292004693,
        240.75883292004693,
        240.75883292004693,
        285.69172933176907,
        240.75883292004693,
        240.75883292004693,
        240.75883292004693,
        240.75883292004693,
        240.75883292004693,
        285.6917293317691,
        285.69172933176907,
        176.9960177578696,
        240.75883292004693,
        240.75883292004693,
        221.92891416959176,
        176.9960177578696,
        176.9960177578696,
        190.5687868816977,
        205.6464974438886,
        203.8186540239709,
        221.92891416959176,
        190.56878688169766,
        176.9960177578696,
        176.9960177578696,
        110.52355499381719,
        158.88575761224874,
        221.92891416959176,
        140.05583886179357,
        44.93289641172217,
        95.1229424500714,
        63.76281516217733,
        95.1229424500714
    ],
    "index": 32,
    "threshold": 2,
    "weight2": 0,
    "weight1": 1,
    "heterogeneity": 0.7,
    "lambda": 50,
    "times": [
        34.739313,
        10.248005,
        8.902343,
        8.143171,
        7.287998,
        7.261128,
        7.289221,
        7.730537,
        6.855808,
        7.268191,
        7.334866,
        6.984239,
        6.84107,
        6.756613,
        6.268878,
        5.854952,
        6.276943,
        6.299355,
        6.324021,
        6.017397,
        6.004913,
        6.529476,
        7.176409,
        6.372392,
        5.475201,
        6.631578,
        25.840917,
        5.843631,
        4.952181,
        5.245741,
        5.335499,
        5.308188,
        6.613965,
        5.656721,
        6.647587,
        4.894091,
        4.55695,
        5.299241,
        4.654263,
        5.279284,
        4.971547,
        4.219969,
        4.637841,
        4.332519,
        4.564885
    ],
    "capacityMultiplier": 0.5,
    "strictness": 1.2,
    "runTime": 327,
    "beta": 40
}