{
    "seed": 1,
    "scores": [
        221.92891416959174,
        176.9960177578696,
        240.75883292004693,
        240.75883292004693,
        240.75883292004693,
        250.57939385561076,
        240.75883292004693,
        176.9960177578696,
        314.3422090177881,
        250.57939385561076,
        240.75883292004693,
        221.92891416959176,
        285.69172933176907,
        240.75883292004693,
        285.6917293317691,
        285.69172933176907,
        240.7588329200469,
        285.6917293317691,
        240.75883292004693,
        240.75883292004693,
        240.75883292004693,
        176.9960177578696,
        240.7588329200469,
        221.92891416959176,
        240.75883292004693,
        221.92891416959176,
        240.75883292004693,
        240.75883292004693,
        176.9960177578696,
        257.28872174220555,
        176.9960177578696,
        193.52590658002822,
        158.88575761224874,
        240.75883292004693,
        140.05583886179357,
        176.9960177578696,
        175.4156464344074,
        221.92891416959176,
        158.88575761224874,
        176.9960177578696,
        158.88575761224874,
        92.41329484819634,
        92.41329484819634,
        176.9960177578696,
        126.80597171952034
    ],
    "index": 34,
    "threshold": 2,
    "weight2": 0,
    "weight1": 1,
    "heterogeneity": 0.7,
    "lambda": 50,
    "times": [
        33.493999,
        9.941806,
        9.560813,
        8.432816,
        7.345424,
        7.720856,
        7.96987,
        6.498201,
        7.505583,
        5.925992,
        6.251661,
        6.483774,
        6.225822,
        5.953573,
        8.087591,
        6.37967,
        6.394398,
        6.871589,
        5.926102,
        5.685192,
        6.703705,
        5.613729,
        5.271248,
        5.770702,
        6.419273,
        5.812921,
        6.254446,
        15.342255,
        4.806671,
        5.843498,
        4.999852,
        4.802463,
        4.583424,
        5.772025,
        4.756908,
        4.447249,
        7.936077,
        4.973963,
        4.379313,
        4.46405,
        4.609412,
        4.761506,
        4.630291,
        4.719427,
        4.628719
    ],
    "capacityMultiplier": 0.5,
    "strictness": 1.2,
    "runTime": 311,
    "beta": 40
}