{
    "seed": 1,
    "scores": [
        221.92891416959176,
        240.7588329200469,
        285.6917293317691,
        240.75883292004693,
        240.75883292004693,
        176.9960177578696,
        285.69172933176907,
        240.75883292004693,
        240.75883292004693,
        240.75883292004693,
        240.75883292004693,
        176.9960177578696,
        240.75883292004693,
        240.7588329200469,
        240.75883292004693,
        240.75883292004693,
        240.75883292004693,
        221.92891416959176,
        240.75883292004693,
        240.75883292004693,
        176.9960177578696,
        240.75883292004693,
        240.75883292004693,
        240.75883292004693,
        240.75883292004693,
        176.9960177578696,
        240.75883292004693,
        221.92891416959176,
        240.75883292004693,
        176.9960177578696,
        176.9960177578696,
        240.75883292004693,
        158.88575761224874,
        221.92891416959176,
        176.9960177578696,
        176.9960177578696,
        158.88575761224874,
        145.6358904699755,
        158.88575761224874,
        176.9960177578696,
        92.41329484819634,
        126.80597171952034,
        95.1229424500714,
        63.76281516217733,
        95.1229424500714
    ],
    "index": 12,
    "threshold": 2,
    "weight2": 0,
    "weight1": 1,
    "heterogeneity": 0.7,
    "lambda": 50,
    "times": [
        33.691418,
        10.23426,
        8.91123,
        8.24457,
        7.398515,
        7.348592,
        7.220912,
        7.500446,
        6.702761,
        6.430461,
        7.558705,
        6.421223,
        6.613914,
        5.781274,
        6.070055,
        5.931315,
        6.701589,
        6.544985,
        6.246987,
        6.266454,
        5.94426,
        6.745452,
        6.997834,
        6.747154,
        5.932157,
        5.647404,
        6.759608,
        23.114708,
        5.911568,
        5.285946,
        4.927935,
        5.775192,
        6.343268,
        5.284564,
        4.741846,
        6.033426,
        4.405656,
        4.83425,
        4.506906,
        4.751895,
        4.692234,
        4.752226,
        4.277296,
        3.833674,
        4.246318
    ],
    "capacityMultiplier": 0.5,
    "strictness": 1.2,
    "runTime": 320,
    "beta": 40
}