{
    "seed": 1,
    "scores": [
        285.69172933176907,
        240.75883292004693,
        240.75883292004693,
        240.75883292004693,
        285.69172933176907,
        176.9960177578696,
        240.75883292004693,
        285.69172933176907,
        221.92891416959174,
        240.75883292004693,
        285.69172933176907,
        240.7588329200469,
        221.92891416959174,
        240.75883292004693,
        203.8186540239709,
        250.57939385561076,
        285.6917293317691,
        240.7588329200469,
        221.92891416959176,
        240.7588329200469,
        158.88575761224874,
        240.75883292004693,
        240.75883292004693,
        240.75883292004693,
        240.75883292004693,
        240.75883292004693,
        240.7588329200469,
        221.92891416959176,
        240.75883292004693,
        240.75883292004693,
        176.9960177578696,
        240.75883292004693,
        221.92891416959176,
        240.75883292004693,
        240.75883292004693,
        176.9960177578696,
        176.9960177578696,
        126.80597171952034,
        176.9960177578696,
        158.88575761224874,
        95.1229424500714,
        108.6957115738995,
        63.76281516217733,
        95.1229424500714,
        28.650479686019015
    ],
    "index": 8,
    "threshold": 2,
    "weight2": 0,
    "weight1": 1,
    "heterogeneity": 0.7,
    "lambda": 50,
    "times": [
        36.375319,
        9.756121,
        8.993364,
        7.61709,
        8.268598,
        6.896391,
        7.526981,
        8.465367,
        6.848792,
        6.888737,
        6.939021,
        5.884148,
        6.642186,
        6.678504,
        5.737603,
        7.052794,
        6.482367,
        5.42574,
        5.76255,
        6.019982,
        5.16921,
        6.131971,
        6.223904,
        5.834836,
        5.757311,
        5.692599,
        5.794209,
        14.103975,
        5.253908,
        5.579227,
        4.755616,
        5.420921,
        5.355699,
        5.254721,
        6.187846,
        5.277824,
        5.855284,
        4.487545,
        4.636444,
        4.598563,
        4.123894,
        4.69883,
        4.070465,
        4.445617,
        3.765104
    ],
    "capacityMultiplier": 0.5,
    "strictness": 1.2,
    "runTime": 308,
    "beta": 40
}