{
    "seed": 1,
    "scores": [
        221.92891416959174,
        193.52590658002822,
        240.75883292004693,
        257.28872174220555,
        269.4093126060659,
        240.75883292004693,
        240.75883292004693,
        240.7588329200469,
        221.92891416959174,
        221.92891416959176,
        240.75883292004693,
        240.75883292004693,
        240.75883292004693,
        221.92891416959176,
        240.75883292004693,
        221.92891416959174,
        314.3422090177881,
        176.9960177578696,
        240.75883292004693,
        240.75883292004693,
        240.75883292004693,
        240.75883292004693,
        240.7588329200469,
        158.88575761224874,
        240.75883292004693,
        240.75883292004693,
        240.75883292004693,
        240.75883292004693,
        240.75883292004693,
        221.92891416959176,
        176.9960177578696,
        203.8186540239709,
        269.40931260606595,
        240.75883292004693,
        240.75883292004693,
        176.9960177578696,
        176.9960177578696,
        176.9960177578696,
        240.75883292004693,
        176.9960177578696,
        158.88575761224874,
        110.52355499381719,
        73.58337609774118,
        95.1229424500714,
        44.93289641172217
    ],
    "index": 7,
    "threshold": 2,
    "weight2": 0,
    "weight1": 1,
    "heterogeneity": 0.7,
    "lambda": 50,
    "times": [
        34.821055,
        10.65415,
        9.195262,
        8.922973,
        6.736215,
        7.471028,
        7.513278,
        7.304678,
        6.142545,
        6.158915,
        5.438999,
        6.126094,
        6.419703,
        5.845019,
        7.276775,
        6.255536,
        7.383525,
        5.496847,
        6.45056,
        6.044972,
        6.015257,
        5.713512,
        5.238264,
        5.184153,
        6.24143,
        5.999848,
        6.598197,
        23.079291,
        6.035554,
        5.500705,
        5.137656,
        5.184022,
        6.301191,
        5.510032,
        5.184844,
        4.822797,
        5.618374,
        5.94249,
        5.141724,
        4.812127,
        4.64757,
        4.801086,
        4.795135,
        4.887378,
        4.017381
    ],
    "capacityMultiplier": 0.5,
    "strictness": 1.2,
    "runTime": 320,
    "beta": 40
}