{
    "seed": 1,
    "scores": [
        221.92891416959174,
        176.9960177578696,
        240.75883292004693,
        257.28872174220555,
        240.75883292004693,
        285.69172933176907,
        240.75883292004693,
        240.7588329200469,
        285.69172933176907,
        269.4093126060659,
        240.75883292004693,
        176.9960177578696,
        285.6917293317691,
        250.57939385561076,
        240.75883292004693,
        285.69172933176907,
        221.92891416959176,
        240.75883292004693,
        240.75883292004693,
        240.75883292004693,
        240.75883292004693,
        240.75883292004693,
        176.9960177578696,
        240.7588329200469,
        240.75883292004693,
        158.88575761224874,
        285.6917293317691,
        285.69172933176907,
        203.8186540239709,
        221.92891416959176,
        176.9960177578696,
        238.4588029917504,
        158.88575761224874,
        240.75883292004693,
        221.92891416959176,
        240.75883292004693,
        240.75883292004693,
        240.75883292004693,
        190.56878688169766,
        176.9960177578696,
        140.05583886179357,
        92.41329484819634,
        73.58337609774118,
        44.93289641172217,
        44.93289641172217
    ],
    "index": 37,
    "threshold": 2,
    "weight2": 0,
    "weight1": 1,
    "heterogeneity": 0.7,
    "lambda": 50,
    "times": [
        34.257376,
        9.813511,
        9.104225,
        8.67879,
        7.166574,
        7.830715,
        7.128162,
        7.919832,
        6.856034,
        6.337575,
        6.001577,
        5.880791,
        7.724527,
        7.020922,
        6.691416,
        6.895287,
        5.926777,
        6.568096,
        6.093599,
        6.197793,
        6.11043,
        6.058022,
        4.889729,
        6.250542,
        6.022005,
        5.476025,
        6.508585,
        20.057326,
        5.509327,
        5.867005,
        5.060218,
        5.388661,
        4.646755,
        5.49466,
        5.612309,
        7.019048,
        7.230534,
        4.900319,
        5.453091,
        4.745389,
        4.766829,
        4.997911,
        4.929774,
        4.192005,
        4.098109
    ],
    "capacityMultiplier": 0.5,
    "strictness": 1.2,
    "runTime": 321,
    "beta": 40
}