{
    "seed": 1,
    "scores": [
        221.92891416959176,
        240.75883292004693,
        285.6917293317691,
        285.69172933176907,
        240.75883292004693,
        221.92891416959176,
        285.69172933176907,
        240.75883292004693,
        285.6917293317691,
        240.75883292004693,
        240.75883292004693,
        240.75883292004693,
        240.7588329200469,
        176.9960177578696,
        240.75883292004693,
        285.69172933176907,
        240.75883292004693,
        240.75883292004693,
        240.75883292004693,
        240.75883292004693,
        240.75883292004693,
        240.75883292004693,
        240.75883292004693,
        221.92891416959176,
        240.75883292004693,
        240.75883292004693,
        176.9960177578696,
        240.75883292004693,
        240.7588329200469,
        240.75883292004693,
        176.9960177578696,
        176.9960177578696,
        176.9960177578696,
        240.75883292004693,
        158.88575761224874,
        158.88575761224874,
        95.1229424500714,
        98.40296412995683,
        176.9960177578696,
        176.9960177578696,
        45.180368508177665,
        63.76281516217733,
        44.93289641172217,
        95.1229424500714,
        81.87307530779817
    ],
    "index": 5,
    "threshold": 2,
    "weight2": 0,
    "weight1": 1,
    "heterogeneity": 0.7,
    "lambda": 50,
    "times": [
        34.402305,
        10.791901,
        9.637573,
        8.845152,
        7.725467,
        7.075772,
        8.350716,
        6.632093,
        6.857163,
        6.735175,
        7.254536,
        6.728994,
        6.648984,
        6.275576,
        6.232615,
        7.200235,
        6.244478,
        6.372898,
        6.530823,
        6.531654,
        6.344645,
        6.574736,
        5.755563,
        5.823911,
        6.103845,
        5.950488,
        16.420548,
        5.237093,
        5.188192,
        4.805096,
        4.474869,
        4.717312,
        4.852525,
        4.66806,
        5.731819,
        5.359193,
        4.91398,
        4.712733,
        4.542284,
        4.47071,
        4.433831,
        4.03764,
        3.874395,
        4.180758,
        4.055544
    ],
    "capacityMultiplier": 0.5,
    "strictness": 1.2,
    "runTime": 310,
    "beta": 40
}