{
    "seed": 1,
    "scores": [
        221.92891416959176,
        176.9960177578696,
        240.7588329200469,
        240.75883292004693,
        240.75883292004693,
        257.28872174220555,
        285.69172933176907,
        285.69172933176907,
        240.75883292004693,
        238.4588029917504,
        240.75883292004693,
        240.75883292004693,
        285.69172933176907,
        240.75883292004693,
        176.9960177578696,
        285.6917293317691,
        285.6917293317691,
        269.4093126060659,
        240.75883292004693,
        240.75883292004693,
        240.7588329200469,
        176.9960177578696,
        269.4093126060659,
        221.92891416959174,
        240.75883292004693,
        176.9960177578696,
        240.75883292004693,
        176.9960177578696,
        285.69172933176907,
        240.75883292004693,
        193.52590658002822,
        205.6464974438886,
        240.75883292004693,
        176.9960177578696,
        221.92891416959176,
        176.9960177578696,
        240.75883292004693,
        221.92891416959176,
        158.88575761224874,
        176.9960177578696,
        240.75883292004693,
        45.180368508177665,
        92.41329484819634,
        44.93289641172217,
        44.93289641172217
    ],
    "index": 39,
    "threshold": 2,
    "weight2": 0,
    "weight1": 1,
    "heterogeneity": 0.7,
    "lambda": 50,
    "times": [
        34.815315,
        9.479784,
        8.528406,
        8.090734,
        6.810789,
        7.281243,
        8.240145,
        7.857606,
        7.475568,
        6.45487,
        6.206984,
        6.988904,
        6.350343,
        5.942397,
        6.087389,
        7.263079,
        7.741227,
        7.409193,
        6.02388,
        6.213797,
        6.013911,
        5.61947,
        6.654175,
        5.68332,
        6.33231,
        5.553606,
        5.867386,
        13.742615,
        5.513781,
        5.233464,
        4.992712,
        4.597319,
        5.444231,
        4.515615,
        5.215271,
        4.960561,
        6.686224,
        5.032547,
        4.44895,
        4.36896,
        5.085537,
        4.564648,
        4.720901,
        3.883357,
        3.708058
    ],
    "capacityMultiplier": 0.5,
    "strictness": 1.2,
    "runTime": 309,
    "beta": 40
}