{
    "seed": 1,
    "scores": [
        221.92891416959176,
        240.7588329200469,
        221.92891416959174,
        285.69172933176907,
        221.92891416959176,
        176.9960177578696,
        240.75883292004693,
        240.75883292004693,
        240.75883292004693,
        176.9960177578696,
        221.92891416959176,
        240.75883292004693,
        221.92891416959176,
        221.92891416959176,
        221.92891416959174,
        240.75883292004693,
        240.75883292004693,
        203.8186540239709,
        240.7588329200469,
        240.75883292004693,
        221.92891416959176,
        240.75883292004693,
        240.75883292004693,
        176.9960177578696,
        205.6464974438886,
        176.9960177578696,
        240.7588329200469,
        221.92891416959176,
        240.75883292004693,
        240.75883292004693,
        240.75883292004693,
        176.9960177578696,
        176.9960177578696,
        158.88575761224874,
        240.75883292004693,
        176.9960177578696,
        95.1229424500714,
        158.88575761224874,
        140.05583886179357,
        158.88575761224874,
        145.6358904699755,
        108.6957115738995,
        95.1229424500714,
        158.88575761224874,
        95.1229424500714
    ],
    "index": 21,
    "threshold": 2,
    "weight2": 0,
    "weight1": 1,
    "heterogeneity": 0.7,
    "lambda": 50,
    "times": [
        36.370593,
        10.154518,
        8.037205,
        9.775289,
        7.38787,
        6.562795,
        7.262735,
        8.057794,
        6.74687,
        5.499414,
        6.816129,
        6.915856,
        6.247235,
        6.268233,
        5.877382,
        5.979433,
        6.789409,
        6.316884,
        6.178515,
        5.941372,
        6.217769,
        6.113965,
        6.064112,
        5.859679,
        5.739724,
        5.158876,
        24.287313,
        6.075323,
        5.815566,
        6.481022,
        5.706091,
        6.073699,
        4.883591,
        4.847464,
        5.706673,
        6.340189,
        4.623625,
        5.100057,
        4.795527,
        4.826725,
        4.784817,
        5.26736,
        4.614718,
        4.944746,
        4.649824
    ],
    "capacityMultiplier": 0.5,
    "strictness": 1.2,
    "runTime": 324,
    "beta": 40
}