{
    "seed": 1,
    "scores": [
        240.75883292004693,
        240.75883292004693,
        240.75883292004693,
        240.75883292004693,
        240.75883292004693,
        176.9960177578696,
        285.69172933176907,
        240.75883292004693,
        240.75883292004693,
        240.75883292004693,
        240.75883292004693,
        240.75883292004693,
        176.9960177578696,
        240.75883292004693,
        240.7588329200469,
        176.9960177578696,
        240.7588329200469,
        158.88575761224874,
        176.9960177578696,
        240.75883292004693,
        240.7588329200469,
        176.9960177578696,
        176.9960177578696,
        176.9960177578696,
        240.75883292004693,
        240.75883292004693,
        240.75883292004693,
        240.75883292004693,
        238.4588029917504,
        158.88575761224874,
        158.88575761224874,
        269.4093126060659,
        123.77342213609042,
        240.75883292004693,
        176.9960177578696,
        176.9960177578696,
        176.9960177578696,
        145.6358904699755,
        176.9960177578696,
        176.9960177578696,
        158.88575761224874,
        98.40296412995683,
        158.88575761224874,
        81.87307530779817,
        63.76281516217733
    ],
    "index": 13,
    "threshold": 2,
    "weight2": 0,
    "weight1": 1,
    "heterogeneity": 0.7,
    "lambda": 50,
    "times": [
        35.565565,
        8.778626,
        8.139342,
        8.122771,
        7.36112,
        6.93258,
        7.338638,
        7.143724,
        6.854594,
        6.169957,
        6.829388,
        6.452353,
        5.398958,
        6.449929,
        6.383856,
        5.933726,
        6.466179,
        5.778205,
        5.135716,
        5.893009,
        5.366397,
        4.965538,
        5.462637,
        6.082803,
        6.089186,
        5.50206,
        5.835141,
        5.86117,
        15.50986,
        4.858258,
        5.042031,
        5.666567,
        4.999312,
        5.535763,
        4.731993,
        4.696546,
        4.827019,
        4.59111,
        6.735041,
        4.489309,
        4.515728,
        4.362993,
        4.746349,
        4.400083,
        3.990418
    ],
    "capacityMultiplier": 0.5,
    "strictness": 1.2,
    "runTime": 302,
    "beta": 40
}