{
    "seed": 1,
    "scores": [
        221.92891416959176,
        240.7588329200469,
        221.92891416959174,
        285.69172933176907,
        240.75883292004693,
        176.9960177578696,
        240.75883292004693,
        240.75883292004693,
        221.92891416959176,
        240.7588329200469,
        221.92891416959176,
        240.75883292004693,
        221.92891416959176,
        240.75883292004693,
        176.9960177578696,
        240.75883292004693,
        285.69172933176907,
        240.75883292004693,
        176.9960177578696,
        240.75883292004693,
        240.75883292004693,
        285.6917293317691,
        240.75883292004693,
        240.75883292004693,
        240.75883292004693,
        176.9960177578696,
        221.92891416959176,
        221.92891416959176,
        240.75883292004693,
        240.75883292004693,
        240.75883292004693,
        240.75883292004693,
        240.75883292004693,
        158.88575761224874,
        240.75883292004693,
        176.9960177578696,
        176.9960177578696,
        158.88575761224874,
        140.05583886179357,
        158.88575761224874,
        145.6358904699755,
        145.6358904699755,
        140.05583886179357,
        63.76281516217733,
        95.1229424500714
    ],
    "index": 11,
    "threshold": 2,
    "weight2": 0,
    "weight1": 1,
    "heterogeneity": 0.7,
    "lambda": 50,
    "times": [
        35.300616,
        10.192085,
        7.968889,
        9.37431,
        6.74678,
        6.349069,
        7.191661,
        7.809533,
        6.581583,
        5.79174,
        6.45139,
        6.775685,
        6.029403,
        5.664021,
        5.383008,
        6.211342,
        6.521611,
        5.980502,
        5.685872,
        5.492012,
        6.05461,
        7.044456,
        6.073325,
        6.038861,
        5.366867,
        4.979495,
        6.323752,
        6.259692,
        23.511242,
        6.287755,
        5.745304,
        5.150504,
        5.299132,
        4.827462,
        5.597158,
        5.00314,
        6.928139,
        5.000495,
        4.688973,
        4.849713,
        4.771918,
        4.909144,
        4.609075,
        4.224327,
        4.569892
    ],
    "capacityMultiplier": 0.5,
    "strictness": 1.2,
    "runTime": 317,
    "beta": 40
}