{
    "seed": 1,
    "scores": [
        176.9960177578696,
        240.75883292004693,
        285.69172933176907,
        285.6917293317691,
        240.75883292004693,
        176.9960177578696,
        240.75883292004693,
        269.4093126060659,
        240.75883292004693,
        240.75883292004693,
        240.75883292004693,
        221.92891416959176,
        240.7588329200469,
        240.75883292004693,
        240.75883292004693,
        240.75883292004693,
        285.6917293317691,
        240.75883292004693,
        240.75883292004693,
        240.75883292004693,
        240.75883292004693,
        240.75883292004693,
        240.75883292004693,
        221.92891416959176,
        221.92891416959176,
        240.75883292004693,
        240.75883292004693,
        240.75883292004693,
        203.8186540239709,
        176.9960177578696,
        285.69172933176907,
        176.9960177578696,
        176.9960177578696,
        203.8186540239709,
        176.9960177578696,
        123.77342213609042,
        176.9960177578696,
        140.30331095824909,
        140.05583886179357,
        145.6358904699755,
        123.77342213609042,
        108.6957115738995,
        95.1229424500714,
        158.88575761224874,
        176.9960177578696
    ],
    "index": 40,
    "threshold": 2,
    "weight2": 0,
    "weight1": 1,
    "heterogeneity": 0.7,
    "lambda": 50,
    "times": [
        34.183818,
        9.877479,
        8.911164,
        9.499022,
        7.582472,
        6.814638,
        7.351962,
        7.529884,
        6.81582,
        6.691778,
        6.557718,
        6.45174,
        6.726093,
        5.758025,
        6.770526,
        6.054398,
        6.533152,
        5.649763,
        6.257087,
        5.77145,
        6.872196,
        6.652045,
        6.128146,
        6.188489,
        5.881345,
        5.907203,
        14.207085,
        5.695378,
        5.40724,
        5.056034,
        5.674328,
        5.955313,
        4.751465,
        5.473994,
        6.257418,
        4.969672,
        5.012172,
        5.477792,
        4.701161,
        4.951558,
        5.003195,
        4.982477,
        4.507419,
        4.745815,
        4.677316
    ],
    "capacityMultiplier": 0.5,
    "strictness": 1.2,
    "runTime": 312,
    "beta": 40
}