{
    "seed": 1,
    "scores": [
        221.92891416959174,
        176.9960177578696,
        240.75883292004693,
        257.28872174220555,
        240.75883292004693,
        285.69172933176907,
        240.75883292004693,
        240.7588329200469,
        221.92891416959174,
        221.92891416959176,
        240.75883292004693,
        240.75883292004693,
        240.75883292004693,
        250.57939385561076,
        221.92891416959176,
        176.9960177578696,
        221.92891416959176,
        176.9960177578696,
        240.75883292004693,
        240.75883292004693,
        240.75883292004693,
        176.9960177578696,
        176.9960177578696,
        240.7588329200469,
        240.75883292004693,
        240.75883292004693,
        240.75883292004693,
        240.75883292004693,
        221.92891416959176,
        221.92891416959176,
        176.9960177578696,
        221.92891416959176,
        158.88575761224874,
        176.9960177578696,
        221.92891416959176,
        193.52590658002822,
        240.75883292004693,
        240.75883292004693,
        190.56878688169766,
        176.9960177578696,
        140.05583886179357,
        80.29270398433599,
        108.6957115738995,
        44.93289641172217,
        44.93289641172217
    ],
    "index": 17,
    "threshold": 2,
    "weight2": 0,
    "weight1": 1,
    "heterogeneity": 0.7,
    "lambda": 50,
    "times": [
        33.378647,
        9.690063,
        8.379643,
        8.815768,
        7.417863,
        7.852165,
        7.201138,
        7.002216,
        6.399389,
        6.787795,
        5.900846,
        6.226936,
        6.493294,
        6.135244,
        6.538869,
        5.444312,
        6.354074,
        5.665375,
        6.522799,
        6.091333,
        6.172584,
        5.66746,
        5.200466,
        6.08985,
        5.950289,
        6.0527,
        15.739768,
        5.564066,
        4.939097,
        5.5716,
        4.885266,
        5.110909,
        4.474919,
        4.55006,
        5.119335,
        5.749914,
        4.893822,
        6.1967,
        5.12751,
        4.568465,
        4.617456,
        4.78001,
        4.642422,
        4.041348,
        3.998108
    ],
    "capacityMultiplier": 0.5,
    "strictness": 1.2,
    "runTime": 304,
    "beta": 40
}