{
    "seed": 1,
    "scores": [
        285.69172933176907,
        221.92891416959174,
        269.4093126060659,
        240.7588329200469,
        314.3422090177881,
        238.4588029917504,
        285.6917293317691,
        285.69172933176907,
        302.22161815392775,
        193.52590658002822,
        285.6917293317691,
        285.69172933176907,
        221.92891416959174,
        285.69172933176907,
        285.6917293317691,
        250.57939385561076,
        285.6917293317691,
        285.69172933176907,
        176.9960177578696,
        240.75883292004693,
        285.6917293317691,
        240.75883292004693,
        269.4093126060659,
        285.69172933176907,
        250.57939385561076,
        240.75883292004693,
        221.92891416959174,
        285.6917293317691,
        285.6917293317691,
        269.40931260606595,
        111.65283127223006,
        240.75883292004693,
        123.77342213609042,
        257.28872174220555,
        176.9960177578696,
        240.75883292004693,
        240.75883292004693,
        240.75883292004693,
        193.52590658002822,
        240.7588329200469,
        240.75883292004693,
        110.52355499381719,
        80.29270398433599,
        98.40296412995683,
        63.76281516217733
    ],
    "index": 33,
    "threshold": 2,
    "weight2": 0,
    "weight1": 1,
    "heterogeneity": 0.7,
    "lambda": 50,
    "times": [
        81.875975,
        23.758013,
        28.724146,
        16.191213,
        30.903926,
        26.609447,
        27.615315,
        40.65283,
        30.372534,
        17.339518,
        23.527242,
        23.721164,
        13.555131,
        25.506978,
        26.60065,
        19.742444,
        28.507231,
        28.269437,
        5.26966,
        14.300964,
        25.44877,
        12.480956,
        24.742521,
        25.187462,
        27.745449,
        17.159231,
        10.077438,
        15.699706,
        21.822789,
        18.668449,
        8.858882,
        19.109794,
        9.583736,
        24.578245,
        8.484042,
        19.680439,
        13.082969,
        20.368093,
        31.048476,
        14.837376,
        11.940166,
        10.03563,
        9.308221,
        10.521236,
        8.10796
    ],
    "capacityMultiplier": 0.5,
    "strictness": 1.4,
    "runTime": 951,
    "beta": 40
}