{
    "seed": 1,
    "scores": [
        250.57939385561076,
        176.9960177578696,
        240.75883292004693,
        269.40931260606595,
        314.3422090177881,
        250.57939385561076,
        205.64649744388862,
        285.69172933176907,
        250.57939385561076,
        221.92891416959176,
        285.6917293317691,
        269.4093126060659,
        221.92891416959174,
        221.92891416959176,
        285.69172933176907,
        285.69172933176907,
        314.3422090177881,
        285.69172933176907,
        240.75883292004693,
        285.6917293317691,
        221.92891416959174,
        257.28872174220555,
        240.7588329200469,
        240.75883292004693,
        240.7588329200469,
        285.6917293317691,
        240.7588329200469,
        240.75883292004693,
        269.40931260606595,
        240.75883292004693,
        240.75883292004693,
        221.92891416959174,
        158.88575761224874,
        193.52590658002822,
        155.45645140553935,
        176.9960177578696,
        158.88575761224874,
        176.9960177578696,
        108.6957115738995,
        145.6358904699755,
        111.65283127223006,
        92.41329484819634,
        108.6957115738995,
        95.1229424500714,
        81.87307530779817
    ],
    "index": 4,
    "threshold": 2,
    "weight2": 0,
    "weight1": 1,
    "heterogeneity": 0.7,
    "lambda": 50,
    "times": [
        83.360198,
        16.984954,
        18.452337,
        22.110904,
        37.552454,
        36.743152,
        10.186558,
        34.417095,
        25.59676,
        13.372543,
        24.321295,
        18.105679,
        18.738853,
        13.778271,
        24.337516,
        23.379866,
        26.412664,
        16.797855,
        14.792647,
        20.713203,
        17.891439,
        15.335882,
        13.815861,
        12.612703,
        10.86176,
        23.310186,
        18.326712,
        16.729888,
        17.321303,
        15.668585,
        15.11023,
        12.959922,
        7.235092,
        15.671951,
        12.163784,
        8.02588,
        9.749452,
        10.383376,
        8.338815,
        9.418162,
        10.431446,
        9.416098,
        9.2833,
        7.845122,
        7.541565
    ],
    "capacityMultiplier": 0.5,
    "strictness": 1.4,
    "runTime": 815,
    "beta": 40
}