{
    "seed": 1,
    "scores": [
        250.57939385561076,
        240.75883292004693,
        240.75883292004693,
        240.75883292004693,
        221.92891416959176,
        314.3422090177881,
        269.40931260606595,
        285.69172933176907,
        285.69172933176907,
        285.6917293317691,
        285.6917293317691,
        269.40931260606595,
        285.69172933176907,
        285.6917293317691,
        285.6917293317691,
        285.69172933176907,
        314.3422090177881,
        240.75883292004693,
        240.75883292004693,
        285.6917293317691,
        205.64649744388862,
        240.75883292004693,
        240.7588329200469,
        240.7588329200469,
        240.75883292004693,
        269.40931260606595,
        240.75883292004693,
        285.69172933176907,
        221.92891416959176,
        221.92891416959176,
        174.28637015599452,
        221.92891416959176,
        158.88575761224874,
        240.75883292004693,
        190.5687868816977,
        240.7588329200469,
        176.9960177578696,
        126.80597171952034,
        108.6957115738995,
        145.6358904699755,
        44.93289641172217,
        92.41329484819634,
        44.93289641172217,
        44.93289641172217,
        44.93289641172217
    ],
    "index": 27,
    "threshold": 2,
    "weight2": 0,
    "weight1": 1,
    "heterogeneity": 0.7,
    "lambda": 50,
    "times": [
        85.052388,
        21.485389,
        19.543683,
        20.434567,
        19.973206,
        37.088012,
        15.005477,
        26.219582,
        35.226866,
        15.469433,
        25.823101,
        30.246594,
        24.084194,
        25.847918,
        27.74436,
        15.382891,
        29.438745,
        18.078136,
        17.078909,
        26.276188,
        13.186109,
        15.951193,
        13.261239,
        10.31716,
        14.1399,
        23.876496,
        21.627205,
        21.204395,
        17.141286,
        18.341789,
        13.705409,
        12.927015,
        9.966274,
        12.768679,
        16.492103,
        22.611563,
        12.546744,
        10.002713,
        13.745233,
        13.782823,
        9.491678,
        13.174387,
        11.203696,
        9.044743,
        8.996454
    ],
    "capacityMultiplier": 0.5,
    "strictness": 1.4,
    "runTime": 895,
    "beta": 40
}