{
    "seed": 1,
    "scores": [
        302.22161815392775,
        240.75883292004693,
        285.6917293317691,
        240.75883292004693,
        314.3422090177881,
        221.92891416959174,
        240.75883292004693,
        285.6917293317691,
        221.92891416959174,
        240.75883292004693,
        285.69172933176907,
        240.7588329200469,
        221.92891416959176,
        285.69172933176907,
        240.75883292004693,
        250.57939385561076,
        285.6917293317691,
        285.6917293317691,
        221.92891416959176,
        269.4093126060659,
        240.75883292004693,
        285.6917293317691,
        285.6917293317691,
        240.75883292004693,
        240.75883292004693,
        257.28872174220555,
        285.69172933176907,
        240.75883292004693,
        285.69172933176907,
        240.75883292004693,
        203.8186540239709,
        240.75883292004693,
        240.7588329200469,
        240.75883292004693,
        158.88575761224874,
        176.9960177578696,
        176.9960177578696,
        140.05583886179357,
        126.80597171952034,
        174.28637015599452,
        95.1229424500714,
        63.76281516217733,
        63.76281516217733,
        95.1229424500714,
        28.650479686019015
    ],
    "index": 8,
    "threshold": 2,
    "weight2": 0,
    "weight1": 1,
    "heterogeneity": 0.7,
    "lambda": 50,
    "times": [
        95.563416,
        22.913893,
        27.721522,
        18.799471,
        21.944308,
        10.487021,
        15.561139,
        32.185689,
        19.013832,
        16.871862,
        22.95549,
        16.407453,
        8.61711,
        20.891778,
        16.402073,
        22.670708,
        25.604138,
        23.344519,
        13.957277,
        23.031653,
        12.115118,
        25.445602,
        19.295209,
        17.683162,
        14.943192,
        18.569962,
        23.124357,
        18.086907,
        15.101178,
        14.640596,
        13.931939,
        15.502539,
        12.453973,
        9.155288,
        9.698135,
        12.850926,
        10.61491,
        9.67961,
        10.18768,
        11.948396,
        6.320061,
        8.162981,
        7.552628,
        7.486995,
        6.610955
    ],
    "capacityMultiplier": 0.5,
    "strictness": 1.4,
    "runTime": 806,
    "beta": 40
}