{
    "seed": 1,
    "scores": [
        250.57939385561076,
        176.9960177578696,
        240.75883292004693,
        240.75883292004693,
        285.69172933176907,
        250.57939385561076,
        205.64649744388862,
        285.69172933176907,
        285.69172933176907,
        221.92891416959176,
        285.6917293317691,
        269.4093126060659,
        240.75883292004693,
        221.92891416959174,
        285.69172933176907,
        285.69172933176907,
        285.69172933176907,
        285.69172933176907,
        240.75883292004693,
        221.92891416959176,
        285.6917293317691,
        176.9960177578696,
        240.7588329200469,
        250.57939385561076,
        240.7588329200469,
        205.64649744388862,
        240.75883292004693,
        240.75883292004693,
        250.57939385561076,
        240.75883292004693,
        205.64649744388862,
        240.75883292004693,
        158.88575761224874,
        240.75883292004693,
        221.92891416959176,
        240.75883292004693,
        145.6358904699755,
        193.52590658002822,
        108.6957115738995,
        145.6358904699755,
        111.65283127223006,
        92.41329484819634,
        108.6957115738995,
        81.87307530779817,
        81.87307530779817
    ],
    "index": 14,
    "threshold": 2,
    "weight2": 0,
    "weight1": 1,
    "heterogeneity": 0.7,
    "lambda": 50,
    "times": [
        81.371889,
        16.27539,
        17.495852,
        21.316635,
        16.336665,
        30.693367,
        10.378044,
        21.26036,
        25.762057,
        25.068841,
        20.461296,
        16.256875,
        19.396786,
        10.601602,
        20.559199,
        24.625432,
        22.159421,
        19.545493,
        14.966853,
        20.232137,
        22.594123,
        10.334112,
        14.337447,
        18.00282,
        15.452702,
        13.33916,
        17.834405,
        18.306898,
        17.594727,
        18.303131,
        17.287121,
        13.175253,
        9.609687,
        19.85939,
        12.186014,
        17.096284,
        9.305679,
        19.121892,
        12.804982,
        12.149716,
        12.580652,
        12.871516,
        12.437985,
        9.88365,
        10.952758
    ],
    "capacityMultiplier": 0.5,
    "strictness": 1.4,
    "runTime": 822,
    "beta": 40
}