{
    "seed": 1,
    "scores": [
        285.6917293317691,
        285.69172933176907,
        314.3422090177881,
        240.75883292004693,
        285.6917293317691,
        240.75883292004693,
        314.34220901778804,
        302.2216181539277,
        240.75883292004693,
        257.28872174220555,
        285.69172933176907,
        285.69172933176907,
        314.3422090177881,
        285.6917293317691,
        285.6917293317691,
        285.6917293317691,
        257.28872174220555,
        302.2216181539278,
        240.75883292004693,
        240.75883292004693,
        240.75883292004693,
        240.75883292004693,
        257.28872174220555,
        285.69172933176907,
        193.52590658002825,
        221.92891416959176,
        240.75883292004693,
        240.75883292004693,
        257.28872174220555,
        285.6917293317691,
        269.4093126060659,
        187.53623729826776,
        257.28872174220555,
        158.88575761224874,
        221.92891416959174,
        176.9960177578696,
        125.22560039605816,
        111.65283127223006,
        140.05583886179357,
        145.6358904699755,
        61.46278523388082,
        63.76281516217733,
        44.93289641172217,
        95.1229424500714,
        81.87307530779817
    ],
    "index": 35,
    "threshold": 2,
    "weight2": 0,
    "weight1": 1,
    "heterogeneity": 0.7,
    "lambda": 50,
    "times": [
        68.692727,
        31.806011,
        33.343638,
        17.663283,
        26.477623,
        17.462108,
        42.490709,
        46.743165,
        15.738212,
        21.043918,
        18.747632,
        20.881874,
        27.387956,
        21.068784,
        16.352181,
        20.840497,
        23.628133,
        26.00513,
        16.925012,
        13.286546,
        12.559636,
        18.428956,
        15.889806,
        23.179524,
        17.462117,
        15.08469,
        13.817308,
        14.242173,
        20.869932,
        20.061861,
        17.856715,
        13.023574,
        19.105852,
        9.925158,
        16.732031,
        9.191946,
        12.761894,
        11.546541,
        10.381161,
        9.224336,
        9.225118,
        6.966513,
        7.021485,
        6.777529,
        6.972895
    ],
    "capacityMultiplier": 0.5,
    "strictness": 1.4,
    "runTime": 864,
    "beta": 40
}