{
    "seed": 1,
    "scores": [
        302.22161815392775,
        240.75883292004693,
        285.6917293317691,
        285.69172933176907,
        221.92891416959174,
        221.92891416959174,
        240.75883292004693,
        285.6917293317691,
        221.92891416959174,
        240.75883292004693,
        314.3422090177881,
        240.7588329200469,
        221.92891416959176,
        314.3422090177881,
        285.69172933176907,
        285.6917293317691,
        285.6917293317691,
        285.69172933176907,
        221.92891416959176,
        269.4093126060659,
        221.92891416959174,
        285.6917293317691,
        285.6917293317691,
        240.75883292004693,
        240.75883292004693,
        257.28872174220555,
        240.7588329200469,
        221.92891416959176,
        269.4093126060659,
        240.7588329200469,
        240.75883292004693,
        240.75883292004693,
        240.7588329200469,
        240.75883292004693,
        158.88575761224874,
        193.52590658002825,
        123.77342213609042,
        126.80597171952034,
        16.529888822158654,
        145.6358904699755,
        111.65283127223006,
        80.29270398433599,
        63.76281516217733,
        176.9960177578696,
        81.87307530779817
    ],
    "index": 28,
    "threshold": 2,
    "weight2": 0,
    "weight1": 1,
    "heterogeneity": 0.7,
    "lambda": 50,
    "times": [
        88.595032,
        24.558721,
        28.455867,
        22.224271,
        10.770371,
        10.33161,
        18.151348,
        32.318868,
        14.55719,
        27.836227,
        27.780683,
        17.061859,
        11.971178,
        28.883467,
        20.450301,
        24.132214,
        24.582506,
        20.195895,
        14.494383,
        25.193089,
        9.178371,
        28.12666,
        23.237408,
        13.828556,
        13.481927,
        19.362094,
        17.428254,
        16.018034,
        18.829737,
        17.903503,
        21.701894,
        13.719892,
        14.76584,
        9.831664,
        13.947208,
        14.907195,
        10.485317,
        9.195603,
        6.571731,
        9.692744,
        7.689785,
        8.948892,
        5.73237,
        7.586461,
        6.748873
    ],
    "capacityMultiplier": 0.5,
    "strictness": 1.4,
    "runTime": 831,
    "beta": 40
}