{
    "seed": 1,
    "scores": [
        302.2216181539277,
        240.7588329200469,
        285.69172933176907,
        285.69172933176907,
        285.69172933176907,
        221.92891416959176,
        240.7588329200469,
        285.69172933176907,
        285.69172933176907,
        269.4093126060659,
        285.6917293317691,
        240.75883292004693,
        221.92891416959176,
        314.3422090177881,
        285.69172933176907,
        250.57939385561076,
        285.69172933176907,
        240.75883292004693,
        176.9960177578696,
        240.7588329200469,
        285.6917293317691,
        240.75883292004693,
        240.75883292004693,
        285.69172933176907,
        240.75883292004693,
        240.75883292004693,
        269.40931260606595,
        240.7588329200469,
        176.9960177578696,
        240.75883292004693,
        240.75883292004693,
        205.6464974438886,
        162.16577929213418,
        205.64649744388862,
        176.9960177578696,
        221.92891416959176,
        190.56878688169766,
        176.9960177578696,
        108.6957115738995,
        145.6358904699755,
        126.80597171952034,
        123.77342213609042,
        110.52355499381719,
        73.58337609774118,
        16.529888822158654
    ],
    "index": 26,
    "threshold": 2,
    "weight2": 0,
    "weight1": 1,
    "heterogeneity": 0.7,
    "lambda": 50,
    "times": [
        101.680266,
        24.194857,
        32.153763,
        25.22888,
        27.834045,
        20.396599,
        15.779492,
        55.014312,
        21.091284,
        25.284515,
        19.810437,
        16.267039,
        15.208871,
        38.770216,
        20.442004,
        18.488584,
        19.352877,
        16.617056,
        5.420125,
        13.939866,
        17.397784,
        8.17926,
        11.480354,
        18.143575,
        16.404016,
        14.838174,
        20.306299,
        23.138632,
        11.383703,
        16.590697,
        15.220433,
        21.644885,
        14.576532,
        18.703346,
        11.916914,
        18.076388,
        19.50824,
        15.048909,
        14.465042,
        15.236202,
        11.958833,
        12.62749,
        13.124043,
        12.933965,
        9.693926
    ],
    "capacityMultiplier": 0.5,
    "strictness": 1.4,
    "runTime": 915,
    "beta": 40
}