{
    "seed": 1,
    "scores": [
        285.69172933176907,
        193.52590658002822,
        240.75883292004693,
        240.75883292004693,
        221.92891416959176,
        314.3422090177881,
        269.40931260606595,
        285.69172933176907,
        250.57939385561076,
        285.6917293317691,
        285.6917293317691,
        269.40931260606595,
        285.69172933176907,
        285.69172933176907,
        285.6917293317691,
        285.69172933176907,
        285.69172933176907,
        240.75883292004693,
        240.75883292004693,
        285.6917293317691,
        285.69172933176907,
        240.75883292004693,
        240.7588329200469,
        240.7588329200469,
        240.75883292004693,
        269.40931260606595,
        240.7588329200469,
        240.75883292004693,
        250.5793938556108,
        240.7588329200469,
        205.64649744388862,
        240.7588329200469,
        187.53623729826776,
        190.5687868816977,
        176.9960177578696,
        193.52590658002822,
        176.9960177578696,
        176.9960177578696,
        190.56878688169766,
        162.16577929213418,
        61.46278523388082,
        63.76281516217733,
        73.58337609774118,
        44.93289641172217,
        44.93289641172217
    ],
    "index": 17,
    "threshold": 2,
    "weight2": 0,
    "weight1": 1,
    "heterogeneity": 0.7,
    "lambda": 50,
    "times": [
        88.668348,
        17.525364,
        17.533669,
        18.232415,
        17.532879,
        39.014638,
        15.04597,
        21.407269,
        30.08022,
        15.569719,
        30.161451,
        26.317537,
        25.094952,
        17.733023,
        25.255952,
        20.054782,
        21.949533,
        18.302567,
        14.020114,
        22.169916,
        17.717463,
        20.813319,
        10.640497,
        10.141815,
        17.221447,
        15.208915,
        20.324005,
        13.402329,
        21.381902,
        18.852655,
        21.196155,
        14.34494,
        16.227539,
        13.978746,
        12.901994,
        17.082456,
        12.885663,
        12.137905,
        16.79568,
        15.327276,
        10.339364,
        8.777795,
        10.767955,
        6.625343,
        6.753382
    ],
    "capacityMultiplier": 0.5,
    "strictness": 1.4,
    "runTime": 863,
    "beta": 40
}