{
    "seed": 1,
    "scores": [
        285.6917293317691,
        257.28872174220555,
        285.6917293317691,
        221.92891416959174,
        285.6917293317691,
        269.40931260606595,
        240.75883292004693,
        240.7588329200469,
        250.5793938556108,
        240.7588329200469,
        285.6917293317691,
        240.75883292004693,
        285.69172933176907,
        240.75883292004693,
        285.69172933176907,
        285.6917293317691,
        285.69172933176907,
        285.6917293317691,
        257.28872174220555,
        240.75883292004693,
        257.28872174220555,
        240.7588329200469,
        240.75883292004693,
        257.28872174220555,
        240.75883292004693,
        240.75883292004693,
        240.7588329200469,
        240.75883292004693,
        285.6917293317691,
        240.7588329200469,
        240.75883292004693,
        240.75883292004693,
        240.75883292004693,
        203.8186540239709,
        240.7588329200469,
        158.88575761224874,
        176.9960177578696,
        123.77342213609042,
        140.05583886179357,
        108.6957115738995,
        110.52355499381719,
        63.76281516217733,
        140.05583886179357,
        63.76281516217733,
        95.1229424500714
    ],
    "index": 11,
    "threshold": 2,
    "weight2": 0,
    "weight1": 1,
    "heterogeneity": 0.7,
    "lambda": 50,
    "times": [
        82.10547,
        30.667166,
        30.878832,
        18.830498,
        19.402658,
        18.2378,
        17.977363,
        23.06592,
        38.826736,
        16.955391,
        27.87837,
        15.62839,
        16.646954,
        14.964978,
        23.490063,
        19.173339,
        26.811665,
        22.575312,
        18.354819,
        15.490702,
        22.15182,
        14.97612,
        12.620514,
        21.003622,
        11.565751,
        15.091145,
        18.840377,
        18.827793,
        16.628861,
        20.581303,
        19.705374,
        12.69872,
        14.490281,
        17.058153,
        10.792274,
        13.029489,
        10.498145,
        10.934541,
        11.095853,
        12.382619,
        10.931485,
        8.981928,
        10.595897,
        7.867274,
        7.826277
    ],
    "capacityMultiplier": 0.5,
    "strictness": 1.4,
    "runTime": 849,
    "beta": 40
}