{
    "seed": 1,
    "scores": [
        285.69172933176907,
        221.92891416959174,
        269.4093126060659,
        240.7588329200469,
        232.4691337099899,
        238.4588029917504,
        285.6917293317691,
        285.6917293317691,
        285.69172933176907,
        176.9960177578696,
        285.6917293317691,
        285.69172933176907,
        221.92891416959174,
        240.75883292004693,
        285.69172933176907,
        205.64649744388862,
        285.6917293317691,
        285.69172933176907,
        176.9960177578696,
        240.75883292004693,
        285.69172933176907,
        240.75883292004693,
        269.4093126060659,
        285.69172933176907,
        250.57939385561076,
        240.75883292004693,
        221.92891416959174,
        240.75883292004693,
        221.92891416959176,
        187.53623729826774,
        111.65283127223006,
        240.75883292004693,
        187.53623729826774,
        221.92891416959174,
        176.9960177578696,
        176.9960177578696,
        205.6464974438886,
        145.6358904699755,
        176.9960177578696,
        176.9960177578696,
        158.88575761224874,
        110.52355499381719,
        80.29270398433599,
        126.80597171952034,
        63.76281516217733
    ],
    "index": 23,
    "threshold": 2,
    "weight2": 0,
    "weight1": 1,
    "heterogeneity": 0.7,
    "lambda": 50,
    "times": [
        74.831848,
        21.937928,
        25.258337,
        16.388182,
        27.414719,
        27.323839,
        18.985358,
        23.122143,
        37.487242,
        10.640765,
        23.694904,
        24.35073,
        12.30072,
        14.762993,
        25.179339,
        16.905419,
        29.896028,
        29.487926,
        5.35877,
        13.879411,
        20.554131,
        13.533795,
        17.9807,
        20.554622,
        26.448672,
        16.717748,
        13.845748,
        17.919615,
        19.340843,
        16.271765,
        11.277336,
        20.39849,
        12.831221,
        19.680919,
        8.376973,
        13.394113,
        13.932651,
        16.357004,
        12.900822,
        17.522703,
        15.379977,
        15.861818,
        15.304576,
        15.502086,
        18.042956
    ],
    "capacityMultiplier": 0.5,
    "strictness": 1.4,
    "runTime": 889,
    "beta": 40
}