{
    "seed": 1,
    "scores": [
        302.22161815392775,
        240.7588329200469,
        285.69172933176907,
        240.75883292004693,
        285.69172933176907,
        221.92891416959176,
        240.7588329200469,
        285.69172933176907,
        285.69172933176907,
        269.4093126060659,
        240.7588329200469,
        240.75883292004693,
        193.52590658002825,
        285.6917293317691,
        285.69172933176907,
        250.57939385561076,
        285.69172933176907,
        269.4093126060659,
        176.9960177578696,
        240.7588329200469,
        285.6917293317691,
        240.75883292004693,
        176.9960177578696,
        240.75883292004693,
        221.92891416959174,
        285.69172933176907,
        285.6917293317691,
        269.4093126060659,
        285.69172933176907,
        221.92891416959176,
        240.75883292004693,
        221.92891416959174,
        162.16577929213418,
        205.64649744388862,
        193.52590658002822,
        176.9960177578696,
        145.6358904699755,
        176.9960177578696,
        158.88575761224874,
        145.6358904699755,
        126.80597171952034,
        158.88575761224874,
        110.52355499381719,
        44.93289641172217,
        44.93289641172217
    ],
    "index": 6,
    "threshold": 2,
    "weight2": 0,
    "weight1": 1,
    "heterogeneity": 0.7,
    "lambda": 50,
    "times": [
        105.232942,
        25.980221,
        25.794342,
        20.357265,
        21.458795,
        18.474487,
        17.482974,
        32.08872,
        20.231719,
        20.710398,
        19.530471,
        14.929275,
        16.24647,
        29.790352,
        25.098615,
        19.536172,
        21.722,
        24.007946,
        5.499485,
        9.482449,
        18.715049,
        9.704707,
        13.962378,
        16.415798,
        14.397455,
        22.558312,
        25.993617,
        23.038384,
        21.371901,
        16.803918,
        15.595897,
        26.903977,
        14.290936,
        17.980609,
        13.442651,
        15.199874,
        14.407054,
        10.629976,
        14.236854,
        12.621117,
        11.785036,
        11.601592,
        11.137319,
        9.457833,
        8.926955
    ],
    "capacityMultiplier": 0.5,
    "strictness": 1.4,
    "runTime": 884,
    "beta": 40
}