{
    "seed": 1,
    "scores": [
        269.4093126060659,
        302.2216181539278,
        285.6917293317691,
        285.69172933176907,
        285.69172933176907,
        205.64649744388862,
        285.69172933176907,
        314.3422090177881,
        269.40931260606595,
        257.28872174220555,
        285.6917293317691,
        302.2216181539277,
        221.92891416959176,
        285.69172933176907,
        285.6917293317691,
        240.75883292004693,
        285.6917293317691,
        285.69172933176907,
        193.52590658002825,
        240.75883292004693,
        257.28872174220555,
        240.7588329200469,
        240.75883292004693,
        302.22161815392775,
        240.75883292004693,
        285.6917293317691,
        285.6917293317691,
        285.69172933176907,
        240.7588329200469,
        257.28872174220555,
        285.6917293317691,
        240.75883292004693,
        187.53623729826774,
        221.92891416959176,
        145.6358904699755,
        205.64649744388862,
        240.7588329200469,
        155.45645140553935,
        203.8186540239709,
        190.56878688169766,
        140.05583886179357,
        73.58337609774118,
        95.1229424500714,
        63.76281516217733,
        95.1229424500714
    ],
    "index": 32,
    "threshold": 2,
    "weight2": 0,
    "weight1": 1,
    "heterogeneity": 0.7,
    "lambda": 50,
    "times": [
        82.09793,
        48.750168,
        33.26047,
        28.531857,
        25.22315,
        14.791943,
        31.508985,
        25.922768,
        25.744755,
        24.6888,
        27.342303,
        27.941273,
        15.088838,
        27.981949,
        19.139132,
        7.94052,
        21.481983,
        19.212219,
        8.795749,
        14.043202,
        21.246002,
        17.687788,
        13.722192,
        31.907791,
        9.84938,
        18.723104,
        19.626313,
        23.735598,
        17.016332,
        17.848859,
        15.57145,
        22.989964,
        18.105338,
        23.05245,
        10.083607,
        18.462567,
        20.291697,
        19.730367,
        19.826628,
        20.357501,
        13.787785,
        14.289342,
        16.850932,
        9.581899,
        9.278562
    ],
    "capacityMultiplier": 0.5,
    "strictness": 1.4,
    "runTime": 973,
    "beta": 40
}