{
    "seed": 1,
    "scores": [
        238.4588029917504,
        221.92891416959174,
        269.4093126060659,
        240.75883292004693,
        285.69172933176907,
        240.75883292004693,
        221.92891416959174,
        285.69172933176907,
        285.69172933176907,
        221.92891416959176,
        285.6917293317691,
        285.69172933176907,
        240.75883292004693,
        221.92891416959174,
        285.6917293317691,
        285.6917293317691,
        285.69172933176907,
        269.4093126060659,
        240.7588329200469,
        285.6917293317691,
        269.4093126060659,
        269.4093126060659,
        240.75883292004693,
        285.69172933176907,
        240.7588329200469,
        269.4093126060659,
        203.8186540239709,
        221.92891416959174,
        269.4093126060659,
        240.75883292004693,
        205.64649744388862,
        205.6464974438886,
        240.75883292004693,
        240.7588329200469,
        203.8186540239709,
        176.9960177578696,
        158.88575761224874,
        176.9960177578696,
        108.6957115738995,
        145.6358904699755,
        140.05583886179357,
        28.650479686019015,
        92.41329484819634,
        81.87307530779817,
        28.650479686019015
    ],
    "index": 19,
    "threshold": 2,
    "weight2": 0,
    "weight1": 1,
    "heterogeneity": 0.7,
    "lambda": 50,
    "times": [
        64.28827,
        23.656134,
        26.397536,
        16.252341,
        29.099453,
        15.750228,
        13.246422,
        24.967308,
        19.041954,
        14.25087,
        34.279017,
        23.365538,
        15.284763,
        14.794442,
        22.700739,
        19.537154,
        25.831502,
        23.800726,
        17.551051,
        20.425042,
        18.043347,
        18.343951,
        15.330539,
        19.27453,
        15.523161,
        25.084398,
        14.505539,
        11.730914,
        22.272575,
        19.217203,
        18.832239,
        13.633009,
        16.803406,
        14.415499,
        14.224811,
        10.522955,
        10.097646,
        12.751011,
        8.677306,
        10.647429,
        10.892288,
        9.026272,
        11.262013,
        13.955334,
        13.94201
    ],
    "capacityMultiplier": 0.5,
    "strictness": 1.4,
    "runTime": 833,
    "beta": 40
}