{
    "seed": 1,
    "scores": [
        238.4588029917504,
        221.92891416959174,
        269.4093126060659,
        269.40931260606595,
        285.69172933176907,
        257.28872174220555,
        267.10928267776944,
        285.69172933176907,
        285.69172933176907,
        238.4588029917504,
        285.6917293317691,
        240.75883292004693,
        285.69172933176907,
        221.92891416959174,
        314.34220901778815,
        285.6917293317691,
        285.69172933176907,
        314.3422090177881,
        240.7588329200469,
        285.6917293317691,
        269.4093126060659,
        257.28872174220555,
        269.4093126060659,
        250.57939385561076,
        269.4093126060659,
        269.4093126060659,
        240.75883292004693,
        221.92891416959174,
        257.28872174220555,
        240.75883292004693,
        240.7588329200469,
        240.75883292004693,
        240.75883292004693,
        240.7588329200469,
        221.92891416959176,
        176.9960177578696,
        145.6358904699755,
        221.92891416959176,
        108.6957115738995,
        110.52355499381719,
        140.05583886179357,
        28.650479686019015,
        92.41329484819634,
        44.93289641172217,
        44.93289641172217
    ],
    "index": 39,
    "threshold": 2,
    "weight2": 0,
    "weight1": 1,
    "heterogeneity": 0.7,
    "lambda": 50,
    "times": [
        61.50902,
        24.120793,
        27.220652,
        21.399373,
        28.257115,
        24.944087,
        21.088561,
        26.742536,
        31.004183,
        21.34959,
        30.982372,
        15.90172,
        16.828377,
        15.412714,
        29.454959,
        24.837656,
        30.742402,
        39.026597,
        16.190291,
        29.077062,
        21.794774,
        15.845014,
        26.889271,
        23.499599,
        19.91436,
        25.475582,
        15.760355,
        15.467356,
        30.974136,
        20.710863,
        20.482795,
        15.532148,
        15.77335,
        22.200755,
        15.849953,
        11.164122,
        10.239209,
        16.910732,
        10.01013,
        11.31802,
        14.486848,
        8.475904,
        13.972996,
        18.204766,
        8.044235
    ],
    "capacityMultiplier": 0.5,
    "strictness": 1.4,
    "runTime": 965,
    "beta": 40
}