{
    "seed": 1,
    "scores": [
        285.69172933176907,
        221.92891416959174,
        269.4093126060659,
        240.7588329200469,
        285.69172933176907,
        238.4588029917504,
        240.75883292004693,
        285.6917293317691,
        220.34854284612956,
        176.9960177578696,
        285.6917293317691,
        285.6917293317691,
        221.92891416959174,
        240.75883292004693,
        285.69172933176907,
        250.57939385561076,
        285.69172933176907,
        240.75883292004693,
        176.9960177578696,
        240.75883292004693,
        240.7588329200469,
        240.75883292004693,
        269.4093126060659,
        285.69172933176907,
        205.6464974438886,
        240.75883292004693,
        285.69172933176907,
        285.69172933176907,
        221.92891416959174,
        187.53623729826774,
        111.65283127223006,
        269.4093126060659,
        123.77342213609042,
        240.75883292004693,
        145.6358904699755,
        176.9960177578696,
        145.6358904699755,
        145.6358904699755,
        190.5687868816977,
        240.75883292004693,
        158.88575761224874,
        98.40296412995683,
        92.41329484819634,
        81.87307530779817,
        92.41329484819634
    ],
    "index": 13,
    "threshold": 2,
    "weight2": 0,
    "weight1": 1,
    "heterogeneity": 0.7,
    "lambda": 50,
    "times": [
        78.347546,
        25.080783,
        28.325802,
        19.409943,
        22.297436,
        26.460168,
        17.173839,
        39.497773,
        28.000505,
        10.205246,
        22.938713,
        26.806395,
        12.908183,
        14.294742,
        26.001291,
        16.979916,
        23.798528,
        22.750832,
        9.255172,
        14.724845,
        15.683616,
        10.023046,
        16.029822,
        22.487981,
        15.971253,
        17.034348,
        18.680632,
        17.428113,
        19.926999,
        16.088893,
        12.309646,
        22.900953,
        11.947429,
        18.065674,
        8.382322,
        12.365169,
        12.954359,
        17.034127,
        14.73811,
        16.471377,
        12.309395,
        11.408904,
        13.632996,
        11.409785,
        11.436004
    ],
    "capacityMultiplier": 0.5,
    "strictness": 1.4,
    "runTime": 862,
    "beta": 40
}