{
    "seed": 1,
    "scores": [
        314.3422090177881,
        257.28872174220555,
        285.69172933176907,
        240.7588329200469,
        240.75883292004693,
        269.40931260606595,
        240.7588329200469,
        285.6917293317691,
        269.40931260606595,
        240.75883292004693,
        285.6917293317691,
        257.28872174220555,
        285.69172933176907,
        285.6917293317691,
        285.6917293317691,
        240.7588329200469,
        240.75883292004693,
        221.92891416959176,
        240.75883292004693,
        240.75883292004693,
        285.69172933176907,
        240.75883292004693,
        240.75883292004693,
        221.92891416959176,
        240.75883292004693,
        240.75883292004693,
        240.7588329200469,
        240.75883292004693,
        240.75883292004693,
        193.52590658002825,
        240.75883292004693,
        176.9960177578696,
        176.9960177578696,
        203.8186540239709,
        187.53623729826774,
        203.8186540239709,
        123.77342213609042,
        123.77342213609042,
        140.05583886179357,
        108.6957115738995,
        45.180368508177665,
        108.6957115738995,
        140.05583886179357,
        63.76281516217733,
        95.1229424500714
    ],
    "index": 30,
    "threshold": 2,
    "weight2": 0,
    "weight1": 1,
    "heterogeneity": 0.7,
    "lambda": 50,
    "times": [
        85.541452,
        26.944621,
        27.371498,
        18.556101,
        10.860515,
        25.576146,
        20.504378,
        25.043563,
        37.609091,
        16.273901,
        27.478127,
        20.058496,
        17.373724,
        17.194399,
        18.140907,
        15.237486,
        15.982146,
        17.679194,
        14.499098,
        13.012042,
        17.868287,
        13.456772,
        13.163354,
        17.838071,
        14.294516,
        11.247277,
        19.306442,
        19.915078,
        11.62364,
        18.896907,
        16.395107,
        8.848418,
        10.132626,
        12.266971,
        17.427024,
        18.987427,
        8.151518,
        12.228869,
        11.067782,
        11.749715,
        10.700146,
        11.025473,
        10.696178,
        7.594689,
        7.619194
    ],
    "capacityMultiplier": 0.5,
    "strictness": 1.4,
    "runTime": 803,
    "beta": 40
}