{
    "seed": 1,
    "scores": [
        302.22161815392775,
        240.7588329200469,
        285.69172933176907,
        240.75883292004693,
        285.6917293317691,
        238.4588029917504,
        257.28872174220555,
        314.3422090177881,
        285.6917293317691,
        269.4093126060659,
        285.6917293317691,
        240.75883292004693,
        240.75883292004693,
        314.3422090177881,
        302.2216181539277,
        221.92891416959174,
        285.69172933176907,
        269.4093126060659,
        176.9960177578696,
        240.7588329200469,
        285.6917293317691,
        240.75883292004693,
        240.75883292004693,
        285.69172933176907,
        285.69172933176907,
        285.69172933176907,
        269.40931260606595,
        269.4093126060659,
        285.69172933176907,
        240.75883292004693,
        240.75883292004693,
        240.7588329200469,
        190.5687868816977,
        269.40931260606595,
        176.9960177578696,
        190.56878688169766,
        137.3461912599185,
        221.92891416959174,
        108.6957115738995,
        98.40296412995683,
        221.92891416959176,
        123.77342213609042,
        81.87307530779817,
        28.650479686019015,
        16.529888822158654
    ],
    "index": 36,
    "threshold": 2,
    "weight2": 0,
    "weight1": 1,
    "heterogeneity": 0.7,
    "lambda": 50,
    "times": [
        109.83362,
        23.335087,
        27.845033,
        19.452285,
        28.159822,
        26.958094,
        37.24176,
        37.026506,
        26.623258,
        22.653383,
        18.174585,
        13.84732,
        20.553916,
        34.227361,
        28.426641,
        19.142035,
        23.114104,
        19.730446,
        5.275167,
        15.126013,
        18.890624,
        10.053495,
        12.540427,
        19.250627,
        19.58878,
        18.69619,
        15.983877,
        31.747793,
        14.209188,
        11.722827,
        14.116745,
        20.921784,
        18.452545,
        23.768478,
        8.038616,
        17.971595,
        17.180365,
        17.451833,
        14.791677,
        14.378294,
        19.65785,
        10.417976,
        7.558628,
        7.827431,
        7.846376
    ],
    "capacityMultiplier": 0.5,
    "strictness": 1.4,
    "runTime": 949,
    "beta": 40
}