{
    "seed": 1,
    "scores": [
        269.4093126060659,
        302.2216181539278,
        285.6917293317691,
        193.52590658002825,
        285.69172933176907,
        205.64649744388862,
        285.69172933176907,
        285.69172933176907,
        269.40931260606595,
        240.75883292004693,
        240.75883292004693,
        193.52590658002825,
        221.92891416959176,
        240.7588329200469,
        285.6917293317691,
        240.75883292004693,
        285.69172933176907,
        221.92891416959174,
        193.52590658002825,
        240.75883292004693,
        257.28872174220555,
        240.7588329200469,
        240.75883292004693,
        285.6917293317691,
        269.4093126060659,
        285.6917293317691,
        285.6917293317691,
        285.69172933176907,
        240.75883292004693,
        221.92891416959174,
        240.75883292004693,
        269.4093126060659,
        203.8186540239709,
        190.56878688169766,
        240.7588329200469,
        240.75883292004693,
        176.9960177578696,
        110.52355499381719,
        203.8186540239709,
        190.56878688169766,
        73.58337609774118,
        73.58337609774118,
        176.9960177578696,
        63.76281516217733,
        44.93289641172217
    ],
    "index": 12,
    "threshold": 2,
    "weight2": 0,
    "weight1": 1,
    "heterogeneity": 0.7,
    "lambda": 50,
    "times": [
        84.162372,
        46.347293,
        26.227708,
        14.177543,
        26.051629,
        15.274745,
        28.812863,
        72.756441,
        20.162135,
        18.157867,
        20.739625,
        15.59322,
        14.606666,
        16.885237,
        20.924721,
        11.475099,
        20.810838,
        18.634388,
        10.332783,
        15.169488,
        19.353332,
        12.629468,
        14.29344,
        34.001435,
        14.318647,
        22.413456,
        15.763109,
        20.205226,
        17.246132,
        15.842367,
        14.32013,
        20.721962,
        13.201848,
        12.636562,
        13.711772,
        17.889304,
        13.509664,
        13.999651,
        12.883563,
        12.530283,
        11.612006,
        12.47515,
        12.24038,
        9.377146,
        11.985624
    ],
    "capacityMultiplier": 0.5,
    "strictness": 1.4,
    "runTime": 906,
    "beta": 40
}