{
    "seed": 1,
    "scores": [
        285.69172933176907,
        257.28872174220555,
        285.69172933176907,
        240.7588329200469,
        240.75883292004693,
        285.69172933176907,
        269.4093126060659,
        240.7588329200469,
        269.40931260606595,
        240.75883292004693,
        285.6917293317691,
        257.28872174220555,
        240.7588329200469,
        240.75883292004693,
        240.75883292004693,
        240.7588329200469,
        285.6917293317691,
        285.6917293317691,
        193.52590658002825,
        240.75883292004693,
        240.75883292004693,
        240.75883292004693,
        240.75883292004693,
        285.6917293317691,
        240.75883292004693,
        240.75883292004693,
        285.69172933176907,
        240.75883292004693,
        240.75883292004693,
        221.92891416959174,
        240.75883292004693,
        240.75883292004693,
        176.9960177578696,
        203.8186540239709,
        240.75883292004693,
        205.64649744388862,
        158.88575761224874,
        98.40296412995683,
        221.92891416959174,
        240.7588329200469,
        45.180368508177665,
        63.76281516217733,
        140.05583886179357,
        0,
        0
    ],
    "index": 20,
    "threshold": 2,
    "weight2": 0,
    "weight1": 1,
    "heterogeneity": 0.7,
    "lambda": 50,
    "times": [
        85.069921,
        33.612461,
        26.398756,
        16.460033,
        11.006597,
        30.957462,
        27.633533,
        35.235282,
        22.767534,
        15.759675,
        27.660854,
        15.417667,
        14.889019,
        15.933741,
        16.130388,
        13.120366,
        14.017722,
        17.383819,
        11.811081,
        13.645527,
        16.100632,
        15.059417,
        12.066447,
        19.491877,
        10.336116,
        12.780942,
        27.452185,
        20.5642,
        13.683217,
        20.128285,
        17.81824,
        12.126529,
        9.678788,
        19.33335,
        13.9526,
        16.131049,
        13.162274,
        16.707035,
        16.054426,
        18.295201,
        11.331014,
        9.827906,
        11.330242,
        12.317988,
        7.662612
    ],
    "capacityMultiplier": 0.5,
    "strictness": 1.4,
    "runTime": 838,
    "beta": 40
}