{
    "seed": 1,
    "scores": [
        285.6917293317691,
        257.28872174220555,
        285.6917293317691,
        285.69172933176907,
        221.92891416959176,
        269.40931260606595,
        269.4093126060659,
        302.2216181539277,
        250.5793938556108,
        240.7588329200469,
        285.6917293317691,
        257.28872174220555,
        285.69172933176907,
        285.69172933176907,
        285.69172933176907,
        285.6917293317691,
        285.6917293317691,
        285.6917293317691,
        257.28872174220555,
        240.75883292004693,
        240.75883292004693,
        240.7588329200469,
        240.75883292004693,
        257.28872174220555,
        240.75883292004693,
        240.75883292004693,
        285.69172933176907,
        285.69172933176907,
        285.6917293317691,
        302.2216181539277,
        240.75883292004693,
        240.75883292004693,
        240.75883292004693,
        203.8186540239709,
        240.75883292004693,
        205.6464974438886,
        176.9960177578696,
        205.6464974438886,
        203.8186540239709,
        190.56878688169766,
        90.11326491989983,
        108.6957115738995,
        140.05583886179357,
        63.76281516217733,
        95.1229424500714
    ],
    "index": 31,
    "threshold": 2,
    "weight2": 0,
    "weight1": 1,
    "heterogeneity": 0.7,
    "lambda": 50,
    "times": [
        82.781955,
        32.566829,
        31.691101,
        22.522784,
        14.314412,
        25.943241,
        37.563134,
        34.671896,
        18.643017,
        18.24318,
        27.267818,
        21.548562,
        18.712918,
        18.085966,
        23.125932,
        17.863139,
        22.088401,
        26.057484,
        26.298565,
        15.125389,
        13.84823,
        15.768562,
        15.161677,
        23.483771,
        13.098598,
        17.17895,
        18.772931,
        19.216851,
        20.904507,
        30.708012,
        20.812014,
        14.215497,
        15.111533,
        21.565143,
        19.91149,
        18.07244,
        11.905897,
        17.499269,
        29.134911,
        12.559841,
        12.99805,
        10.239039,
        10.664195,
        6.90782,
        6.252073
    ],
    "capacityMultiplier": 0.5,
    "strictness": 1.4,
    "runTime": 951,
    "beta": 40
}