{
    "seed": 1,
    "scores": [
        238.4588029917504,
        221.92891416959174,
        269.4093126060659,
        269.40931260606595,
        285.6917293317691,
        240.75883292004693,
        250.57939385561076,
        285.69172933176907,
        240.7588329200469,
        221.92891416959176,
        285.6917293317691,
        285.69172933176907,
        221.92891416959174,
        221.92891416959174,
        314.34220901778815,
        285.6917293317691,
        285.69172933176907,
        240.75883292004693,
        240.75883292004693,
        285.6917293317691,
        269.4093126060659,
        240.7588329200469,
        240.75883292004693,
        240.75883292004693,
        240.7588329200469,
        285.6917293317691,
        285.6917293317691,
        285.69172933176907,
        240.75883292004693,
        240.75883292004693,
        205.6464974438886,
        221.92891416959174,
        240.75883292004693,
        240.7588329200469,
        205.6464974438886,
        176.9960177578696,
        158.88575761224874,
        176.9960177578696,
        158.88575761224874,
        176.9960177578696,
        95.1229424500714,
        95.1229424500714,
        92.41329484819634,
        81.87307530779817,
        44.93289641172217
    ],
    "index": 9,
    "threshold": 2,
    "weight2": 0,
    "weight1": 1,
    "heterogeneity": 0.7,
    "lambda": 50,
    "times": [
        60.932209,
        23.920752,
        32.548813,
        23.416981,
        29.111937,
        16.616346,
        14.003241,
        25.039093,
        30.572128,
        15.549251,
        23.797692,
        20.863567,
        14.294124,
        16.831809,
        28.071122,
        24.551892,
        22.366276,
        18.055928,
        13.537109,
        19.81156,
        25.021019,
        16.431971,
        13.440979,
        19.690864,
        17.843921,
        24.068539,
        19.012415,
        19.11129,
        21.408244,
        18.466605,
        15.415,
        15.770064,
        12.395956,
        17.534423,
        16.862667,
        12.56939,
        13.158361,
        17.905275,
        14.087378,
        12.402908,
        10.229255,
        10.0073,
        11.556827,
        9.112667,
        8.972445
    ],
    "capacityMultiplier": 0.5,
    "strictness": 1.4,
    "runTime": 866,
    "beta": 40
}