{
    "seed": 1,
    "scores": [
        285.69172933176907,
        257.28872174220555,
        285.69172933176907,
        240.7588329200469,
        240.75883292004693,
        285.69172933176907,
        240.75883292004693,
        240.7588329200469,
        269.40931260606595,
        240.75883292004693,
        285.6917293317691,
        257.28872174220555,
        285.69172933176907,
        240.75883292004693,
        240.75883292004693,
        285.69172933176907,
        285.6917293317691,
        285.6917293317691,
        193.52590658002825,
        240.75883292004693,
        240.75883292004693,
        240.75883292004693,
        240.75883292004693,
        221.92891416959176,
        240.75883292004693,
        240.75883292004693,
        240.75883292004693,
        240.75883292004693,
        240.75883292004693,
        220.34854284612956,
        240.75883292004693,
        240.75883292004693,
        203.8186540239709,
        240.75883292004693,
        240.75883292004693,
        176.9960177578696,
        140.05583886179357,
        73.58337609774118,
        176.9960177578696,
        187.53623729826774,
        45.180368508177665,
        108.6957115738995,
        140.05583886179357,
        95.1229424500714,
        95.1229424500714
    ],
    "index": 10,
    "threshold": 2,
    "weight2": 0,
    "weight1": 1,
    "heterogeneity": 0.7,
    "lambda": 50,
    "times": [
        85.693416,
        30.642485,
        26.175124,
        16.704395,
        10.647307,
        26.217334,
        16.432086,
        22.852111,
        35.010419,
        14.67724,
        20.563879,
        16.602144,
        22.03177,
        14.979144,
        17.014924,
        21.859548,
        13.75596,
        21.211719,
        11.604734,
        12.585805,
        14.910816,
        11.52209,
        18.656228,
        17.454786,
        13.784003,
        9.435084,
        17.578567,
        17.819045,
        12.360335,
        20.994484,
        16.720514,
        13.361614,
        10.416536,
        18.832016,
        15.679661,
        16.861618,
        12.284954,
        14.14686,
        15.168146,
        14.478659,
        11.301227,
        11.265671,
        10.850206,
        9.749951,
        8.951982
    ],
    "capacityMultiplier": 0.5,
    "strictness": 1.4,
    "runTime": 811,
    "beta": 40
}