{
    "seed": 1,
    "scores": [
        302.22161815392775,
        240.75883292004693,
        285.6917293317691,
        285.6917293317691,
        314.3422090177881,
        238.45880299175042,
        257.28872174220555,
        285.6917293317691,
        221.92891416959174,
        240.75883292004693,
        314.3422090177881,
        240.7588329200469,
        221.92891416959176,
        314.3422090177881,
        285.69172933176907,
        250.57939385561076,
        285.6917293317691,
        285.6917293317691,
        221.92891416959176,
        269.4093126060659,
        285.69172933176907,
        285.6917293317691,
        285.6917293317691,
        240.75883292004693,
        240.75883292004693,
        257.28872174220555,
        285.69172933176907,
        257.28872174220555,
        285.69172933176907,
        285.6917293317691,
        285.69172933176907,
        240.75883292004693,
        221.92891416959176,
        240.75883292004693,
        175.4156464344074,
        176.9960177578696,
        205.64649744388862,
        140.05583886179357,
        143.33586054167898,
        187.53623729826774,
        95.1229424500714,
        80.29270398433599,
        108.6957115738995,
        81.87307530779817,
        28.650479686019015
    ],
    "index": 38,
    "threshold": 2,
    "weight2": 0,
    "weight1": 1,
    "heterogeneity": 0.7,
    "lambda": 50,
    "times": [
        102.068668,
        23.586843,
        28.955574,
        26.661927,
        23.690345,
        15.604127,
        45.034366,
        29.238441,
        14.192164,
        16.525996,
        26.644023,
        12.98871,
        11.510373,
        26.09032,
        26.007546,
        19.676391,
        23.047748,
        22.076196,
        13.99681,
        23.042528,
        12.871241,
        26.856269,
        28.361375,
        15.9275,
        16.878012,
        20.672498,
        21.433708,
        19.664999,
        21.417197,
        21.683583,
        24.351027,
        15.844145,
        17.1823,
        12.342214,
        14.193076,
        16.455986,
        15.449639,
        21.693061,
        12.820035,
        16.221278,
        7.033425,
        11.432808,
        11.828847,
        7.14317,
        7.098367
    ],
    "capacityMultiplier": 0.5,
    "strictness": 1.4,
    "runTime": 947,
    "beta": 40
}