{
    "seed": 1,
    "scores": [
        238.4588029917504,
        221.92891416959174,
        269.4093126060659,
        269.40931260606595,
        285.69172933176907,
        257.28872174220555,
        250.57939385561076,
        285.69172933176907,
        285.69172933176907,
        221.92891416959176,
        285.6917293317691,
        240.75883292004693,
        285.69172933176907,
        221.92891416959174,
        285.6917293317691,
        285.6917293317691,
        285.69172933176907,
        240.75883292004693,
        240.7588329200469,
        285.6917293317691,
        269.4093126060659,
        257.28872174220555,
        240.75883292004693,
        250.57939385561076,
        240.7588329200469,
        269.4093126060659,
        240.75883292004693,
        221.92891416959174,
        240.75883292004693,
        221.92891416959176,
        221.92891416959176,
        240.75883292004693,
        240.75883292004693,
        176.9960177578696,
        221.92891416959176,
        176.9960177578696,
        158.88575761224874,
        176.9960177578696,
        158.88575761224874,
        126.80597171952034,
        140.05583886179357,
        45.180368508177665,
        63.76281516217733,
        126.80597171952034,
        44.93289641172217
    ],
    "index": 29,
    "threshold": 2,
    "weight2": 0,
    "weight1": 1,
    "heterogeneity": 0.7,
    "lambda": 50,
    "times": [
        62.701387,
        23.858616,
        26.498482,
        20.644357,
        26.531985,
        23.606185,
        15.784831,
        21.900815,
        21.984362,
        22.615893,
        29.911081,
        16.098027,
        20.435637,
        14.345811,
        24.162575,
        20.441136,
        25.563514,
        19.753992,
        18.043975,
        23.367568,
        18.183206,
        22.249097,
        14.524355,
        17.225474,
        18.606096,
        23.023515,
        14.645892,
        13.648718,
        19.169319,
        15.35096,
        18.197171,
        14.96604,
        14.959078,
        12.821982,
        13.980398,
        11.078142,
        10.011277,
        12.195641,
        10.426694,
        10.969609,
        10.586994,
        10.625957,
        8.840959,
        10.784021,
        8.230858
    ],
    "capacityMultiplier": 0.5,
    "strictness": 1.4,
    "runTime": 833,
    "beta": 40
}