{
    "seed": 1,
    "scores": [
        285.69172933176907,
        221.92891416959174,
        269.4093126060659,
        240.7588329200469,
        314.3422090177881,
        238.4588029917504,
        240.75883292004693,
        285.6917293317691,
        220.34854284612956,
        176.9960177578696,
        285.69172933176907,
        285.69172933176907,
        221.92891416959174,
        240.75883292004693,
        285.6917293317691,
        250.57939385561076,
        285.69172933176907,
        232.46913370998993,
        176.9960177578696,
        240.75883292004693,
        240.75883292004693,
        240.75883292004693,
        269.4093126060659,
        250.57939385561076,
        221.92891416959174,
        285.69172933176907,
        285.69172933176907,
        240.7588329200469,
        240.75883292004693,
        240.75883292004693,
        193.52590658002825,
        240.7588329200469,
        205.64649744388862,
        240.75883292004693,
        145.6358904699755,
        176.9960177578696,
        145.6358904699755,
        145.6358904699755,
        145.6358904699755,
        176.9960177578696,
        158.88575761224874,
        98.40296412995683,
        92.41329484819634,
        81.87307530779817,
        63.76281516217733
    ],
    "index": 3,
    "threshold": 2,
    "weight2": 0,
    "weight1": 1,
    "heterogeneity": 0.7,
    "lambda": 50,
    "times": [
        75.931524,
        21.798798,
        27.876683,
        15.754357,
        34.152046,
        26.25448,
        17.693673,
        32.853969,
        25.899817,
        10.157512,
        19.811924,
        15.105393,
        14.973667,
        14.651234,
        24.365447,
        18.559953,
        22.357003,
        21.547839,
        5.378236,
        16.230688,
        16.588346,
        14.896212,
        19.421163,
        20.956764,
        16.02367,
        17.61161,
        15.140539,
        12.057925,
        19.910007,
        14.882877,
        12.827604,
        20.938871,
        15.237521,
        18.701697,
        7.923856,
        11.326588,
        11.491887,
        11.455699,
        10.155809,
        10.820823,
        9.777822,
        11.34419,
        12.093262,
        10.880915,
        10.320607
    ],
    "capacityMultiplier": 0.5,
    "strictness": 1.4,
    "runTime": 814,
    "beta": 40
}