{
    "seed": 1,
    "scores": [
        250.57939385561076,
        176.9960177578696,
        240.75883292004693,
        269.40931260606595,
        314.3422090177881,
        314.34220901778804,
        205.64649744388862,
        285.69172933176907,
        285.69172933176907,
        250.57939385561076,
        285.6917293317691,
        269.4093126060659,
        285.69172933176907,
        221.92891416959176,
        285.6917293317691,
        285.69172933176907,
        285.69172933176907,
        285.6917293317691,
        240.75883292004693,
        285.6917293317691,
        285.69172933176907,
        257.28872174220555,
        240.7588329200469,
        221.92891416959176,
        240.7588329200469,
        250.5793938556108,
        285.69172933176907,
        285.6917293317691,
        269.40931260606595,
        285.6917293317691,
        269.40931260606595,
        240.75883292004693,
        158.88575761224874,
        285.6917293317691,
        140.05583886179357,
        240.75883292004693,
        158.88575761224874,
        221.92891416959176,
        203.8186540239709,
        145.6358904699755,
        156.58572768395223,
        92.41329484819634,
        108.6957115738995,
        140.05583886179357,
        44.93289641172217
    ],
    "index": 34,
    "threshold": 2,
    "weight2": 0,
    "weight1": 1,
    "heterogeneity": 0.7,
    "lambda": 50,
    "times": [
        86.656911,
        16.28631,
        17.769694,
        21.773991,
        35.085489,
        37.229187,
        10.395366,
        24.1592,
        51.809898,
        22.20134,
        22.690304,
        24.509404,
        24.830665,
        13.118648,
        35.402712,
        25.093086,
        28.821077,
        25.972591,
        18.986389,
        22.778068,
        21.790401,
        17.906209,
        15.172417,
        9.236029,
        16.342806,
        22.51165,
        27.022413,
        18.000485,
        21.911117,
        20.999082,
        22.004632,
        10.947278,
        9.366542,
        21.744135,
        8.865756,
        16.151679,
        6.95282,
        12.159885,
        14.326396,
        9.894599,
        12.891032,
        26.819263,
        12.150939,
        10.018261,
        7.837263
    ],
    "capacityMultiplier": 0.5,
    "strictness": 1.4,
    "runTime": 958,
    "beta": 40
}