{
    "seed": 1,
    "scores": [
        250.57939385561076,
        176.9960177578696,
        240.75883292004693,
        269.40931260606595,
        285.69172933176907,
        250.57939385561076,
        205.64649744388862,
        285.69172933176907,
        285.69172933176907,
        221.92891416959176,
        285.6917293317691,
        269.4093126060659,
        285.69172933176907,
        221.92891416959176,
        285.6917293317691,
        285.69172933176907,
        285.69172933176907,
        285.69172933176907,
        240.75883292004693,
        285.6917293317691,
        240.75883292004693,
        193.52590658002825,
        240.7588329200469,
        221.92891416959176,
        240.7588329200469,
        250.5793938556108,
        285.69172933176907,
        240.7588329200469,
        190.5687868816977,
        221.92891416959176,
        221.92891416959176,
        240.75883292004693,
        158.88575761224874,
        240.75883292004693,
        155.45645140553935,
        240.75883292004693,
        158.88575761224874,
        126.80597171952034,
        108.6957115738995,
        145.6358904699755,
        140.05583886179357,
        92.41329484819634,
        73.58337609774118,
        140.05583886179357,
        44.93289641172217
    ],
    "index": 24,
    "threshold": 2,
    "weight2": 0,
    "weight1": 1,
    "heterogeneity": 0.7,
    "lambda": 50,
    "times": [
        84.957663,
        16.251984,
        17.054956,
        20.746614,
        29.207978,
        36.10522,
        10.704546,
        22.650643,
        53.103609,
        13.4029,
        21.704315,
        19.773947,
        19.067357,
        13.652666,
        28.945478,
        21.019405,
        21.166239,
        19.297657,
        13.395275,
        18.169207,
        14.01819,
        20.900683,
        12.36483,
        10.079679,
        15.237178,
        21.173744,
        24.484742,
        20.527535,
        16.94521,
        19.289051,
        19.954434,
        13.432855,
        11.720385,
        16.387708,
        16.497984,
        16.418406,
        8.821838,
        11.13452,
        9.102201,
        12.663087,
        13.580702,
        12.998794,
        14.738285,
        14.135739,
        11.452554
    ],
    "capacityMultiplier": 0.5,
    "strictness": 1.4,
    "runTime": 878,
    "beta": 40
}