{
    "seed": 1,
    "scores": [
        269.4093126060659,
        302.2216181539277,
        285.6917293317691,
        240.75883292004693,
        285.69172933176907,
        205.64649744388862,
        285.6917293317691,
        285.69172933176907,
        269.40931260606595,
        240.75883292004693,
        285.69172933176907,
        240.75883292004693,
        221.92891416959176,
        285.69172933176907,
        285.6917293317691,
        240.75883292004693,
        221.92891416959176,
        285.69172933176907,
        193.52590658002825,
        240.75883292004693,
        257.28872174220555,
        240.7588329200469,
        240.75883292004693,
        221.92891416959174,
        240.75883292004693,
        285.69172933176907,
        285.6917293317691,
        221.92891416959176,
        240.75883292004693,
        111.65283127223006,
        176.9960177578696,
        240.75883292004693,
        205.6464974438886,
        221.92891416959176,
        145.6358904699755,
        174.28637015599452,
        240.7588329200469,
        240.7588329200469,
        158.88575761224874,
        126.80597171952034,
        73.58337609774118,
        73.58337609774118,
        123.77342213609042,
        108.6957115738995,
        95.1229424500714
    ],
    "index": 22,
    "threshold": 2,
    "weight2": 0,
    "weight1": 1,
    "heterogeneity": 0.7,
    "lambda": 50,
    "times": [
        80.680208,
        38.396529,
        28.827988,
        15.457205,
        22.756302,
        15.551572,
        17.670754,
        26.674481,
        55.42207,
        15.10072,
        22.439761,
        16.420552,
        12.424528,
        25.882384,
        17.726388,
        8.328016,
        15.188374,
        18.908042,
        9.865995,
        15.761614,
        19.218953,
        14.915885,
        16.942646,
        18.053699,
        13.462454,
        15.881757,
        17.307908,
        15.84037,
        15.616162,
        11.544587,
        10.879135,
        16.195303,
        15.050006,
        14.179853,
        12.773589,
        15.14862,
        13.413844,
        14.981959,
        8.290837,
        8.622445,
        8.772385,
        8.883081,
        8.443983,
        9.436003,
        7.146412
    ],
    "capacityMultiplier": 0.5,
    "strictness": 1.4,
    "runTime": 810,
    "beta": 40
}