{
    "seed": 1,
    "scores": [
        285.6917293317691,
        240.75883292004693,
        285.69172933176907,
        240.75883292004693,
        285.6917293317691,
        240.75883292004693,
        285.6917293317691,
        240.75883292004693,
        240.75883292004693,
        257.28872174220555,
        285.69172933176907,
        240.75883292004693,
        285.69172933176907,
        257.28872174220555,
        240.75883292004693,
        285.6917293317691,
        285.6917293317691,
        302.2216181539278,
        240.7588329200469,
        240.75883292004693,
        240.75883292004693,
        240.75883292004693,
        257.28872174220555,
        285.6917293317691,
        285.6917293317691,
        240.75883292004693,
        285.6917293317691,
        221.92891416959174,
        240.7588329200469,
        240.7588329200469,
        240.7588329200469,
        205.64649744388862,
        240.75883292004693,
        240.75883292004693,
        187.53623729826774,
        176.9960177578696,
        80.29270398433599,
        176.9960177578696,
        126.80597171952034,
        158.88575761224874,
        16.529888822158654,
        63.76281516217733,
        44.93289641172217,
        95.1229424500714,
        81.87307530779817
    ],
    "index": 5,
    "threshold": 2,
    "weight2": 0,
    "weight1": 1,
    "heterogeneity": 0.7,
    "lambda": 50,
    "times": [
        72.289256,
        31.540285,
        30.018755,
        13.153857,
        23.380862,
        15.087639,
        33.112429,
        22.363907,
        29.647589,
        19.061582,
        20.300923,
        17.905837,
        21.739618,
        21.706857,
        15.534806,
        19.550949,
        19.796108,
        26.283758,
        14.057189,
        12.84535,
        18.188186,
        15.379074,
        24.114656,
        21.317157,
        21.060516,
        16.235459,
        19.141582,
        13.151432,
        24.836879,
        17.097774,
        17.84874,
        21.408588,
        19.774317,
        13.926644,
        17.103585,
        9.844268,
        12.016576,
        13.459008,
        11.145034,
        11.803207,
        8.821573,
        9.517826,
        8.488659,
        8.965432,
        8.991812
    ],
    "capacityMultiplier": 0.5,
    "strictness": 1.4,
    "runTime": 863,
    "beta": 40
}