{
    "seed": 1,
    "scores": [
        285.6917293317691,
        257.28872174220555,
        285.6917293317691,
        176.9960177578696,
        285.6917293317691,
        269.40931260606595,
        240.75883292004693,
        240.7588329200469,
        250.5793938556108,
        240.75883292004693,
        285.6917293317691,
        257.28872174220555,
        285.69172933176907,
        285.69172933176907,
        285.69172933176907,
        240.7588329200469,
        285.6917293317691,
        285.6917293317691,
        257.28872174220555,
        240.75883292004693,
        240.75883292004693,
        240.75883292004693,
        240.75883292004693,
        257.28872174220555,
        240.75883292004693,
        240.75883292004693,
        285.69172933176907,
        240.75883292004693,
        285.6917293317691,
        285.69172933176907,
        240.75883292004693,
        240.75883292004693,
        240.75883292004693,
        240.75883292004693,
        240.7588329200469,
        176.9960177578696,
        176.9960177578696,
        158.88575761224874,
        140.05583886179357,
        108.6957115738995,
        81.87307530779817,
        95.1229424500714,
        95.1229424500714,
        95.1229424500714,
        95.1229424500714
    ],
    "index": 1,
    "threshold": 2,
    "weight2": 0,
    "weight1": 1,
    "heterogeneity": 0.7,
    "lambda": 50,
    "times": [
        78.904787,
        35.351062,
        30.117214,
        11.667867,
        18.067884,
        24.257747,
        14.857416,
        21.669042,
        35.255363,
        14.859079,
        26.5451,
        21.002215,
        16.916904,
        21.028585,
        19.613451,
        11.442025,
        22.293728,
        25.992919,
        13.7939,
        14.66664,
        15.038244,
        14.6239,
        15.931243,
        22.991201,
        13.049439,
        14.88107,
        20.211137,
        15.113344,
        22.635457,
        28.258521,
        19.033177,
        15.723094,
        13.050902,
        16.04772,
        17.659961,
        15.776293,
        11.099676,
        14.710071,
        11.593208,
        12.936748,
        10.276548,
        10.270457,
        8.767369,
        8.951122,
        8.911177
    ],
    "capacityMultiplier": 0.5,
    "strictness": 1.4,
    "runTime": 855,
    "beta": 40
}