{
    "seed": 1,
    "scores": [
        314.3422090177881,
        176.9960177578696,
        240.75883292004693,
        240.75883292004693,
        269.4093126060659,
        285.69172933176907,
        269.40931260606595,
        285.69172933176907,
        250.57939385561076,
        240.75883292004693,
        285.6917293317691,
        269.40931260606595,
        285.6917293317691,
        285.6917293317691,
        285.6917293317691,
        240.75883292004693,
        314.3422090177881,
        285.69172933176907,
        240.75883292004693,
        285.6917293317691,
        285.69172933176907,
        257.28872174220555,
        240.7588329200469,
        240.7588329200469,
        285.69172933176907,
        269.40931260606595,
        240.75883292004693,
        203.8186540239709,
        232.46913370998993,
        221.92891416959174,
        240.75883292004693,
        240.7588329200469,
        240.75883292004693,
        240.75883292004693,
        240.75883292004693,
        176.9960177578696,
        176.9960177578696,
        190.5687868816977,
        145.6358904699755,
        187.53623729826774,
        44.93289641172217,
        63.76281516217733,
        73.58337609774118,
        95.1229424500714,
        44.93289641172217
    ],
    "index": 7,
    "threshold": 2,
    "weight2": 0,
    "weight1": 1,
    "heterogeneity": 0.7,
    "lambda": 50,
    "times": [
        85.876698,
        13.299591,
        18.522486,
        17.48051,
        26.323306,
        29.226609,
        15.101346,
        20.84815,
        44.881689,
        13.875066,
        23.443186,
        24.179001,
        26.379822,
        21.873875,
        24.18393,
        17.350276,
        29.759354,
        19.126494,
        13.45989,
        18.719013,
        19.475456,
        22.592027,
        16.629961,
        9.21438,
        16.531537,
        18.54583,
        16.722324,
        13.63139,
        21.90846,
        13.526184,
        18.199593,
        13.561379,
        12.788346,
        12.280857,
        14.804732,
        16.904194,
        12.737541,
        12.604653,
        13.806658,
        13.728411,
        7.950319,
        8.52894,
        10.041375,
        8.725398,
        6.822232
    ],
    "capacityMultiplier": 0.5,
    "strictness": 1.4,
    "runTime": 856,
    "beta": 40
}