{
    "seed": 1,
    "scores": [
        302.2216181539277,
        240.7588329200469,
        285.69172933176907,
        285.69172933176907,
        285.69172933176907,
        238.4588029917504,
        240.7588329200469,
        285.69172933176907,
        285.69172933176907,
        269.4093126060659,
        240.7588329200469,
        240.75883292004693,
        193.52590658002825,
        285.69172933176907,
        285.69172933176907,
        221.92891416959174,
        285.69172933176907,
        269.4093126060659,
        176.9960177578696,
        240.7588329200469,
        221.92891416959176,
        176.9960177578696,
        176.9960177578696,
        240.7588329200469,
        285.69172933176907,
        285.6917293317691,
        285.6917293317691,
        269.4093126060659,
        285.69172933176907,
        240.75883292004693,
        193.52590658002822,
        221.92891416959174,
        174.28637015599452,
        221.92891416959176,
        240.75883292004693,
        240.75883292004693,
        125.22560039605816,
        176.9960177578696,
        203.8186540239709,
        145.6358904699755,
        126.80597171952034,
        123.77342213609042,
        110.52355499381719,
        44.93289641172217,
        16.529888822158654
    ],
    "index": 16,
    "threshold": 2,
    "weight2": 0,
    "weight1": 1,
    "heterogeneity": 0.7,
    "lambda": 50,
    "times": [
        100.463452,
        25.562777,
        23.432133,
        23.416974,
        25.757441,
        25.894687,
        26.812463,
        24.263337,
        14.988955,
        20.684505,
        17.129548,
        13.940204,
        13.712429,
        24.151919,
        20.64984,
        16.805933,
        21.881363,
        21.21685,
        5.279902,
        13.858512,
        18.756931,
        7.61053,
        9.661214,
        17.928422,
        20.004855,
        19.573207,
        23.341382,
        27.718617,
        14.37116,
        15.913034,
        14.634323,
        24.194688,
        14.396107,
        21.561034,
        14.593897,
        18.0669,
        14.879551,
        10.497367,
        14.717238,
        12.666393,
        10.082321,
        9.978838,
        10.338621,
        8.398744,
        7.352217
    ],
    "capacityMultiplier": 0.5,
    "strictness": 1.4,
    "runTime": 861,
    "beta": 40
}