{
    "seed": 1,
    "scores": [
        269.4093126060659,
        302.2216181539278,
        285.6917293317691,
        238.4588029917504,
        285.69172933176907,
        205.64649744388862,
        285.6917293317691,
        285.69172933176907,
        269.40931260606595,
        240.75883292004693,
        240.75883292004693,
        193.52590658002825,
        285.6917293317691,
        240.75883292004693,
        285.6917293317691,
        205.64649744388862,
        285.69172933176907,
        221.92891416959174,
        193.52590658002825,
        240.75883292004693,
        257.28872174220555,
        240.75883292004693,
        240.75883292004693,
        285.69172933176907,
        240.75883292004693,
        240.7588329200469,
        240.75883292004693,
        240.7588329200469,
        203.8186540239709,
        240.75883292004693,
        176.9960177578696,
        221.92891416959174,
        187.53623729826774,
        240.75883292004693,
        240.7588329200469,
        176.9960177578696,
        158.88575761224874,
        221.92891416959174,
        158.88575761224874,
        145.6358904699755,
        44.93289641172217,
        73.58337609774118,
        110.52355499381719,
        63.76281516217733,
        95.1229424500714
    ],
    "index": 2,
    "threshold": 2,
    "weight2": 0,
    "weight1": 1,
    "heterogeneity": 0.7,
    "lambda": 50,
    "times": [
        80.533254,
        43.856123,
        26.717912,
        24.369281,
        21.655288,
        14.93988,
        19.370796,
        34.01798,
        22.284883,
        14.314554,
        19.210266,
        14.964747,
        18.243403,
        15.414927,
        20.736273,
        13.262572,
        14.592843,
        15.53988,
        10.761566,
        12.295197,
        20.624965,
        12.134978,
        12.488578,
        22.780337,
        9.942738,
        15.299611,
        14.154535,
        16.284289,
        12.739806,
        17.161274,
        12.086176,
        16.876633,
        16.093001,
        18.104263,
        11.001704,
        11.26244,
        11.044122,
        15.86723,
        10.482354,
        10.923658,
        8.068481,
        11.316691,
        9.115134,
        6.743029,
        6.817317
    ],
    "capacityMultiplier": 0.5,
    "strictness": 1.4,
    "runTime": 786,
    "beta": 40
}