{
    "seed": 1,
    "scores": [
        314.3422090177881,
        176.9960177578696,
        240.75883292004693,
        240.75883292004693,
        221.92891416959176,
        314.3422090177881,
        269.40931260606595,
        285.69172933176907,
        250.57939385561076,
        314.34220901778804,
        285.6917293317691,
        269.40931260606595,
        285.6917293317691,
        285.6917293317691,
        285.6917293317691,
        285.69172933176907,
        314.3422090177881,
        285.69172933176907,
        240.75883292004693,
        285.6917293317691,
        285.69172933176907,
        257.28872174220555,
        240.7588329200469,
        240.7588329200469,
        240.75883292004693,
        269.40931260606595,
        314.34220901778804,
        285.69172933176907,
        250.5793938556108,
        238.4588029917504,
        269.40931260606595,
        221.92891416959176,
        158.88575761224874,
        240.75883292004693,
        221.92891416959176,
        240.75883292004693,
        240.75883292004693,
        176.9960177578696,
        125.22560039605816,
        145.6358904699755,
        61.46278523388082,
        92.41329484819634,
        44.93289641172217,
        44.93289641172217,
        44.93289641172217
    ],
    "index": 37,
    "threshold": 2,
    "weight2": 0,
    "weight1": 1,
    "heterogeneity": 0.7,
    "lambda": 50,
    "times": [
        85.926047,
        13.13461,
        18.040607,
        19.61368,
        15.720287,
        43.652219,
        14.719675,
        24.318802,
        34.279665,
        21.040951,
        25.789514,
        22.399311,
        29.350123,
        23.740701,
        28.46047,
        21.924563,
        26.945266,
        17.000382,
        15.895185,
        24.597073,
        13.949004,
        21.31846,
        16.658793,
        8.405684,
        14.902377,
        22.807394,
        32.937725,
        26.962508,
        20.936745,
        22.904095,
        25.158182,
        13.062746,
        11.793302,
        14.093945,
        20.53277,
        21.654238,
        20.231556,
        10.788531,
        19.893774,
        9.794883,
        9.898657,
        9.765829,
        8.137653,
        6.918452,
        6.792246
    ],
    "capacityMultiplier": 0.5,
    "strictness": 1.4,
    "runTime": 936,
    "beta": 40
}