{
    "seed": 1,
    "scores": [
        302.22161815392775,
        240.75883292004693,
        285.6917293317691,
        240.75883292004693,
        285.69172933176907,
        238.45880299175042,
        257.28872174220555,
        285.6917293317691,
        221.92891416959174,
        240.75883292004693,
        285.69172933176907,
        240.7588329200469,
        221.92891416959176,
        285.69172933176907,
        285.69172933176907,
        221.92891416959174,
        285.6917293317691,
        285.69172933176907,
        221.92891416959176,
        269.4093126060659,
        240.75883292004693,
        285.6917293317691,
        285.6917293317691,
        240.75883292004693,
        240.75883292004693,
        257.28872174220555,
        285.69172933176907,
        240.75883292004693,
        240.75883292004693,
        240.7588329200469,
        190.5687868816977,
        240.75883292004693,
        203.8186540239709,
        240.75883292004693,
        162.16577929213415,
        176.9960177578696,
        176.9960177578696,
        126.80597171952034,
        143.33586054167898,
        145.6358904699755,
        95.1229424500714,
        63.76281516217733,
        108.6957115738995,
        81.87307530779817,
        28.650479686019015
    ],
    "index": 18,
    "threshold": 2,
    "weight2": 0,
    "weight1": 1,
    "heterogeneity": 0.7,
    "lambda": 50,
    "times": [
        97.399127,
        23.242112,
        29.416927,
        20.44834,
        17.571381,
        23.745625,
        24.323838,
        49.786209,
        17.284794,
        16.96731,
        27.97145,
        16.259164,
        10.25628,
        29.590453,
        20.445704,
        17.44284,
        23.890186,
        22.329052,
        15.92637,
        29.233194,
        12.140168,
        24.912561,
        27.330639,
        18.224164,
        20.303929,
        18.250423,
        28.315875,
        24.467908,
        13.688258,
        20.682878,
        21.650341,
        17.342212,
        15.390055,
        13.145461,
        12.691881,
        14.803487,
        10.832078,
        9.675502,
        10.441437,
        9.138737,
        5.617682,
        7.038783,
        8.311287,
        5.978217,
        6.237493
    ],
    "capacityMultiplier": 0.5,
    "strictness": 1.4,
    "runTime": 910,
    "beta": 40
}