{
    "seed": 1,
    "scores": [
        285.6917293317691,
        240.75883292004693,
        240.75883292004693,
        240.75883292004693,
        285.6917293317691,
        240.75883292004693,
        285.6917293317691,
        240.75883292004693,
        240.75883292004693,
        240.75883292004693,
        285.69172933176907,
        240.75883292004693,
        269.4093126060659,
        193.52590658002825,
        240.75883292004693,
        240.75883292004693,
        285.6917293317691,
        285.6917293317691,
        240.75883292004693,
        240.75883292004693,
        240.75883292004693,
        240.75883292004693,
        257.28872174220555,
        285.6917293317691,
        193.52590658002825,
        285.69172933176907,
        240.75883292004693,
        240.75883292004693,
        257.28872174220555,
        240.7588329200469,
        240.7588329200469,
        205.64649744388862,
        240.75883292004693,
        158.88575761224874,
        269.4093126060659,
        187.53623729826774,
        156.58572768395223,
        156.58572768395223,
        61.46278523388082,
        92.41329484819634,
        98.40296412995683,
        63.76281516217733,
        44.93289641172217,
        95.1229424500714,
        0
    ],
    "index": 15,
    "threshold": 2,
    "weight2": 0,
    "weight1": 1,
    "heterogeneity": 0.7,
    "lambda": 50,
    "times": [
        69.438267,
        29.856998,
        19.2013,
        14.016567,
        20.516644,
        13.17097,
        34.149857,
        21.794287,
        16.192417,
        26.892348,
        21.416382,
        19.779408,
        16.659288,
        18.101479,
        11.370482,
        14.501092,
        20.726185,
        22.183854,
        17.697965,
        13.038133,
        15.781781,
        15.826635,
        21.183278,
        20.459397,
        14.579889,
        21.698218,
        14.907109,
        14.863308,
        20.640164,
        15.067789,
        17.473507,
        14.085577,
        24.971133,
        10.155595,
        21.022678,
        12.742481,
        14.156088,
        14.173651,
        8.741207,
        9.072515,
        13.164869,
        8.14792,
        8.617756,
        8.401693,
        11.682583
    ],
    "capacityMultiplier": 0.5,
    "strictness": 1.4,
    "runTime": 812,
    "beta": 40
}