{
    "seed": 1,
    "scores": [
        314.3422090177881,
        257.28872174220555,
        285.69172933176907,
        285.6917293317691,
        240.75883292004693,
        314.3422090177881,
        269.4093126060659,
        314.34220901778804,
        269.40931260606595,
        285.69172933176907,
        285.6917293317691,
        257.28872174220555,
        285.69172933176907,
        285.6917293317691,
        285.6917293317691,
        285.6917293317691,
        285.6917293317691,
        285.6917293317691,
        257.28872174220555,
        240.75883292004693,
        240.75883292004693,
        240.75883292004693,
        240.75883292004693,
        238.45880299175042,
        240.75883292004693,
        240.75883292004693,
        285.69172933176907,
        285.69172933176907,
        240.75883292004693,
        257.28872174220555,
        285.69172933176907,
        240.75883292004693,
        221.92891416959174,
        203.8186540239709,
        137.34619125991853,
        205.6464974438886,
        158.88575761224874,
        110.52355499381719,
        140.05583886179357,
        108.6957115738995,
        123.77342213609042,
        108.6957115738995,
        95.1229424500714,
        95.1229424500714,
        95.1229424500714
    ],
    "index": 40,
    "threshold": 2,
    "weight2": 0,
    "weight1": 1,
    "heterogeneity": 0.7,
    "lambda": 50,
    "times": [
        83.869106,
        30.61827,
        32.399155,
        31.814293,
        11.646179,
        27.149356,
        35.967856,
        33.198106,
        18.367874,
        22.316565,
        23.472462,
        18.404734,
        21.475014,
        15.706427,
        17.645756,
        24.501133,
        14.482773,
        18.095707,
        24.808686,
        12.661844,
        20.102171,
        12.781507,
        8.179106,
        22.851964,
        13.649507,
        10.150125,
        21.950512,
        19.248659,
        10.649859,
        27.287925,
        23.017433,
        8.587659,
        11.860698,
        13.309973,
        13.953074,
        17.094438,
        13.919772,
        11.134113,
        14.322794,
        14.800606,
        13.26486,
        13.528752,
        10.135389,
        10.0717,
        17.872229
    ],
    "capacityMultiplier": 0.5,
    "strictness": 1.4,
    "runTime": 892,
    "beta": 40
}