{
    "seed": 1,
    "scores": [
        285.6917293317691,
        240.75883292004693,
        285.69172933176907,
        240.75883292004693,
        240.75883292004693,
        240.75883292004693,
        314.34220901778804,
        285.6917293317691,
        240.75883292004693,
        257.28872174220555,
        285.69172933176907,
        240.75883292004693,
        269.4093126060659,
        285.6917293317691,
        285.6917293317691,
        285.6917293317691,
        257.28872174220555,
        257.28872174220555,
        269.40931260606595,
        240.75883292004693,
        240.75883292004693,
        269.40931260606595,
        257.28872174220555,
        285.6917293317691,
        193.52590658002825,
        240.75883292004693,
        240.75883292004693,
        285.69172933176907,
        257.28872174220555,
        240.75883292004693,
        240.7588329200469,
        205.64649744388862,
        240.75883292004693,
        158.88575761224874,
        187.53623729826776,
        240.75883292004693,
        111.65283127223006,
        111.65283127223006,
        44.93289641172217,
        63.76281516217733,
        81.87307530779817,
        63.76281516217733,
        44.93289641172217,
        95.1229424500714,
        81.87307530779817
    ],
    "index": 25,
    "threshold": 2,
    "weight2": 0,
    "weight1": 1,
    "heterogeneity": 0.7,
    "lambda": 50,
    "times": [
        71.136417,
        32.679668,
        33.057516,
        16.527015,
        19.925159,
        17.039795,
        44.671529,
        36.732319,
        16.427198,
        20.249217,
        22.017648,
        17.771054,
        19.350874,
        19.887479,
        13.209111,
        18.487587,
        24.950472,
        20.32561,
        27.375965,
        15.243852,
        10.968133,
        22.917243,
        16.840843,
        22.371642,
        13.3156,
        20.872234,
        16.011139,
        18.096454,
        19.161879,
        17.63531,
        17.503393,
        12.338971,
        19.053958,
        11.179519,
        18.461529,
        14.116991,
        11.063121,
        12.36543,
        7.382807,
        7.3304,
        8.591281,
        7.519704,
        7.579526,
        7.237305,
        7.454652
    ],
    "capacityMultiplier": 0.5,
    "strictness": 1.4,
    "runTime": 854,
    "beta": 40
}