{
    "seed": 1,
    "scores": [
        285.6917293317691,
        257.28872174220555,
        285.6917293317691,
        176.9960177578696,
        221.92891416959176,
        240.75883292004693,
        269.4093126060659,
        285.6917293317691,
        250.5793938556108,
        240.7588329200469,
        285.6917293317691,
        257.28872174220555,
        285.69172933176907,
        285.69172933176907,
        285.69172933176907,
        240.75883292004693,
        285.69172933176907,
        285.6917293317691,
        257.28872174220555,
        240.75883292004693,
        193.52590658002825,
        240.75883292004693,
        240.75883292004693,
        257.28872174220555,
        240.75883292004693,
        240.75883292004693,
        285.69172933176907,
        285.6917293317691,
        285.69172933176907,
        240.7588329200469,
        240.7588329200469,
        221.92891416959174,
        240.75883292004693,
        158.88575761224874,
        221.92891416959174,
        176.9960177578696,
        176.9960177578696,
        123.77342213609042,
        140.05583886179357,
        108.6957115738995,
        110.52355499381719,
        158.88575761224874,
        95.1229424500714,
        158.88575761224874,
        95.1229424500714
    ],
    "index": 21,
    "threshold": 2,
    "weight2": 0,
    "weight1": 1,
    "heterogeneity": 0.7,
    "lambda": 50,
    "times": [
        79.724613,
        35.028615,
        30.422509,
        12.524761,
        15.551155,
        24.060494,
        27.604645,
        65.633406,
        18.455392,
        16.803976,
        31.9052,
        17.57738,
        15.911237,
        17.185017,
        23.125416,
        10.95091,
        23.567171,
        20.726224,
        15.076037,
        14.948389,
        11.97862,
        18.251731,
        17.69491,
        23.242655,
        12.241752,
        15.781916,
        17.600594,
        19.018373,
        17.485169,
        22.057431,
        19.699456,
        13.681883,
        13.290011,
        15.151719,
        19.352437,
        16.642754,
        14.627009,
        15.484371,
        13.532183,
        14.983394,
        15.482937,
        16.247315,
        10.186241,
        13.856819,
        11.004911
    ],
    "capacityMultiplier": 0.5,
    "strictness": 1.4,
    "runTime": 915,
    "beta": 40
}