{
    "seed": 1,
    "scores": [
        176.9960177578696,
        176.9960177578696,
        240.75883292004693,
        95.1229424500714,
        221.92891416959176,
        176.9960177578696,
        176.9960177578696,
        203.8186540239709,
        176.9960177578696,
        176.9960177578696,
        285.6917293317691,
        240.75883292004693,
        221.92891416959176,
        221.92891416959174,
        158.88575761224874,
        176.9960177578696,
        240.75883292004693,
        285.6917293317691,
        176.9960177578696,
        240.75883292004693,
        176.9960177578696,
        240.75883292004693,
        240.75883292004693,
        176.9960177578696,
        176.9960177578696,
        240.75883292004693,
        221.92891416959176,
        285.6917293317691,
        240.75883292004693,
        240.75883292004693,
        158.88575761224874,
        240.75883292004693,
        240.75883292004693,
        240.75883292004693,
        240.75883292004693,
        205.64649744388862,
        176.9960177578696,
        187.53623729826774,
        221.92891416959176,
        158.88575761224874,
        145.6358904699755,
        95.1229424500714,
        95.1229424500714,
        95.1229424500714,
        95.1229424500714
    ],
    "index": 1,
    "threshold": 2,
    "weight2": 0,
    "weight1": 1,
    "heterogeneity": 0.7,
    "lambda": 50,
    "times": [
        41.036702,
        16.062415,
        21.929014,
        12.323849,
        17.430719,
        12.584485,
        11.323812,
        18.118913,
        11.289899,
        10.977316,
        17.957231,
        17.196212,
        14.205661,
        13.534107,
        12.824834,
        11.108931,
        13.752274,
        17.692667,
        11.424971,
        14.588786,
        14.185774,
        14.178099,
        14.736271,
        11.580461,
        11.120412,
        14.718397,
        14.56442,
        17.742571,
        16.840257,
        16.667785,
        13.648511,
        17.099841,
        13.522335,
        17.282111,
        17.700162,
        21.405477,
        20.694229,
        18.731046,
        16.099916,
        15.606755,
        12.871851,
        11.990637,
        11.64426,
        12.033407,
        11.714061
    ],
    "capacityMultiplier": 0.5,
    "strictness": 2.9,
    "runTime": 695,
    "beta": 40
}