{
    "seed": 1,
    "scores": [
        314.3422090177881,
        314.3422090177881,
        302.22161815392775,
        314.3422090177881,
        314.3422090177881,
        302.22161815392775,
        285.9392014282246,
        267.1092826777694,
        302.2216181539277,
        314.34220901778815,
        314.3422090177881,
        285.6917293317691,
        285.69172933176907,
        285.69172933176907,
        285.69172933176907,
        269.40931260606595,
        285.69172933176907,
        285.6917293317691,
        285.6917293317691,
        285.6917293317691,
        269.4093126060659,
        240.75883292004693,
        285.69172933176907,
        285.6917293317691,
        257.28872174220555,
        240.7588329200469,
        221.92891416959176,
        193.52590658002822,
        205.6464974438886,
        203.8186540239709,
        175.4156464344074,
        240.75883292004693,
        205.6464974438886,
        190.5687868816977,
        158.88575761224874,
        110.52355499381719,
        158.88575761224874,
        28.650479686019015,
        140.05583886179357,
        44.93289641172217,
        28.650479686019015,
        44.93289641172217,
        95.1229424500714,
        63.76281516217733,
        95.1229424500714
    ],
    "index": 1,
    "threshold": 2,
    "weight2": 0,
    "weight1": 1,
    "heterogeneity": 0.7,
    "lambda": 50,
    "times": [
        67.543542,
        41.988029,
        34.269196,
        32.397135,
        43.207428,
        30.777517,
        30.180952,
        30.70413,
        33.039497,
        29.219284,
        29.141138,
        29.859781,
        31.857757,
        28.598112,
        28.616998,
        28.579467,
        35.318007,
        32.344077,
        30.682119,
        27.571743,
        28.488708,
        30.704141,
        26.170764,
        27.191603,
        25.208876,
        23.287633,
        23.008912,
        22.362082,
        24.477007,
        21.915948,
        20.637177,
        20.323741,
        17.433748,
        15.63823,
        15.246017,
        12.634294,
        14.729731,
        9.97955,
        10.621711,
        8.484945,
        8.485306,
        8.524169,
        8.192107,
        8.326789,
        8.19886
    ],
    "capacityMultiplier": 0.5,
    "strictness": 0.2,
    "runTime": 1116,
    "beta": 40
}