{
    "seed": 1,
    "scores": [
        285.6917293317691,
        257.28872174220555,
        285.6917293317691,
        176.9960177578696,
        285.6917293317691,
        269.40931260606595,
        240.75883292004693,
        240.75883292004693,
        250.5793938556108,
        240.75883292004693,
        285.6917293317691,
        257.28872174220555,
        221.92891416959176,
        285.69172933176907,
        285.69172933176907,
        240.75883292004693,
        285.6917293317691,
        314.34220901778815,
        257.28872174220555,
        240.75883292004693,
        240.75883292004693,
        240.75883292004693,
        240.75883292004693,
        257.28872174220555,
        240.75883292004693,
        240.75883292004693,
        285.69172933176907,
        240.75883292004693,
        240.75883292004693,
        285.69172933176907,
        187.53623729826774,
        240.75883292004693,
        205.6464974438886,
        240.75883292004693,
        240.7588329200469,
        205.64649744388862,
        176.9960177578696,
        158.88575761224874,
        176.9960177578696,
        108.6957115738995,
        81.87307530779817,
        95.1229424500714,
        95.1229424500714,
        95.1229424500714,
        95.1229424500714
    ],
    "index": 1,
    "threshold": 2,
    "weight2": 0,
    "weight1": 1,
    "heterogeneity": 0.7,
    "lambda": 50,
    "times": [
        54.073472,
        31.262733,
        23.765024,
        19.523804,
        19.903344,
        20.979416,
        14.305938,
        19.267735,
        42.197297,
        14.266344,
        17.970179,
        17.909766,
        17.05067,
        17.579389,
        18.086967,
        16.247108,
        20.513134,
        22.391536,
        17.522472,
        14.632599,
        16.708991,
        14.599797,
        14.305737,
        25.176393,
        14.058936,
        14.653859,
        18.268487,
        17.347374,
        17.678684,
        22.096995,
        26.919883,
        19.893615,
        21.753904,
        19.920215,
        23.251373,
        25.770423,
        17.961393,
        20.43062,
        18.125219,
        15.069135,
        11.52602,
        11.991982,
        10.047105,
        33.260799,
        10.171698
    ],
    "capacityMultiplier": 0.5,
    "strictness": 1.4,
    "runTime": 900,
    "beta": 40
}