{
    "seed": 1,
    "scores": [
        176.9960177578696,
        176.9960177578696,
        240.75883292004693,
        95.1229424500714,
        221.92891416959176,
        176.9960177578696,
        176.9960177578696,
        221.92891416959174,
        205.64649744388862,
        176.9960177578696,
        285.6917293317691,
        240.75883292004693,
        221.92891416959176,
        221.92891416959176,
        240.75883292004693,
        176.9960177578696,
        285.6917293317691,
        285.6917293317691,
        176.9960177578696,
        240.75883292004693,
        176.9960177578696,
        240.75883292004693,
        240.75883292004693,
        176.9960177578696,
        176.9960177578696,
        240.75883292004693,
        285.69172933176907,
        240.75883292004693,
        240.75883292004693,
        285.69172933176907,
        158.88575761224874,
        240.75883292004693,
        240.75883292004693,
        240.75883292004693,
        240.75883292004693,
        205.64649744388862,
        176.9960177578696,
        176.9960177578696,
        176.9960177578696,
        158.88575761224874,
        110.52355499381719,
        95.1229424500714,
        140.05583886179357,
        95.1229424500714,
        95.1229424500714
    ],
    "index": 1,
    "threshold": 2,
    "weight2": 0,
    "weight1": 1,
    "heterogeneity": 0.7,
    "lambda": 50,
    "times": [
        44.989835,
        16.462065,
        27.427396,
        14.055279,
        18.535895,
        15.067749,
        11.801631,
        19.196935,
        14.926853,
        11.43357,
        18.653245,
        18.064551,
        14.817199,
        14.495705,
        14.590864,
        11.510956,
        17.947701,
        18.206717,
        11.771474,
        18.124503,
        12.050518,
        14.725276,
        15.315053,
        12.082007,
        11.441526,
        15.161625,
        18.51212,
        20.58523,
        17.140387,
        21.226172,
        14.188779,
        17.842584,
        14.000366,
        17.896956,
        23.8156,
        20.033264,
        17.756252,
        20.03104,
        16.122277,
        18.782248,
        12.879062,
        12.730544,
        12.92069,
        12.37702,
        15.10026
    ],
    "capacityMultiplier": 0.5,
    "strictness": 2.6,
    "runTime": 756,
    "beta": 40
}