{
    "seed": 1,
    "scores": [
        240.75883292004693,
        257.28872174220555,
        240.75883292004693,
        176.9960177578696,
        221.92891416959176,
        176.9960177578696,
        240.75883292004693,
        240.75883292004693,
        205.64649744388862,
        240.75883292004693,
        285.6917293317691,
        240.75883292004693,
        221.92891416959176,
        240.75883292004693,
        285.69172933176907,
        176.9960177578696,
        285.6917293317691,
        285.6917293317691,
        193.52590658002825,
        240.75883292004693,
        240.75883292004693,
        240.75883292004693,
        240.75883292004693,
        193.52590658002825,
        240.75883292004693,
        240.75883292004693,
        285.69172933176907,
        240.75883292004693,
        285.6917293317691,
        285.6917293317691,
        240.75883292004693,
        240.75883292004693,
        240.75883292004693,
        240.75883292004693,
        240.7588329200469,
        221.92891416959176,
        176.9960177578696,
        187.53623729826774,
        176.9960177578696,
        158.88575761224874,
        145.6358904699755,
        95.1229424500714,
        95.1229424500714,
        95.1229424500714,
        95.1229424500714
    ],
    "index": 1,
    "threshold": 2,
    "weight2": 0,
    "weight1": 1,
    "heterogeneity": 0.7,
    "lambda": 50,
    "times": [
        48.905296,
        28.68325,
        19.80157,
        17.783918,
        15.614875,
        14.664678,
        14.811774,
        18.873214,
        14.45156,
        17.258898,
        18.002337,
        17.015583,
        14.260073,
        16.482937,
        18.136888,
        13.253171,
        20.257532,
        18.514764,
        14.222732,
        14.54755,
        17.322666,
        14.715624,
        14.189571,
        14.141842,
        16.381598,
        14.562317,
        18.230834,
        17.185771,
        17.668744,
        21.82388,
        21.402382,
        20.201858,
        19.850531,
        17.25505,
        16.989144,
        19.395601,
        14.828605,
        18.425498,
        21.48195,
        18.0678,
        14.497006,
        12.224178,
        11.618275,
        11.90445,
        11.152314
    ],
    "capacityMultiplier": 0.5,
    "strictness": 1.7,
    "runTime": 791,
    "beta": 40
}