{
    "seed": 1,
    "scores": [
        269.40931260606595,
        257.28872174220555,
        285.6917293317691,
        176.9960177578696,
        221.92891416959176,
        285.6917293317691,
        240.75883292004693,
        240.75883292004693,
        205.64649744388862,
        240.75883292004693,
        285.6917293317691,
        240.75883292004693,
        285.69172933176907,
        285.69172933176907,
        285.69172933176907,
        176.9960177578696,
        285.6917293317691,
        314.34220901778815,
        193.52590658002825,
        240.75883292004693,
        240.75883292004693,
        240.75883292004693,
        240.75883292004693,
        257.28872174220555,
        240.75883292004693,
        240.75883292004693,
        285.69172933176907,
        285.6917293317691,
        285.6917293317691,
        285.6917293317691,
        250.57939385561076,
        240.75883292004693,
        240.75883292004693,
        240.75883292004693,
        240.75883292004693,
        205.64649744388862,
        176.9960177578696,
        140.05583886179357,
        140.05583886179357,
        108.6957115738995,
        110.52355499381719,
        95.1229424500714,
        95.1229424500714,
        95.1229424500714,
        95.1229424500714
    ],
    "index": 1,
    "threshold": 2,
    "weight2": 0,
    "weight1": 1,
    "heterogeneity": 0.7,
    "lambda": 50,
    "times": [
        52.583106,
        30.505586,
        23.702958,
        19.088329,
        16.54818,
        24.806271,
        16.474182,
        19.425661,
        14.60129,
        18.427654,
        18.192084,
        17.096686,
        18.172418,
        17.824056,
        17.774534,
        16.16281,
        18.025592,
        25.693791,
        14.405024,
        14.321126,
        17.032046,
        14.236078,
        14.214597,
        17.968316,
        14.09298,
        14.273197,
        18.581342,
        21.859461,
        17.558199,
        26.403116,
        22.243649,
        16.036153,
        16.551847,
        19.606098,
        14.29632,
        26.685193,
        18.235555,
        16.061471,
        14.166256,
        13.577346,
        11.147352,
        12.17299,
        11.770127,
        12.084825,
        11.841991
    ],
    "capacityMultiplier": 0.5,
    "strictness": 1.5,
    "runTime": 826,
    "beta": 40
}