{
    "seed": 1,
    "scores": [
        240.75883292004693,
        176.9960177578696,
        240.75883292004693,
        158.88575761224874,
        221.92891416959176,
        176.9960177578696,
        176.9960177578696,
        221.92891416959174,
        205.64649744388862,
        176.9960177578696,
        285.6917293317691,
        240.75883292004693,
        221.92891416959176,
        221.92891416959176,
        285.69172933176907,
        95.1229424500714,
        285.6917293317691,
        285.6917293317691,
        193.52590658002825,
        240.75883292004693,
        176.9960177578696,
        240.75883292004693,
        240.75883292004693,
        257.28872174220555,
        176.9960177578696,
        240.75883292004693,
        285.69172933176907,
        285.6917293317691,
        285.6917293317691,
        285.6917293317691,
        250.57939385561076,
        240.75883292004693,
        240.75883292004693,
        240.75883292004693,
        240.75883292004693,
        176.9960177578696,
        176.9960177578696,
        187.53623729826774,
        176.9960177578696,
        145.6358904699755,
        81.87307530779817,
        95.1229424500714,
        140.05583886179357,
        95.1229424500714,
        95.1229424500714
    ],
    "index": 1,
    "threshold": 2,
    "weight2": 0,
    "weight1": 1,
    "heterogeneity": 0.7,
    "lambda": 50,
    "times": [
        47.78404,
        15.742864,
        23.166881,
        17.718334,
        16.289345,
        13.42224,
        12.587922,
        19.893046,
        14.838856,
        11.132654,
        20.58588,
        14.320899,
        14.201686,
        13.822929,
        17.444653,
        10.074748,
        17.317756,
        17.415699,
        16.855413,
        14.304448,
        11.650951,
        14.473143,
        14.400687,
        17.483175,
        11.085716,
        14.498621,
        20.758463,
        18.001312,
        17.19154,
        21.91366,
        21.819244,
        15.94953,
        22.064642,
        19.985078,
        21.85448,
        15.913002,
        14.945495,
        20.783349,
        17.623868,
        15.589478,
        15.263589,
        12.16413,
        12.507351,
        11.83258,
        11.560673
    ],
    "capacityMultiplier": 0.5,
    "strictness": 2.1,
    "runTime": 760,
    "beta": 40
}