{
    "seed": 1,
    "scores": [
        314.3422090177881,
        314.34220901778804,
        302.22161815392775,
        314.3422090177881,
        302.2216181539277,
        302.22161815392775,
        285.6917293317691,
        250.57939385561076,
        269.40931260606595,
        314.34220901778815,
        314.3422090177881,
        269.4093126060659,
        285.69172933176907,
        285.69172933176907,
        285.69172933176907,
        269.4093126060659,
        285.69172933176907,
        285.6917293317691,
        257.28872174220555,
        285.6917293317691,
        240.75883292004693,
        240.75883292004693,
        269.40931260606595,
        285.6917293317691,
        285.6917293317691,
        240.75883292004693,
        240.7588329200469,
        221.92891416959174,
        240.7588329200469,
        203.8186540239709,
        175.4156464344074,
        240.75883292004693,
        205.6464974438886,
        240.75883292004693,
        240.7588329200469,
        176.9960177578696,
        158.88575761224874,
        176.9960177578696,
        111.65283127223006,
        108.6957115738995,
        28.650479686019015,
        44.93289641172217,
        95.1229424500714,
        63.76281516217733,
        95.1229424500714
    ],
    "index": 1,
    "threshold": 2,
    "weight2": 0,
    "weight1": 1,
    "heterogeneity": 0.7,
    "lambda": 50,
    "times": [
        61.074618,
        43.818388,
        26.540186,
        31.031348,
        32.015767,
        29.194847,
        26.143405,
        29.370184,
        27.992731,
        22.729296,
        23.502661,
        25.941077,
        18.976154,
        25.160779,
        22.090643,
        22.958594,
        21.553951,
        23.101081,
        26.894108,
        21.241978,
        22.689111,
        14.543924,
        20.61709,
        24.734082,
        19.727668,
        25.135031,
        19.950164,
        18.909921,
        19.335015,
        22.119116,
        21.747933,
        15.319953,
        18.391361,
        18.753819,
        15.909705,
        13.659891,
        10.583704,
        15.402587,
        10.360296,
        10.701484,
        8.371951,
        8.475745,
        8.109591,
        11.17041,
        8.144377
    ],
    "capacityMultiplier": 0.5,
    "strictness": 0.7,
    "runTime": 964,
    "beta": 40
}