{
    "seed": 1,
    "scores": [
        285.6917293317691,
        285.9392014282246,
        285.6917293317691,
        314.3422090177881,
        302.2216181539277,
        269.40931260606595,
        240.75883292004693,
        240.75883292004693,
        250.5793938556108,
        240.75883292004693,
        285.6917293317691,
        257.28872174220555,
        285.69172933176907,
        285.69172933176907,
        285.69172933176907,
        269.4093126060659,
        285.69172933176907,
        285.6917293317691,
        257.28872174220555,
        240.75883292004693,
        240.75883292004693,
        240.75883292004693,
        240.75883292004693,
        269.40931260606595,
        240.75883292004693,
        240.75883292004693,
        285.69172933176907,
        240.75883292004693,
        240.75883292004693,
        285.69172933176907,
        187.53623729826774,
        240.75883292004693,
        205.6464974438886,
        240.75883292004693,
        240.7588329200469,
        176.9960177578696,
        176.9960177578696,
        140.05583886179357,
        140.05583886179357,
        108.6957115738995,
        81.87307530779817,
        63.76281516217733,
        140.05583886179357,
        63.76281516217733,
        95.1229424500714
    ],
    "index": 1,
    "threshold": 2,
    "weight2": 0,
    "weight1": 1,
    "heterogeneity": 0.7,
    "lambda": 50,
    "times": [
        53.061297,
        34.451668,
        23.438371,
        28.558116,
        22.352933,
        20.971352,
        30.722851,
        18.969812,
        20.105764,
        17.233258,
        18.569113,
        18.438209,
        18.664512,
        21.392378,
        18.20323,
        22.01438,
        18.573962,
        22.483016,
        21.301318,
        14.496976,
        19.729,
        14.715403,
        14.306249,
        21.843872,
        14.128437,
        23.3465,
        21.102687,
        20.116755,
        20.480004,
        29.090771,
        21.54814,
        19.70237,
        19.704886,
        19.59518,
        26.243061,
        18.260597,
        17.212519,
        14.990778,
        13.273099,
        13.544486,
        11.761585,
        10.740437,
        10.881942,
        9.766577,
        9.438916
    ],
    "capacityMultiplier": 0.5,
    "strictness": 1.1,
    "runTime": 899,
    "beta": 40
}