{
    "seed": 1,
    "scores": [
        285.6917293317691,
        314.34220901778804,
        302.22161815392775,
        314.3422090177881,
        302.2216181539277,
        285.6917293317691,
        257.28872174220555,
        250.57939385561076,
        269.40931260606595,
        285.6917293317691,
        285.6917293317691,
        257.28872174220555,
        285.69172933176907,
        285.69172933176907,
        240.75883292004693,
        240.75883292004693,
        285.69172933176907,
        314.34220901778815,
        257.28872174220555,
        240.75883292004693,
        257.28872174220555,
        240.75883292004693,
        240.75883292004693,
        269.40931260606595,
        240.75883292004693,
        240.75883292004693,
        285.69172933176907,
        240.75883292004693,
        269.4093126060659,
        285.6917293317691,
        232.46913370998993,
        240.75883292004693,
        176.9960177578696,
        240.75883292004693,
        240.7588329200469,
        205.64649744388862,
        176.9960177578696,
        158.88575761224874,
        140.05583886179357,
        108.6957115738995,
        81.87307530779817,
        63.76281516217733,
        95.1229424500714,
        63.76281516217733,
        95.1229424500714
    ],
    "index": 1,
    "threshold": 2,
    "weight2": 0,
    "weight1": 1,
    "heterogeneity": 0.7,
    "lambda": 50,
    "times": [
        58.163033,
        39.717825,
        25.854437,
        29.482639,
        26.442779,
        26.313928,
        17.620361,
        23.428059,
        21.90829,
        18.327907,
        23.379587,
        20.864353,
        19.121956,
        22.486012,
        18.001336,
        21.167381,
        21.269001,
        22.974779,
        18.720704,
        14.535939,
        21.046844,
        14.665152,
        14.358737,
        28.495147,
        23.346846,
        18.295116,
        21.330426,
        20.33483,
        21.819933,
        25.713582,
        21.290812,
        17.119011,
        13.267883,
        20.079501,
        17.048279,
        19.677959,
        15.471794,
        20.621948,
        13.572012,
        13.408806,
        10.423279,
        10.307343,
        8.195995,
        8.331418,
        8.184162
    ],
    "capacityMultiplier": 0.5,
    "strictness": 0.9,
    "runTime": 916,
    "beta": 40
}