{
    "seed": 1,
    "scores": [
        314.3422090177881,
        314.3422090177881,
        302.22161815392775,
        314.3422090177881,
        314.3422090177881,
        302.22161815392775,
        285.9392014282246,
        267.1092826777694,
        302.2216181539277,
        314.34220901778815,
        314.3422090177881,
        285.6917293317691,
        285.69172933176907,
        285.69172933176907,
        285.69172933176907,
        269.40931260606595,
        285.69172933176907,
        285.6917293317691,
        285.6917293317691,
        285.6917293317691,
        269.4093126060659,
        240.75883292004693,
        285.69172933176907,
        285.6917293317691,
        257.28872174220555,
        240.7588329200469,
        221.92891416959176,
        193.52590658002822,
        205.6464974438886,
        203.8186540239709,
        175.4156464344074,
        240.75883292004693,
        205.6464974438886,
        190.5687868816977,
        158.88575761224874,
        110.52355499381719,
        158.88575761224874,
        28.650479686019015,
        140.05583886179357,
        44.93289641172217,
        28.650479686019015,
        44.93289641172217,
        95.1229424500714,
        63.76281516217733,
        95.1229424500714
    ],
    "index": 1,
    "threshold": 2,
    "weight2": 0,
    "weight1": 1,
    "heterogeneity": 0.7,
    "lambda": 50,
    "times": [
        68.364356,
        42.291977,
        33.691596,
        32.692368,
        34.499226,
        31.242897,
        30.864029,
        34.708187,
        31.092446,
        30.471274,
        30.6932,
        33.157557,
        29.44752,
        29.159743,
        28.908403,
        35.803084,
        31.451187,
        28.517872,
        28.505018,
        28.343015,
        31.46364,
        28.355799,
        26.985928,
        27.422955,
        27.9657,
        23.913533,
        23.121522,
        22.605527,
        22.192465,
        22.399041,
        23.439647,
        20.52624,
        17.542611,
        15.790725,
        15.580492,
        12.633231,
        12.140971,
        9.989087,
        10.747655,
        8.512476,
        8.509751,
        13.615118,
        9.536591,
        9.806726,
        9.531542
    ],
    "capacityMultiplier": 0.5,
    "strictness": 0.1,
    "runTime": 1128,
    "beta": 40
}