{
    "seed": 1,
    "scores": [
        95.1229424500714,
        176.9960177578696,
        240.75883292004693,
        95.1229424500714,
        176.9960177578696,
        176.9960177578696,
        176.9960177578696,
        203.8186540239709,
        176.9960177578696,
        176.9960177578696,
        285.6917293317691,
        240.75883292004693,
        221.92891416959176,
        221.92891416959174,
        158.88575761224874,
        95.1229424500714,
        240.75883292004693,
        221.92891416959176,
        176.9960177578696,
        240.75883292004693,
        176.9960177578696,
        240.75883292004693,
        240.75883292004693,
        176.9960177578696,
        176.9960177578696,
        240.75883292004693,
        221.92891416959176,
        285.6917293317691,
        240.75883292004693,
        240.75883292004693,
        158.88575761224874,
        240.75883292004693,
        240.75883292004693,
        240.75883292004693,
        240.75883292004693,
        205.64649744388862,
        176.9960177578696,
        187.53623729826774,
        221.92891416959176,
        158.88575761224874,
        145.6358904699755,
        176.9960177578696,
        176.9960177578696,
        95.1229424500714,
        95.1229424500714
    ],
    "index": 1,
    "threshold": 2,
    "weight2": 0,
    "weight1": 1,
    "heterogeneity": 0.7,
    "lambda": 50,
    "times": [
        38.204008,
        16.952951,
        17.168545,
        16.524537,
        14.006397,
        14.82476,
        13.932909,
        20.141929,
        12.491587,
        12.119469,
        18.052191,
        14.624024,
        17.311913,
        13.585768,
        12.86097,
        10.192177,
        13.765826,
        14.341104,
        11.545163,
        14.556128,
        11.969879,
        17.106979,
        14.531251,
        11.592492,
        11.036209,
        14.616331,
        14.589359,
        17.863217,
        17.48604,
        19.252481,
        13.761818,
        17.231953,
        13.589575,
        17.246059,
        17.631222,
        16.83017,
        21.643032,
        18.64904,
        18.550455,
        16.654621,
        14.935869,
        15.899185,
        12.997345,
        11.930555,
        11.71967
    ],
    "capacityMultiplier": 0.5,
    "strictness": 3,
    "runTime": 706,
    "beta": 40
}