{
    "seed": 1,
    "scores": [
        240.75883292004693,
        240.7588329200469,
        240.75883292004693,
        158.88575761224874,
        221.92891416959176,
        176.9960177578696,
        176.9960177578696,
        221.92891416959174,
        205.64649744388862,
        240.7588329200469,
        285.6917293317691,
        240.75883292004693,
        221.92891416959176,
        221.92891416959176,
        285.69172933176907,
        176.9960177578696,
        285.6917293317691,
        285.6917293317691,
        193.52590658002825,
        240.75883292004693,
        193.52590658002825,
        240.75883292004693,
        240.75883292004693,
        257.28872174220555,
        240.75883292004693,
        240.75883292004693,
        285.69172933176907,
        240.75883292004693,
        240.75883292004693,
        285.69172933176907,
        250.57939385561076,
        240.75883292004693,
        240.75883292004693,
        240.75883292004693,
        240.75883292004693,
        176.9960177578696,
        176.9960177578696,
        187.53623729826774,
        176.9960177578696,
        158.88575761224874,
        81.87307530779817,
        95.1229424500714,
        140.05583886179357,
        95.1229424500714,
        95.1229424500714
    ],
    "index": 1,
    "threshold": 2,
    "weight2": 0,
    "weight1": 1,
    "heterogeneity": 0.7,
    "lambda": 50,
    "times": [
        47.13776,
        18.520821,
        23.183369,
        17.186536,
        16.733309,
        14.67478,
        12.230169,
        18.64289,
        14.28485,
        13.587126,
        20.680549,
        16.874673,
        13.987013,
        13.794774,
        17.305458,
        11.002193,
        17.101287,
        20.114051,
        13.888419,
        14.617152,
        14.145319,
        14.527174,
        14.091138,
        17.720956,
        13.882398,
        17.502937,
        17.569292,
        16.983497,
        17.209699,
        21.164504,
        21.075888,
        22.916841,
        15.641286,
        19.589559,
        17.318262,
        15.716507,
        12.550628,
        18.265633,
        15.204009,
        15.470096,
        18.021838,
        12.030555,
        12.210541,
        11.802008,
        11.389596
    ],
    "capacityMultiplier": 0.5,
    "strictness": 2,
    "runTime": 759,
    "beta": 40
}