{
    "seed": 1,
    "scores": [
        285.6917293317691,
        285.9392014282246,
        285.6917293317691,
        285.69172933176907,
        285.6917293317691,
        269.40931260606595,
        240.75883292004693,
        240.75883292004693,
        250.5793938556108,
        240.75883292004693,
        285.6917293317691,
        257.28872174220555,
        285.69172933176907,
        285.69172933176907,
        285.69172933176907,
        240.75883292004693,
        285.69172933176907,
        314.34220901778815,
        257.28872174220555,
        240.75883292004693,
        240.75883292004693,
        240.75883292004693,
        240.75883292004693,
        257.28872174220555,
        240.75883292004693,
        240.75883292004693,
        285.69172933176907,
        285.6917293317691,
        269.4093126060659,
        240.7588329200469,
        175.4156464344074,
        240.75883292004693,
        205.6464974438886,
        240.75883292004693,
        240.7588329200469,
        205.64649744388862,
        176.9960177578696,
        158.88575761224874,
        140.05583886179357,
        108.6957115738995,
        81.87307530779817,
        63.76281516217733,
        95.1229424500714,
        63.76281516217733,
        95.1229424500714
    ],
    "index": 1,
    "threshold": 2,
    "weight2": 0,
    "weight1": 1,
    "heterogeneity": 0.7,
    "lambda": 50,
    "times": [
        53.32886,
        33.498072,
        23.529704,
        22.673863,
        17.653377,
        20.903103,
        14.050781,
        21.769833,
        19.984496,
        14.364317,
        18.107216,
        17.846779,
        18.313672,
        21.240324,
        18.106735,
        20.226097,
        18.340782,
        22.798847,
        17.932578,
        17.069245,
        19.604004,
        14.619635,
        14.107687,
        17.83135,
        19.304033,
        14.522023,
        23.525867,
        21.292912,
        23.842378,
        24.868076,
        22.197974,
        17.30201,
        18.677552,
        20.028829,
        19.902242,
        19.0457,
        17.444205,
        17.748315,
        13.231539,
        13.519037,
        11.57945,
        12.604677,
        10.038179,
        9.817636,
        9.658639
    ],
    "capacityMultiplier": 0.5,
    "strictness": 1.2,
    "runTime": 858,
    "beta": 40
}