{
    "seed": 1,
    "scores": [
        240.75883292004693,
        176.9960177578696,
        240.75883292004693,
        176.9960177578696,
        221.92891416959176,
        176.9960177578696,
        176.9960177578696,
        221.92891416959174,
        205.64649744388862,
        176.9960177578696,
        285.6917293317691,
        240.75883292004693,
        221.92891416959176,
        221.92891416959176,
        285.69172933176907,
        176.9960177578696,
        285.6917293317691,
        285.6917293317691,
        176.9960177578696,
        240.75883292004693,
        176.9960177578696,
        240.75883292004693,
        240.75883292004693,
        257.28872174220555,
        176.9960177578696,
        240.75883292004693,
        285.69172933176907,
        285.6917293317691,
        240.75883292004693,
        285.6917293317691,
        240.7588329200469,
        240.75883292004693,
        240.75883292004693,
        240.75883292004693,
        240.75883292004693,
        176.9960177578696,
        221.92891416959176,
        187.53623729826774,
        176.9960177578696,
        145.6358904699755,
        81.87307530779817,
        95.1229424500714,
        140.05583886179357,
        95.1229424500714,
        95.1229424500714
    ],
    "index": 1,
    "threshold": 2,
    "weight2": 0,
    "weight1": 1,
    "heterogeneity": 0.7,
    "lambda": 50,
    "times": [
        47.913862,
        15.780367,
        24.119691,
        17.70693,
        16.935827,
        15.954393,
        13.401569,
        20.933623,
        14.747005,
        11.374559,
        18.476518,
        17.744219,
        14.516383,
        14.293557,
        18.081631,
        11.456612,
        17.825481,
        18.136503,
        11.635066,
        14.831753,
        11.999127,
        17.64317,
        14.928645,
        17.943251,
        11.288488,
        14.979199,
        18.13498,
        18.079376,
        14.376342,
        26.041164,
        18.572238,
        16.422067,
        16.970142,
        17.763224,
        18.149427,
        16.42366,
        18.606952,
        23.053377,
        21.204179,
        18.720856,
        12.30609,
        12.774737,
        12.778654,
        12.199642,
        12.131254
    ],
    "capacityMultiplier": 0.5,
    "strictness": 2.2,
    "runTime": 769,
    "beta": 40
}