{
    "seed": 1,
    "scores": [
        314.3422090177881,
        314.3422090177881,
        302.22161815392775,
        314.3422090177881,
        314.3422090177881,
        302.22161815392775,
        285.9392014282246,
        267.1092826777694,
        302.2216181539277,
        314.34220901778815,
        314.3422090177881,
        285.6917293317691,
        285.69172933176907,
        285.69172933176907,
        285.69172933176907,
        269.40931260606595,
        285.69172933176907,
        285.6917293317691,
        285.6917293317691,
        285.6917293317691,
        269.4093126060659,
        240.75883292004693,
        285.69172933176907,
        285.6917293317691,
        257.28872174220555,
        240.7588329200469,
        221.92891416959176,
        193.52590658002822,
        205.6464974438886,
        203.8186540239709,
        175.4156464344074,
        240.75883292004693,
        205.6464974438886,
        190.5687868816977,
        158.88575761224874,
        110.52355499381719,
        158.88575761224874,
        28.650479686019015,
        140.05583886179357,
        44.93289641172217,
        28.650479686019015,
        44.93289641172217,
        95.1229424500714,
        63.76281516217733,
        95.1229424500714
    ],
    "index": 1,
    "threshold": 2,
    "weight2": 0,
    "weight1": 1,
    "heterogeneity": 0.7,
    "lambda": 50,
    "times": [
        69.043997,
        42.953804,
        34.429476,
        33.802203,
        34.955339,
        32.232919,
        31.748904,
        35.13766,
        32.197643,
        31.556053,
        31.872765,
        34.116841,
        30.346752,
        30.194958,
        30.087037,
        36.633005,
        32.912379,
        29.722475,
        29.799098,
        29.502062,
        32.583164,
        29.205017,
        28.064094,
        28.492474,
        28.956061,
        24.81029,
        23.989525,
        23.359226,
        22.984446,
        22.85326,
        23.980117,
        21.220719,
        18.032376,
        16.288706,
        15.859975,
        13.044901,
        12.569042,
        10.32696,
        11.026357,
        8.768124,
        8.780447,
        13.987052,
        9.774726,
        9.894851,
        9.780077
    ],
    "capacityMultiplier": 0.5,
    "strictness": 0,
    "runTime": 1161,
    "beta": 40
}