{
    "seed": 1,
    "scores": [
        240.75883292004693,
        240.7588329200469,
        240.75883292004693,
        176.9960177578696,
        221.92891416959176,
        176.9960177578696,
        240.7588329200469,
        240.75883292004693,
        205.64649744388862,
        240.7588329200469,
        285.6917293317691,
        240.75883292004693,
        221.92891416959176,
        221.92891416959176,
        285.69172933176907,
        176.9960177578696,
        285.6917293317691,
        285.6917293317691,
        193.52590658002825,
        240.75883292004693,
        193.52590658002825,
        240.75883292004693,
        240.75883292004693,
        257.28872174220555,
        240.75883292004693,
        240.75883292004693,
        285.69172933176907,
        240.75883292004693,
        240.75883292004693,
        285.6917293317691,
        203.8186540239709,
        240.75883292004693,
        240.75883292004693,
        240.75883292004693,
        240.7588329200469,
        221.92891416959176,
        221.92891416959176,
        187.53623729826774,
        176.9960177578696,
        158.88575761224874,
        145.6358904699755,
        95.1229424500714,
        140.05583886179357,
        95.1229424500714,
        95.1229424500714
    ],
    "index": 1,
    "threshold": 2,
    "weight2": 0,
    "weight1": 1,
    "heterogeneity": 0.7,
    "lambda": 50,
    "times": [
        47.474239,
        18.656645,
        25.72939,
        17.135271,
        14.983227,
        13.278168,
        15.306301,
        20.601462,
        14.894751,
        17.009415,
        17.724892,
        16.730203,
        14.424642,
        13.693394,
        18.047305,
        11.013614,
        17.140941,
        20.124409,
        14.087982,
        14.513007,
        14.15114,
        14.493881,
        13.980631,
        17.575283,
        17.174383,
        14.592827,
        17.903487,
        16.943231,
        17.129069,
        21.540167,
        19.282615,
        24.367163,
        15.636318,
        18.677594,
        16.892196,
        19.206022,
        17.866657,
        20.688204,
        20.077422,
        17.990309,
        14.617042,
        12.296222,
        10.595121,
        10.113611,
        9.429892
    ],
    "capacityMultiplier": 0.5,
    "strictness": 1.8,
    "runTime": 775,
    "beta": 40
}