{
    "seed": 1,
    "scores": [
        285.6917293317691,
        285.9392014282246,
        285.6917293317691,
        314.3422090177881,
        302.2216181539277,
        285.6917293317691,
        240.75883292004693,
        240.75883292004693,
        269.40931260606595,
        285.6917293317691,
        285.6917293317691,
        257.28872174220555,
        285.69172933176907,
        285.69172933176907,
        285.69172933176907,
        240.75883292004693,
        285.69172933176907,
        314.34220901778815,
        257.28872174220555,
        240.75883292004693,
        257.28872174220555,
        285.69172933176907,
        240.75883292004693,
        285.6917293317691,
        240.75883292004693,
        240.75883292004693,
        285.69172933176907,
        240.75883292004693,
        240.75883292004693,
        220.34854284612956,
        168.7063185478126,
        240.75883292004693,
        205.6464974438886,
        240.75883292004693,
        240.7588329200469,
        176.9960177578696,
        176.9960177578696,
        158.88575761224874,
        140.05583886179357,
        108.6957115738995,
        81.87307530779817,
        95.1229424500714,
        140.05583886179357,
        63.76281516217733,
        95.1229424500714
    ],
    "index": 1,
    "threshold": 2,
    "weight2": 0,
    "weight1": 1,
    "heterogeneity": 0.7,
    "lambda": 50,
    "times": [
        53.570767,
        36.454007,
        24.286271,
        34.733646,
        25.513438,
        22.540313,
        14.234475,
        37.444091,
        21.447477,
        18.708199,
        18.841038,
        18.668184,
        18.905308,
        19.079494,
        18.378973,
        24.143012,
        18.743716,
        23.385164,
        22.314299,
        14.86743,
        21.453679,
        18.639802,
        17.449543,
        26.183822,
        21.074989,
        15.084947,
        21.642132,
        20.590974,
        17.877995,
        33.680565,
        23.778951,
        20.349802,
        20.175335,
        27.207058,
        19.876736,
        18.909085,
        15.75419,
        17.972232,
        16.093404,
        13.827343,
        10.638735,
        15.267789,
        11.051808,
        8.351483,
        8.31234
    ],
    "capacityMultiplier": 0.5,
    "strictness": 1,
    "runTime": 947,
    "beta": 40
}