{
    "seed": 1,
    "scores": [
        314.3422090177881,
        314.3422090177881,
        302.22161815392775,
        314.3422090177881,
        314.3422090177881,
        302.22161815392775,
        285.9392014282246,
        267.1092826777694,
        302.2216181539277,
        314.34220901778815,
        314.3422090177881,
        285.6917293317691,
        285.69172933176907,
        285.69172933176907,
        285.69172933176907,
        269.40931260606595,
        285.69172933176907,
        285.6917293317691,
        285.6917293317691,
        285.6917293317691,
        285.6917293317691,
        240.75883292004693,
        285.69172933176907,
        269.40931260606595,
        269.40931260606595,
        240.7588329200469,
        221.92891416959176,
        238.4588029917504,
        205.6464974438886,
        203.8186540239709,
        158.88575761224874,
        240.75883292004693,
        176.9960177578696,
        190.5687868816977,
        108.6957115738995,
        176.9960177578696,
        158.88575761224874,
        45.180368508177665,
        140.05583886179357,
        44.93289641172217,
        28.650479686019015,
        44.93289641172217,
        95.1229424500714,
        63.76281516217733,
        95.1229424500714
    ],
    "index": 1,
    "threshold": 2,
    "weight2": 0,
    "weight1": 1,
    "heterogeneity": 0.7,
    "lambda": 50,
    "times": [
        67.351566,
        41.210285,
        32.73458,
        32.486246,
        35.591047,
        30.689889,
        30.24078,
        33.020474,
        30.668459,
        29.063361,
        29.091884,
        32.546949,
        27.969587,
        27.362933,
        28.366228,
        34.258737,
        31.546831,
        27.62319,
        27.515078,
        27.185522,
        33.571383,
        25.944864,
        25.976924,
        25.613545,
        24.696942,
        25.247952,
        22.874608,
        20.303765,
        19.746473,
        20.099312,
        15.55929,
        15.644689,
        17.683839,
        13.299538,
        12.752696,
        13.037549,
        12.555368,
        10.761456,
        10.512461,
        8.393331,
        8.39239,
        8.489171,
        8.132474,
        8.277525,
        8.158513
    ],
    "capacityMultiplier": 0.5,
    "strictness": 0.3,
    "runTime": 1072,
    "beta": 40
}