{
    "seed": 1,
    "scores": [
        314.3422090177881,
        314.34220901778804,
        285.6917293317691,
        314.3422090177881,
        302.2216181539277,
        285.6917293317691,
        269.4093126060659,
        250.57939385561076,
        269.40931260606595,
        314.34220901778815,
        285.6917293317691,
        269.4093126060659,
        285.69172933176907,
        285.69172933176907,
        285.69172933176907,
        269.4093126060659,
        285.69172933176907,
        314.34220901778815,
        257.28872174220555,
        285.6917293317691,
        240.75883292004693,
        285.69172933176907,
        269.4093126060659,
        285.6917293317691,
        240.75883292004693,
        240.75883292004693,
        240.7588329200469,
        240.75883292004693,
        240.75883292004693,
        240.7588329200469,
        175.4156464344074,
        240.75883292004693,
        176.9960177578696,
        240.75883292004693,
        240.7588329200469,
        176.9960177578696,
        158.88575761224874,
        140.05583886179357,
        140.05583886179357,
        108.6957115738995,
        28.650479686019015,
        44.93289641172217,
        95.1229424500714,
        63.76281516217733,
        95.1229424500714
    ],
    "index": 1,
    "threshold": 2,
    "weight2": 0,
    "weight1": 1,
    "heterogeneity": 0.7,
    "lambda": 50,
    "times": [
        60.487407,
        43.628858,
        20.780018,
        32.258945,
        28.003833,
        34.715912,
        21.036717,
        23.986113,
        26.322895,
        25.995083,
        23.595695,
        22.870911,
        19.582363,
        22.989573,
        19.14707,
        24.98667,
        18.666293,
        23.173666,
        22.587292,
        17.993297,
        26.195567,
        21.135762,
        20.129224,
        22.212693,
        17.25565,
        14.88778,
        20.676195,
        20.602247,
        20.064633,
        24.91667,
        22.439747,
        15.832503,
        13.444746,
        17.493564,
        16.347905,
        16.797615,
        13.00229,
        13.577544,
        11.150514,
        13.557086,
        8.713595,
        8.513992,
        8.170451,
        8.320511,
        8.206919
    ],
    "capacityMultiplier": 0.5,
    "strictness": 0.8,
    "runTime": 936,
    "beta": 40
}