{
    "seed": 1,
    "scores": [
        176.9960177578696,
        240.7588329200469,
        240.75883292004693,
        95.1229424500714,
        221.92891416959176,
        176.9960177578696,
        176.9960177578696,
        221.92891416959174,
        205.64649744388862,
        176.9960177578696,
        285.6917293317691,
        240.75883292004693,
        221.92891416959176,
        221.92891416959176,
        285.69172933176907,
        176.9960177578696,
        285.69172933176907,
        285.6917293317691,
        176.9960177578696,
        240.75883292004693,
        176.9960177578696,
        240.75883292004693,
        240.75883292004693,
        176.9960177578696,
        176.9960177578696,
        240.75883292004693,
        285.69172933176907,
        285.6917293317691,
        240.75883292004693,
        285.6917293317691,
        203.8186540239709,
        240.75883292004693,
        240.75883292004693,
        240.75883292004693,
        240.7588329200469,
        205.64649744388862,
        176.9960177578696,
        176.9960177578696,
        176.9960177578696,
        158.88575761224874,
        110.52355499381719,
        158.88575761224874,
        140.05583886179357,
        95.1229424500714,
        95.1229424500714
    ],
    "index": 1,
    "threshold": 2,
    "weight2": 0,
    "weight1": 1,
    "heterogeneity": 0.7,
    "lambda": 50,
    "times": [
        43.931289,
        18.909005,
        23.201831,
        13.797998,
        16.384124,
        13.417797,
        11.312742,
        18.486505,
        14.37655,
        11.000128,
        20.874299,
        14.442463,
        14.135038,
        13.894719,
        17.541428,
        11.09254,
        16.771809,
        17.524576,
        13.965221,
        14.350181,
        11.683555,
        14.469814,
        14.43,
        11.517394,
        10.968619,
        14.631617,
        20.82673,
        18.260072,
        14.101716,
        21.397257,
        16.878197,
        15.882075,
        13.452393,
        21.904606,
        19.867567,
        19.538912,
        14.759576,
        18.171125,
        15.428998,
        18.026735,
        12.393302,
        13.351934,
        15.903805,
        11.857871,
        11.60617
    ],
    "capacityMultiplier": 0.5,
    "strictness": 2.5,
    "runTime": 730,
    "beta": 40
}