{
    "seed": 1,
    "scores": [
        314.3422090177881,
        314.3422090177881,
        302.22161815392775,
        314.3422090177881,
        314.3422090177881,
        302.22161815392775,
        285.9392014282246,
        267.1092826777694,
        302.2216181539277,
        314.34220901778815,
        314.3422090177881,
        285.6917293317691,
        285.69172933176907,
        285.69172933176907,
        285.69172933176907,
        269.4093126060659,
        285.69172933176907,
        285.6917293317691,
        285.6917293317691,
        285.6917293317691,
        269.4093126060659,
        240.75883292004693,
        285.69172933176907,
        285.6917293317691,
        269.40931260606595,
        240.7588329200469,
        221.92891416959176,
        221.92891416959174,
        205.6464974438886,
        203.8186540239709,
        175.4156464344074,
        240.75883292004693,
        176.9960177578696,
        240.75883292004693,
        158.88575761224874,
        110.52355499381719,
        158.88575761224874,
        28.650479686019015,
        140.05583886179357,
        108.6957115738995,
        28.650479686019015,
        44.93289641172217,
        95.1229424500714,
        63.76281516217733,
        95.1229424500714
    ],
    "index": 1,
    "threshold": 2,
    "weight2": 0,
    "weight1": 1,
    "heterogeneity": 0.7,
    "lambda": 50,
    "times": [
        68.136111,
        41.149952,
        31.752921,
        32.951893,
        35.077538,
        30.018338,
        29.68767,
        31.866574,
        33.648916,
        27.71958,
        29.221338,
        32.083629,
        27.240154,
        27.038506,
        27.814928,
        32.678643,
        33.172475,
        27.282523,
        28.191112,
        28.155855,
        36.133712,
        25.204917,
        25.832782,
        27.181524,
        25.245534,
        23.687271,
        26.138263,
        22.850295,
        22.433877,
        22.856728,
        22.510631,
        15.732437,
        17.453605,
        16.436483,
        15.619545,
        12.778944,
        12.430292,
        10.159386,
        10.943752,
        11.030985,
        8.714695,
        8.805073,
        8.391019,
        8.498901,
        8.39645
    ],
    "capacityMultiplier": 0.5,
    "strictness": 0.4,
    "runTime": 1100,
    "beta": 40
}