{
    "seed": 1,
    "scores": [
        314.3422090177881,
        314.34220901778804,
        302.22161815392775,
        314.3422090177881,
        302.2216181539277,
        302.22161815392775,
        285.9392014282246,
        250.57939385561076,
        269.40931260606595,
        314.34220901778815,
        314.3422090177881,
        269.4093126060659,
        285.69172933176907,
        285.69172933176907,
        285.69172933176907,
        269.4093126060659,
        285.69172933176907,
        285.6917293317691,
        285.6917293317691,
        285.6917293317691,
        240.75883292004693,
        257.28872174220555,
        269.4093126060659,
        285.6917293317691,
        285.6917293317691,
        240.75883292004693,
        240.7588329200469,
        221.92891416959174,
        240.75883292004693,
        285.69172933176907,
        175.4156464344074,
        240.75883292004693,
        205.6464974438886,
        158.88575761224874,
        158.88575761224874,
        176.9960177578696,
        158.88575761224874,
        110.52355499381719,
        140.05583886179357,
        108.6957115738995,
        28.650479686019015,
        44.93289641172217,
        95.1229424500714,
        63.76281516217733,
        95.1229424500714
    ],
    "index": 1,
    "threshold": 2,
    "weight2": 0,
    "weight1": 1,
    "heterogeneity": 0.7,
    "lambda": 50,
    "times": [
        61.010192,
        47.911541,
        30.950599,
        32.695381,
        33.476912,
        30.194946,
        27.858818,
        30.471103,
        30.607969,
        23.489078,
        24.373722,
        27.422532,
        26.425127,
        25.979505,
        27.331202,
        23.834344,
        22.232378,
        28.808975,
        32.145984,
        20.262275,
        25.56558,
        20.946614,
        17.983875,
        25.65613,
        23.032735,
        18.12005,
        20.785944,
        19.715121,
        20.024761,
        24.159051,
        19.386337,
        21.152609,
        16.293304,
        16.228253,
        16.17373,
        13.516562,
        12.287404,
        12.597835,
        10.78808,
        11.013753,
        8.582397,
        8.665833,
        11.443356,
        8.49292,
        8.361313
    ],
    "capacityMultiplier": 0.5,
    "strictness": 0.6,
    "runTime": 1018,
    "beta": 40
}