{
    "seed": 1,
    "scores": [
        240.75883292004693,
        176.9960177578696,
        240.75883292004693,
        158.88575761224874,
        221.92891416959176,
        176.9960177578696,
        176.9960177578696,
        221.92891416959174,
        205.64649744388862,
        176.9960177578696,
        285.6917293317691,
        240.75883292004693,
        221.92891416959176,
        221.92891416959176,
        285.69172933176907,
        95.1229424500714,
        285.69172933176907,
        285.6917293317691,
        176.9960177578696,
        240.75883292004693,
        176.9960177578696,
        240.75883292004693,
        240.75883292004693,
        176.9960177578696,
        176.9960177578696,
        240.75883292004693,
        240.7588329200469,
        285.6917293317691,
        240.75883292004693,
        240.75883292004693,
        203.8186540239709,
        240.75883292004693,
        176.9960177578696,
        240.75883292004693,
        240.75883292004693,
        205.64649744388862,
        176.9960177578696,
        176.9960177578696,
        221.92891416959176,
        158.88575761224874,
        81.87307530779817,
        95.1229424500714,
        140.05583886179357,
        95.1229424500714,
        95.1229424500714
    ],
    "index": 1,
    "threshold": 2,
    "weight2": 0,
    "weight1": 1,
    "heterogeneity": 0.7,
    "lambda": 50,
    "times": [
        46.883639,
        15.486055,
        22.319033,
        17.072119,
        17.20671,
        14.001189,
        11.688051,
        18.23194,
        14.14111,
        10.949224,
        20.886936,
        14.325563,
        14.02834,
        13.758457,
        17.422592,
        9.974138,
        16.494644,
        17.362049,
        13.884461,
        14.257567,
        11.610827,
        14.416894,
        14.217422,
        11.272416,
        10.819303,
        14.397287,
        20.508351,
        17.861219,
        13.91,
        17.284044,
        16.965411,
        15.763853,
        13.052603,
        20.308407,
        20.16982,
        19.130935,
        17.836874,
        19.885149,
        15.641224,
        17.69005,
        11.613593,
        12.095841,
        15.433438,
        11.814506,
        11.597302
    ],
    "capacityMultiplier": 0.5,
    "strictness": 2.4,
    "runTime": 725,
    "beta": 40
}