{
    "seed": 1,
    "scores": [
        176.9960177578696,
        176.9960177578696,
        240.75883292004693,
        95.1229424500714,
        221.92891416959176,
        176.9960177578696,
        176.9960177578696,
        203.8186540239709,
        205.64649744388862,
        176.9960177578696,
        285.6917293317691,
        240.75883292004693,
        221.92891416959176,
        176.9960177578696,
        240.75883292004693,
        95.1229424500714,
        285.69172933176907,
        240.75883292004693,
        176.9960177578696,
        240.75883292004693,
        176.9960177578696,
        240.75883292004693,
        240.75883292004693,
        176.9960177578696,
        176.9960177578696,
        240.75883292004693,
        221.92891416959176,
        285.6917293317691,
        240.75883292004693,
        240.75883292004693,
        203.8186540239709,
        240.75883292004693,
        240.75883292004693,
        240.75883292004693,
        240.7588329200469,
        176.9960177578696,
        176.9960177578696,
        187.53623729826774,
        176.9960177578696,
        158.88575761224874,
        145.6358904699755,
        95.1229424500714,
        140.05583886179357,
        95.1229424500714,
        95.1229424500714
    ],
    "index": 1,
    "threshold": 2,
    "weight2": 0,
    "weight1": 1,
    "heterogeneity": 0.7,
    "lambda": 50,
    "times": [
        41.421643,
        15.905044,
        22.505658,
        12.219542,
        18.065384,
        12.800709,
        11.77485,
        18.618278,
        13.893883,
        11.019537,
        17.929961,
        17.762237,
        14.089438,
        10.773126,
        13.871972,
        10.044263,
        16.690964,
        16.689592,
        11.302026,
        17.48026,
        11.664123,
        14.092034,
        14.531185,
        11.501489,
        11.009679,
        14.585787,
        14.570829,
        17.643606,
        19.978302,
        16.697226,
        16.900125,
        17.100399,
        13.530533,
        17.183895,
        17.112712,
        21.836287,
        20.74198,
        17.43211,
        15.425718,
        18.06315,
        14.722232,
        12.410719,
        12.380253,
        11.813933,
        14.791562
    ],
    "capacityMultiplier": 0.5,
    "strictness": 2.8,
    "runTime": 712,
    "beta": 40
}