{
    "seed": 1,
    "scores": [
        240.75883292004693,
        176.9960177578696,
        240.75883292004693,
        158.88575761224874,
        221.92891416959176,
        176.9960177578696,
        176.9960177578696,
        221.92891416959174,
        205.64649744388862,
        176.9960177578696,
        285.6917293317691,
        240.75883292004693,
        221.92891416959176,
        221.92891416959176,
        285.69172933176907,
        176.9960177578696,
        285.6917293317691,
        285.6917293317691,
        176.9960177578696,
        240.75883292004693,
        176.9960177578696,
        240.75883292004693,
        240.75883292004693,
        257.28872174220555,
        176.9960177578696,
        240.75883292004693,
        240.7588329200469,
        285.6917293317691,
        285.6917293317691,
        285.6917293317691,
        240.75883292004693,
        240.75883292004693,
        240.75883292004693,
        240.75883292004693,
        240.75883292004693,
        205.64649744388862,
        176.9960177578696,
        187.53623729826774,
        158.88575761224874,
        145.6358904699755,
        81.87307530779817,
        95.1229424500714,
        140.05583886179357,
        95.1229424500714,
        95.1229424500714
    ],
    "index": 1,
    "threshold": 2,
    "weight2": 0,
    "weight1": 1,
    "heterogeneity": 0.7,
    "lambda": 50,
    "times": [
        47.198811,
        15.667023,
        23.854308,
        17.041217,
        17.285355,
        14.711544,
        11.445106,
        18.68171,
        14.588333,
        11.199205,
        29.788943,
        14.615184,
        14.353573,
        14.113815,
        17.702366,
        11.305064,
        17.531506,
        17.926806,
        11.581121,
        23.894172,
        11.891262,
        14.68807,
        14.7788,
        17.815027,
        11.211589,
        14.739356,
        17.592901,
        21.564048,
        17.609262,
        21.764494,
        18.394182,
        16.121735,
        16.640788,
        17.447839,
        21.514967,
        19.739381,
        17.427651,
        21.879739,
        18.156176,
        18.536337,
        13.889765,
        13.110405,
        12.679137,
        12.020674,
        11.406964
    ],
    "capacityMultiplier": 0.5,
    "strictness": 2.3,
    "runTime": 777,
    "beta": 40
}