{
    "seed": 1,
    "scores": [
        176.9960177578696,
        176.9960177578696,
        240.75883292004693,
        95.1229424500714,
        221.92891416959176,
        176.9960177578696,
        176.9960177578696,
        203.8186540239709,
        205.64649744388862,
        176.9960177578696,
        285.6917293317691,
        240.75883292004693,
        221.92891416959176,
        221.92891416959174,
        240.75883292004693,
        95.1229424500714,
        285.69172933176907,
        285.6917293317691,
        176.9960177578696,
        240.75883292004693,
        176.9960177578696,
        240.75883292004693,
        240.75883292004693,
        176.9960177578696,
        176.9960177578696,
        240.75883292004693,
        285.69172933176907,
        285.6917293317691,
        240.75883292004693,
        285.69172933176907,
        158.88575761224874,
        240.75883292004693,
        240.75883292004693,
        240.75883292004693,
        240.75883292004693,
        176.9960177578696,
        176.9960177578696,
        176.9960177578696,
        176.9960177578696,
        158.88575761224874,
        110.52355499381719,
        95.1229424500714,
        140.05583886179357,
        95.1229424500714,
        95.1229424500714
    ],
    "index": 1,
    "threshold": 2,
    "weight2": 0,
    "weight1": 1,
    "heterogeneity": 0.7,
    "lambda": 50,
    "times": [
        41.715557,
        16.960532,
        22.337245,
        14.376751,
        18.54857,
        15.183289,
        11.70757,
        18.414249,
        14.742844,
        11.310307,
        18.410061,
        18.227972,
        14.465427,
        13.73482,
        17.349579,
        10.289518,
        17.167077,
        17.885712,
        11.609477,
        24.092847,
        11.945465,
        14.953589,
        14.858711,
        11.68066,
        11.168723,
        14.891723,
        18.102586,
        20.737604,
        17.022567,
        20.705604,
        13.984527,
        17.411295,
        13.785916,
        17.552708,
        24.732352,
        18.823905,
        21.01885,
        19.983123,
        15.799591,
        18.373423,
        12.563982,
        12.454016,
        12.615698,
        12.094854,
        15.514377
    ],
    "capacityMultiplier": 0.5,
    "strictness": 2.7,
    "runTime": 751,
    "beta": 40
}