{
    "seed": 1,
    "scores": [
        240.75883292004693,
        240.7588329200469,
        240.75883292004693,
        176.9960177578696,
        221.92891416959176,
        176.9960177578696,
        176.9960177578696,
        221.92891416959174,
        205.64649744388862,
        240.7588329200469,
        285.6917293317691,
        240.75883292004693,
        221.92891416959176,
        221.92891416959176,
        285.69172933176907,
        176.9960177578696,
        285.6917293317691,
        285.6917293317691,
        193.52590658002825,
        240.75883292004693,
        193.52590658002825,
        240.75883292004693,
        240.75883292004693,
        257.28872174220555,
        240.75883292004693,
        240.75883292004693,
        285.69172933176907,
        240.75883292004693,
        240.75883292004693,
        285.69172933176907,
        187.53623729826774,
        240.75883292004693,
        240.75883292004693,
        240.75883292004693,
        240.7588329200469,
        221.92891416959176,
        221.92891416959176,
        158.88575761224874,
        176.9960177578696,
        158.88575761224874,
        110.52355499381719,
        95.1229424500714,
        140.05583886179357,
        95.1229424500714,
        95.1229424500714
    ],
    "index": 1,
    "threshold": 2,
    "weight2": 0,
    "weight1": 1,
    "heterogeneity": 0.7,
    "lambda": 50,
    "times": [
        47.711034,
        18.85215,
        26.408603,
        17.900665,
        15.723489,
        15.321981,
        12.431109,
        20.332933,
        14.464403,
        13.706554,
        21.247528,
        16.937568,
        14.568289,
        13.919766,
        18.045889,
        11.203272,
        17.368311,
        20.339896,
        14.108011,
        14.622021,
        14.225262,
        14.610619,
        14.124583,
        17.831675,
        13.950625,
        17.273452,
        18.105141,
        17.126956,
        17.310712,
        21.253419,
        19.69547,
        22.718653,
        19.069119,
        19.108914,
        16.998423,
        22.100327,
        15.799793,
        17.843026,
        15.437058,
        19.001502,
        12.62336,
        12.470843,
        10.765376,
        10.233683,
        9.56945
    ],
    "capacityMultiplier": 0.5,
    "strictness": 1.9,
    "runTime": 774,
    "beta": 40
}