{
    "seed": 1,
    "scores": [
        285.6917293317691,
        257.28872174220555,
        285.6917293317691,
        205.6464974438886,
        285.6917293317691,
        285.6917293317691,
        240.75883292004693,
        240.75883292004693,
        205.64649744388862,
        240.75883292004693,
        285.6917293317691,
        257.28872174220555,
        285.69172933176907,
        285.69172933176907,
        285.69172933176907,
        205.6464974438886,
        285.6917293317691,
        314.34220901778815,
        257.28872174220555,
        240.75883292004693,
        240.75883292004693,
        240.75883292004693,
        240.75883292004693,
        257.28872174220555,
        240.75883292004693,
        240.75883292004693,
        285.69172933176907,
        240.75883292004693,
        240.75883292004693,
        285.69172933176907,
        203.8186540239709,
        240.75883292004693,
        205.6464974438886,
        240.75883292004693,
        240.7588329200469,
        205.64649744388862,
        176.9960177578696,
        140.05583886179357,
        140.05583886179357,
        108.6957115738995,
        81.87307530779817,
        95.1229424500714,
        140.05583886179357,
        95.1229424500714,
        95.1229424500714
    ],
    "index": 1,
    "threshold": 2,
    "weight2": 0,
    "weight1": 1,
    "heterogeneity": 0.7,
    "lambda": 50,
    "times": [
        53.775611,
        31.400724,
        23.319393,
        23.363956,
        20.725353,
        24.647706,
        14.291563,
        19.293816,
        23.461439,
        14.489122,
        18.294016,
        17.94307,
        18.658087,
        18.008071,
        18.252278,
        20.277245,
        21.139287,
        22.610918,
        18.207335,
        14.844116,
        16.881535,
        14.836973,
        14.286493,
        17.952347,
        14.572438,
        17.835079,
        18.460758,
        17.528615,
        17.840839,
        25.376009,
        20.21612,
        17.415143,
        24.40347,
        23.137563,
        19.364769,
        25.975169,
        16.656405,
        15.08715,
        13.427427,
        13.578069,
        10.472571,
        12.400427,
        10.948152,
        10.445231,
        10.381812
    ],
    "capacityMultiplier": 0.5,
    "strictness": 1.3,
    "runTime": 856,
    "beta": 40
}