{
    "seed": 1,
    "scores": [
        240.75883292004693,
        257.28872174220555,
        240.75883292004693,
        221.92891416959174,
        221.92891416959176,
        221.92891416959176,
        240.75883292004693,
        240.75883292004693,
        205.64649744388862,
        240.75883292004693,
        285.6917293317691,
        240.75883292004693,
        221.92891416959176,
        240.75883292004693,
        285.69172933176907,
        176.9960177578696,
        285.6917293317691,
        314.34220901778815,
        257.28872174220555,
        240.75883292004693,
        240.75883292004693,
        240.75883292004693,
        240.75883292004693,
        257.28872174220555,
        240.75883292004693,
        240.75883292004693,
        285.69172933176907,
        285.6917293317691,
        285.6917293317691,
        285.6917293317691,
        250.57939385561076,
        240.75883292004693,
        240.7588329200469,
        240.75883292004693,
        240.75883292004693,
        176.9960177578696,
        176.9960177578696,
        158.88575761224874,
        176.9960177578696,
        108.6957115738995,
        81.87307530779817,
        95.1229424500714,
        95.1229424500714,
        95.1229424500714,
        95.1229424500714
    ],
    "index": 1,
    "threshold": 2,
    "weight2": 0,
    "weight1": 1,
    "heterogeneity": 0.7,
    "lambda": 50,
    "times": [
        47.627815,
        28.16328,
        19.463433,
        23.507986,
        14.52532,
        17.425343,
        14.145539,
        18.99652,
        14.523236,
        17.062724,
        18.297984,
        17.016357,
        14.683044,
        16.4295,
        17.857721,
        13.629234,
        20.957327,
        22.526451,
        18.0818,
        14.669299,
        17.406737,
        14.745431,
        14.427757,
        20.990077,
        14.172379,
        14.884661,
        18.45091,
        18.281202,
        22.288235,
        27.059546,
        25.597633,
        19.983425,
        14.000859,
        17.462051,
        17.747915,
        18.950855,
        13.142895,
        15.924416,
        16.227372,
        13.603646,
        11.855378,
        12.214199,
        11.822125,
        12.146011,
        11.885413
    ],
    "capacityMultiplier": 0.5,
    "strictness": 1.6,
    "runTime": 804,
    "beta": 40
}