{
    "seed": 1,
    "scores": [
        314.3422090177881,
        314.34220901778804,
        302.22161815392775,
        314.3422090177881,
        302.2216181539277,
        302.22161815392775,
        285.9392014282246,
        267.1092826777694,
        302.2216181539277,
        314.34220901778815,
        314.3422090177881,
        269.4093126060659,
        285.69172933176907,
        285.69172933176907,
        285.69172933176907,
        269.4093126060659,
        285.69172933176907,
        285.6917293317691,
        285.6917293317691,
        285.6917293317691,
        285.6917293317691,
        240.75883292004693,
        285.69172933176907,
        285.6917293317691,
        285.6917293317691,
        240.7588329200469,
        240.7588329200469,
        221.92891416959176,
        205.6464974438886,
        203.8186540239709,
        175.4156464344074,
        176.9960177578696,
        205.6464974438886,
        158.88575761224874,
        108.6957115738995,
        176.9960177578696,
        95.1229424500714,
        28.650479686019015,
        140.05583886179357,
        108.6957115738995,
        28.650479686019015,
        44.93289641172217,
        95.1229424500714,
        63.76281516217733,
        95.1229424500714
    ],
    "index": 1,
    "threshold": 2,
    "weight2": 0,
    "weight1": 1,
    "heterogeneity": 0.7,
    "lambda": 50,
    "times": [
        62.217926,
        45.105805,
        32.357946,
        32.176787,
        56.783096,
        29.52793,
        27.603757,
        31.142606,
        37.673544,
        22.8835,
        24.033328,
        28.616237,
        25.97286,
        30.263604,
        28.204148,
        27.499031,
        23.130882,
        30.974542,
        31.042098,
        25.708897,
        30.879364,
        27.534006,
        25.693869,
        31.254054,
        23.668707,
        22.360213,
        20.876953,
        19.733086,
        18.919677,
        22.564694,
        18.945785,
        15.005396,
        18.015548,
        15.929061,
        13.255257,
        13.440453,
        9.723301,
        10.033099,
        13.36932,
        10.879861,
        8.497722,
        8.570397,
        8.236163,
        8.38434,
        8.262452
    ],
    "capacityMultiplier": 0.5,
    "strictness": 0.5,
    "runTime": 1077,
    "beta": 40
}